0.9999999840010652,4.0613216800043016e-09,1.9419224497951084e-09,1.2134478307293306e-09,8.308575203190516e-10,6.39868916873096e-10,5.387514072960418e-10,4.672040461518604e-10,4.1668535837338866e-10,3.776532176091015e-10,3.433516039697298e-10,3.1460527168475534e-10,2.9064088334212786e-10,2.674580503238275e-10,2.4892289745783916e-10,2.3367328847165954e-10,2.210589953618348e-10,2.1036149584604137e-10,2.0117859988036685e-10,1.9322538910864395e-10,1.861967892812441e-10,1.7987322322967763e-10,1.7417227636950385e-10,1.6905069388472962e-10,1.6441450997548424e-10,1.6021207516551336e-10,1.563661089605179e-10,1.5281631543446824e-10,1.4953475747614755e-10,1.4651109219984182e-10,1.4370219886526809e-10,1.4108271984432103e-10,1.3862511074107106e-10,1.3629350777045232e-10,1.3398192935964658e-10,1.3176336821890864e-10,1.2967339931880534e-10,1.276652404891367e-10,1.2573529167484672e-10,1.2389820602195528e-10
8.262214116837758e-09,0.9999999082066219,6.123757959724916e-08,6.2426212481367145e-09,2.4549438949997732e-09,1.5225927651736507e-09,1.163484153090121e-09,9.403999811617217e-10,7.989213850858987e-10,6.970021241385963e-10,6.11204398339534e-10,5.429991762738552e-10,4.888462576670998e-10,4.380349777203766e-10,3.993758860194127e-10,3.6878244776731457e-10,3.4429363989822053e-10,3.24066574381357e-10,3.0708766938143344e-10,2.9266498503416703e-10,2.8011996391419543e-10,2.6898086887567583e-10,2.590604837389983e-10,2.5025303557172404e-10,2.423633415926047e-10,2.3528164139826327e-10,2.2885543973778465e-10,2.2296803852897334e-10,2.1756350686457509e-10,2.1261873333012264e-10,2.0805319062058852e-10,2.0381930762108168e-10,1.9986674979614767e-10,1.9613164589629043e-10,1.924299503129018e-10,1.8888887398828298e-10,1.8556863531025645e-10,1.8238824528872635e-10,1.7934115389444716e-10,1.7645158592950004e-10
4.1763577629319584e-09,7.764096497969783e-08,0.9999998903570516,9.723200974056924e-09,3.0673554075684977e-09,1.7980646716528525e-09,1.3457041665124692e-09,1.0714230070976807e-09,9.011376220629572e-10,7.800315821364492e-10,6.787818777547825e-10,5.991124589184949e-10,5.364633989736156e-10,4.779973944022794e-10,4.339659868842747e-10,3.9939073569458e-10,3.7189342054788016e-10,3.4929648764870385e-10,3.304088557274591e-10,3.1442339363035234e-10,3.005595655621123e-10,2.8827832007701757e-10,2.773646787754759e-10,2.6769628851538216e-10,2.590517346577938e-10,2.513063096573686e-10,2.4428845302797044e-10,2.378673224653434e-10,2.3198009047318706e-10,2.266005233081771e-10,2.2163886651373936e-10,2.170421414895195e-10,2.127544771660941e-10,2.087052175468925e-10,2.0469137556281787e-10,2.0085357864783813e-10,1.9725811850329963e-10,1.938157323686206e-10,1.9051921999783177e-10,1.8739516067533196e-10
9.458795963627786e-10,3.2231177903700916e-09,3.0506348633404376e-08,0.9999999291628748,1.0641549378874003e-08,4.281926293565907e-09,2.880003763813819e-09,2.1053460648506043e-09,1.6742605012417368e-09,1.3861011522696808e-09,1.1523222977776688e-09,9.786442816368391e-10,8.493040413535925e-10,7.321122669134071e-10,6.488413929760053e-10,5.862035480952089e-10,5.381077504336167e-10,4.996340754466364e-10,4.681840396384623e-10,4.420663574670871e-10,4.197483348683159e-10,4.002072966445086e-10,3.830308779847957e-10,3.679787211785703e-10,3.546469097300895e-10,3.4280792754088645e-10,3.321607180901932e-10,3.2248012143321684e-10,3.136573825522736e-10,3.0564604221099377e-10,2.982956109059281e-10,2.91517919855725e-10,2.852214309388616e-10,2.792917923050295e-10,2.7340291036023984e-10,2.677843448044895e-10,2.625420896113806e-10,2.575335867719557e-10,2.527477854493486e-10,2.482266086572223e-10
3.310760132636756e-10,8.541855759046631e-10,2.4322522955174343e-09,1.1646558517661115e-08,2.573098841352752e-07,0.8355854825474218,0.16441416414198287,3.001426373428125e-08,1.324829185753811e-08,7.713379167178493e-09,4.711211386484556e-09,3.248746934807828e-09,2.443020988219614e-09,1.8357936283370685e-09,1.4909466034636497e-09,1.2669441524196134e-09,1.112679396316065e-09,9.986232976912974e-10,9.109900438531576e-10,8.41804251549348e-10,7.849214891655606e-10,7.365842812825263e-10,6.952450322560481e-10,6.599707237271972e-10,6.294317684489036e-10,6.028809406293457e-10,5.794167372765858e-10,5.583907496808937e-10,5.394902864937655e-10,5.225728370910312e-10,5.072328241849902e-10,4.932368313500183e-10,4.803495546033442e-10,4.682859563951634e-10,4.5625306599567726e-10,4.448279923059943e-10,4.3426632433168496e-10,4.2422375605548415e-10,4.146755445430355e-10,4.057192800207814e-10
3.4763815359677107e-10,9.05536466359015e-10,2.6554956039662136e-09,1.4569869331623732e-08,0.9999994491484705,3.605853941173344e-07,1.0601063468635509e-07,2.072178615761794e-08,1.05366331722497e-08,6.537602050157351e-09,4.182373743087925e-09,2.9601851465988964e-09,2.26113878055629e-09,1.7227509011229816e-09,1.4103179605513994e-09,1.204726100487326e-09,1.0618571683667704e-09,9.555637364768213e-10,8.735051588746736e-10,8.084751231275909e-10,7.548580703505237e-10,7.091979937571265e-10,6.70072042551102e-10,6.366234107301761e-10,6.076188930747641e-10,5.823650175625858e-10,5.600202301506658e-10,5.399777295418305e-10,5.219445178125989e-10,5.057875728606057e-10,4.91125593422193e-10,4.777388331115e-10,4.6540539322461275e-10,4.5385594947359185e-10,4.423400007650858e-10,4.3140240388395726e-10,4.212850473571469e-10,4.1166198227193105e-10,4.0250962115807757e-10,3.939205537136193e-10
3.3096574186770707e-10,8.537470626783541e-10,2.4287006572401426e-09,1.161125061065251e-08,2.4867375190455375e-07,0.16441410011127994,0.8355855552028204,3.002449311437497e-08,1.3265164908909838e-08,7.723231350094988e-09,4.715466451251343e-09,3.2511063003003716e-09,2.4444412151596347e-09,1.8366377915509877e-09,1.491541415765557e-09,1.2674045730422788e-09,1.1130566448260178e-09,9.98943723741446e-10,9.112695149421885e-10,8.420531872725006e-10,7.851465404252056e-10,7.367897714449374e-10,6.954343418957841e-10,6.601466891031627e-10,6.295965081360486e-10,6.030361651885718e-10,5.795637308984838e-10,5.585305125093618e-10,5.39623633132616e-10,5.227005295526757e-10,5.073554438912028e-10,4.93354888726731e-10,4.804634756616852e-10,4.683960709615209e-10,4.563593423724326e-10,4.449306396532573e-10,4.343656592373996e-10,4.2431995655439706e-10,4.147687802591607e-10,4.058097586063852e-10
2.235516041991587e-10,5.351347467493279e-10,1.2280221608615832e-09,3.0323963966488594e-09,6.851892256152387e-09,1.4648267127620016e-08,8.886014012237766e-08,0.999999341152462,4.500809604864939e-07,4.2672825945416666e-08,1.2966151418003696e-08,6.8094031029971825e-09,4.447275068817595e-09,2.9585631594788235e-09,2.2549058425609906e-09,1.8415457937692627e-09,1.5754046549447852e-09,1.3872285467619377e-09,1.247388315829493e-09,1.1398509541764883e-09,1.0530719685055492e-09,9.80310625535635e-10,9.188583399886609e-10,8.670876624194496e-10,8.227408377549229e-10,7.84570957212991e-10,7.511023419689206e-10,7.212958476742342e-10,6.946619111636999e-10,6.709820009022785e-10,6.496202528986167e-10,6.302181219523956e-10,6.124162810511752e-10,5.957807937260395e-10,5.790983295134745e-10,5.632786116247459e-10,5.487187743968447e-10,5.348950464622537e-10,5.217746245677737e-10,5.09507608987157e-10
2.0912866292255275e-10,4.958706063968792e-10,1.1081901992864954e-09,2.588098790817908e-09,5.467677044111243e-09,1.0968131183370338e-08,4.3145783675947553e-08,5.09257252052922e-07,0.9999992970167595,7.277168003718824e-08,1.609579869782027e-08,7.861540970395775e-09,4.97542985559529e-09,3.223883588177096e-09,2.4270045568037357e-09,1.967660504023652e-09,1.6754936320243897e-09,1.4705062107576404e-09,1.3190329301289537e-09,1.2030639174991994e-09,1.1097591264537114e-09,1.0316817071094342e-09,9.658676604258644e-10,9.105391896836741e-10,8.632266931541136e-10,8.225723379363351e-10,7.869700154267149e-10,7.5529270038417e-10,7.270135856535714e-10,7.018994326271625e-10,6.792624206795833e-10,6.587166629863828e-10,6.39875288116712e-10,6.22270781579428e-10,6.045927954724461e-10,5.878304240956965e-10,5.724148339728459e-10,5.5778091841869e-10,5.438946413941434e-10,5.309187627820282e-10
1.6109196946050238e-10,3.717369007065848e-10,7.655082164628407e-10,1.5337361977183579e-09,2.7522977405294435e-09,4.729432601259228e-09,1.0257460984889497e-08,2.5170623766703254e-08,1.4851088799722773e-07,0.9999997044049713,4.3320263478859735e-08,1.4535569058476334e-08,7.986824639404149e-09,4.58070805099303e-09,3.2744007154871074e-09,2.5775546481164157e-09,2.1553084606144333e-09,1.8676950983082847e-09,1.659672677579692e-09,1.5030574558069394e-09,1.3783790511194405e-09,1.2747215323803496e-09,1.1879351313969471e-09,1.1155557591749338e-09,1.0540597041601507e-09,1.0015569566683019e-09,9.557893792044524e-10,9.151993861045801e-10,8.790847206146621e-10,8.471536668538165e-10,8.184592183535534e-10,7.924829005376447e-10,7.687035046012823e-10,7.464858889941544e-10,7.240178614307186e-10,7.027114488903337e-10,6.83177857025434e-10,6.646405489896002e-10,6.470617309754744e-10,6.306715687585037e-10
1.0096716279472925e-10,2.3184670875023394e-10,4.4137204165069463e-10,7.761692059054506e-10,1.238197784280051e-09,1.910699366299418e-09,3.2243632839702754e-09,5.709942851783066e-09,1.2666504776642778e-08,6.209314158894061e-08,0.999999554505016,2.528496896268804e-07,3.955244620906272e-08,1.1585420128791225e-08,6.934541494812553e-09,5.003029998810851e-09,3.982977890399023e-09,3.3390778104611647e-09,2.897427539338821e-09,2.5782794756840177e-09,2.3300048207455987e-09,2.1259908637461923e-09,1.9576482631073667e-09,1.8199687550782976e-09,1.704773301526931e-09,1.6079831513811406e-09,1.5245004544356704e-09,1.4509707042108622e-09,1.3860387091107905e-09,1.329267025436754e-09,1.278610080347503e-09,1.2330223364464482e-09,1.191441875029976e-09,1.152540270447293e-09,1.112334983977717e-09,1.07418108267637e-09,1.0394994450705538e-09,1.0066099746252633e-09,9.754777342038337e-10,9.466290861323635e-10
8.827617742407955e-11,2.0433859068465177e-10,3.8421864716456075e-10,6.612219811259085e-10,1.0347983279700115e-09,1.5671799009872776e-09,2.549188675560574e-09,4.305787802991362e-09,8.62118016781425e-09,2.7500735537120867e-08,2.5085776629439494e-07,0.9999995055917067,1.1477601948280868e-07,1.6753013611877872e-08,9.196692067037659e-09,6.399216441676836e-09,5.0007217296867224e-09,4.141465572798703e-09,3.5628160422935142e-09,3.1505899167527144e-09,2.8319922560338456e-09,2.5707029412546838e-09,2.3560117596589985e-09,2.181680560332381e-09,2.0366160550317615e-09,1.915460878286611e-09,1.8113456294127883e-09,1.7198333272704657e-09,1.639227298968784e-09,1.5690574647920043e-09,1.5066032414521756e-09,1.450514614709149e-09,1.3994115388363009e-09,1.3515482016071482e-09,1.3015923263676585e-09,1.254169612329402e-09,1.2112201423726819e-09,1.170505090469697e-09,1.1320000859775307e-09,1.0964161374022107e-09
4.499983404347956e-11,1.1574027183393141e-10,2.1375790547001611e-10,3.479205410136268e-10,5.165346799828944e-10,7.399282418481812e-10,1.0864577323175204e-09,1.6109798967680777e-09,2.5387254230541968e-09,4.454111253436599e-09,8.57960451404957e-09,2.188302862552672e-08,0.9999972282560633,2.0180151597341425e-06,2.598164683486398e-07,1.0121685546755607e-07,6.411294092791565e-08,4.5242976998830836e-08,3.452184111897933e-08,2.8052081023299813e-08,2.3092362819216546e-08,1.8909575097159757e-08,1.573006547685972e-08,1.3484555372589296e-08,1.1798667576749295e-08,1.0533230954975472e-08,9.51273771948038e-09,8.648938281896559e-09,7.923528398463749e-09,7.336259280384923e-09,6.835469360125181e-09,6.401460140091321e-09,6.014432767727327e-09,5.649910264140974e-09,5.231702859157713e-09,4.8454970540730946e-09,4.518528085484718e-09,4.21823621788422e-09,3.944555861489644e-09,3.7044653152017664e-09
4.4011207247567296e-11,1.1381671963719223e-10,2.1029504708590162e-10,3.4202650322282406e-10,5.073633356607228e-10,7.260921796584012e-10,1.0642569974235759e-09,1.5746088393111256e-09,2.4725890843990173e-09,4.3107013906913375e-09,8.231095263388275e-09,2.0622631493835707e-08,2.0498183944249855e-06,0.9999966946909999,6.123489789789197e-07,1.592000384313251e-07,9.281309470799582e-08,6.190113729322595e-08,4.5495491102658467e-08,3.610418786788046e-08,2.9021778912462813e-08,2.3149248116913937e-08,1.8831876738206065e-08,1.5885798965628663e-08,1.3726923802781448e-08,1.2139706658036711e-08,1.0877105762670657e-08,9.819059770408311e-09,8.939366531598595e-09,8.235108132662411e-09,7.639088586289078e-09,7.1258305446272594e-09,6.670363146790428e-09,6.242545961217493e-09,5.750487260488718e-09,5.299240228780052e-09,4.92056604220771e-09,4.5748940978613756e-09,4.261767010179949e-09,3.988846200588937e-09
4.084485173781342e-11,1.0763856620219213e-10,1.9914506455995e-10,3.2298748281990625e-10,4.775461157839959e-10,6.806870162231214e-10,9.906579234782922e-10,1.4522932736174573e-09,2.246266164375657e-09,3.809842462858857e-09,6.966277056891742e-09,1.5774455463880484e-08,1.0815445251913867e-07,3.417776963033034e-07,0.999989718446173,6.9355682773103285e-06,1.6655808260382904e-06,4.3780487920205545e-07,2.1280495099491088e-07,1.3756186165598869e-07,9.011251234815039e-08,5.847425965193593e-08,4.091896654129085e-08,3.1371302674692335e-08,2.531427613250163e-08,2.132981615369512e-08,1.837862098408117e-08,1.6028438211781746e-08,1.41693508063394e-08,1.2756270922051969e-08,1.160118334877367e-08,1.06348455198892e-08,9.795888488876116e-09,9.01811959910788e-09,8.119417860950981e-09,7.321428806688067e-09,6.676763267749022e-09,6.10369346175718e-09,5.597876096927871e-09,5.168590651593939e-09
4.0547997708011764e-11,1.0705858976973748e-10,1.9809750193566113e-10,3.211968442018288e-10,4.747327032206411e-10,6.763818542949541e-10,9.836492529963257e-10,1.440577952397713e-09,2.224485862349784e-09,3.761660082500707e-09,6.84498264061726e-09,1.5326856560823472e-08,9.529116857861642e-08,2.7343360021953174e-07,5.922047637949803e-06,0.9999639637759253,2.806715143247714e-05,7.301430937917012e-07,2.8911634504315253e-07,1.7462446559979783e-07,1.0784758275144498e-07,6.660071381691511e-08,4.5236006515010045e-08,3.411421556011245e-08,2.7230946305144556e-08,2.27805355868194e-08,1.9519381993401574e-08,1.69419623391334e-08,1.491745893038252e-08,1.3389269028372536e-08,1.2145829597344876e-08,1.1109506373451092e-08,1.021237985183484e-08,9.382230036828344e-09,8.423060277448657e-09,7.574960394984973e-09,6.892994278217022e-09,6.28875457652429e-09,5.757096503862035e-09,5.307284705607171e-09
4.0460554242533664e-11,1.0688691291562692e-10,1.977858016176925e-10,3.2066093531020683e-10,4.738848936963536e-10,6.750739276330731e-10,9.81499613598473e-10,1.4369423341539239e-09,2.2176285619357227e-09,3.746213802031456e-09,6.8051271927475984e-09,1.5175091947025995e-08,9.11621720738762e-08,2.513057694308584e-07,2.8276973150179217e-06,2.7784127729917138e-05,0.9999672251178302,8.265054694048962e-07,3.1199452446970643e-07,1.8571076950562337e-07,1.1302225409072046e-07,6.889811563793485e-08,4.6438214754277536e-08,3.487536294402841e-08,2.7762663363328073e-08,2.3183646807536993e-08,1.9836903251010498e-08,1.7196548931586747e-08,1.5126184427896046e-08,1.3566139482743641e-08,1.229822127805202e-08,1.124247870058699e-08,1.0329172378821936e-08,9.484390870445589e-09,8.508185015326676e-09,7.645977948694201e-09,6.953537525786281e-09,6.34054870153615e-09,5.801641632580106e-09,5.346079057788073e-09
3.8685386175235605e-11,1.0339547685150993e-10,1.9143746077657814e-10,3.0973016938127175e-10,4.5654907272737116e-10,6.482444452154823e-10,9.372974706286301e-10,1.362009518322638e-09,2.07629194080746e-09,3.4300087689915323e-09,6.0032267609458895e-09,1.2295939063769483e-08,4.3925750418324524e-08,7.93205451170618e-08,1.6257182173146535e-07,3.0509364252143927e-07,1.1167892836386212e-06,0.9999595479026125,3.517782646865606e-05,2.5079898374501534e-06,4.5912181310905264e-07,1.5949905919162097e-07,8.456642563582348e-08,5.6865876311803146e-08,4.2316574480227716e-08,3.3876102777699884e-08,2.8061539003099633e-08,2.3654843180041484e-08,2.0330348754997132e-08,1.7923025619065487e-08,1.601441592941164e-08,1.4456787012198985e-08,1.3129128576189342e-08,1.1911470677035892e-08,1.0499963734556671e-08,9.28418186060608e-09,8.334684183374727e-09,7.51006571313347e-09,6.798221403243985e-09,6.2073060846488825e-09
3.861544488851802e-11,1.032576477590876e-10,1.911864593337239e-10,3.0929732679455126e-10,4.5586090078948097e-10,6.471761720081971e-10,9.355337774331426e-10,1.3590143699111627e-09,2.0706483429320924e-09,3.4174896911487872e-09,5.972107844875422e-09,1.2191079062948527e-08,4.288179871963758e-08,7.671680917845242e-08,1.5464350687805902e-07,2.864451717678049e-07,9.84598675977448e-07,3.6621284475524226e-05,0.9999572673128198,3.454033683402958e-06,4.996073770310191e-07,1.6593907973266903e-07,8.678091419490699e-08,5.804244105482157e-08,4.306011589642513e-08,3.4408467080881766e-08,2.846311636864987e-08,2.3964619696381915e-08,2.0576300482864934e-08,1.812687016722375e-08,1.6186822314362624e-08,1.4604811247245594e-08,1.3257155452629336e-08,1.2021549758853006e-08,1.0589010832949052e-08,9.356438932553741e-09,8.394969321171964e-09,7.560622969873188e-09,6.840929210795578e-09,6.243946733594381e-09
3.8059470243909054e-11,1.0215905966025393e-10,1.8918059048527756e-10,3.058287557171133e-10,4.503280635051847e-10,6.385555245336176e-10,9.212490601560781e-10,1.3346599859888238e-09,2.0246059569427457e-09,3.3152207099148857e-09,5.71822413623017e-09,1.1347963687848313e-08,3.539190822397552e-08,5.894394501189859e-08,1.0527276115276389e-07,1.7501423318451502e-07,4.0052453421996077e-07,1.1882270592716826e-06,5.80002881956398e-06,0.9999906273076403,8.963259964823275e-07,2.1614630000354214e-07,1.0351587991084856e-07,6.697678898394787e-08,4.874353540093631e-08,3.8508154173268966e-08,3.157189799584224e-08,2.6369948044844747e-08,2.2490054960348663e-08,1.9716885561601184e-08,1.7534294272852008e-08,1.5763512942733133e-08,1.4260330308684168e-08,1.2884150274644327e-08,1.1284893885902272e-08,9.91967276202036e-09,8.864105638770218e-09,7.953447625313516e-09,7.172299423596846e-09,6.527947820564431e-09
3.6087228661461e-11,9.82645051037554e-11,1.8208057836842704e-10,2.935769273937456e-10,4.308130739023781e-10,6.081978758157206e-10,8.711542200002783e-10,1.2497944945424495e-09,1.8661970950890506e-09,2.9725646841500525e-09,4.9059845186328135e-09,8.91363590765582e-09,2.0786720279884038e-08,3.0146948436197796e-08,4.4534842905799204e-08,6.352960785829497e-08,1.0138983776694221e-07,1.739433578139957e-07,3.5031446128335555e-07,2.0107749565275326e-06,0.9999957754503017,6.569630011598238e-07,2.051497165664258e-07,1.1663663905498683e-07,7.884730034788885e-08,5.973103314946265e-08,4.7328306687485474e-08,3.827986323756516e-08,3.1769398980827253e-08,2.732248553881205e-08,2.390384844368912e-08,2.1181628328934622e-08,1.8899992170862223e-08,1.6820975825982078e-08,1.4381890838693978e-08,1.2369305379156415e-08,1.0869492088571722e-08,9.606459380634161e-09,8.547376991592993e-09,7.693029772685561e-09
3.24613208924828e-11,9.114464418231897e-11,1.6920175720677025e-10,2.7156030991795446e-10,3.9603928392791264e-10,5.546112166858625e-10,7.841113238340538e-10,1.1054590623636847e-09,1.6062611137827658e-09,2.4451721549816365e-09,3.774730902738745e-09,6.110527245561576e-09,1.0957642945198207e-08,1.4445559718596242e-08,1.9175044008801832e-08,2.517786276468166e-08,3.490657998153935e-08,5.050952934118912e-08,7.97799887086624e-08,1.6240536540446546e-07,5.89482530210441e-07,0.9999806630992542,1.536887997134477e-05,1.3790547648242025e-06,5.066534768040261e-07,2.9991045218222436e-07,1.9347409451382252e-07,1.2912391433158173e-07,9.257663689243845e-08,7.277450629954527e-08,5.919353813900255e-08,4.930405337981922e-08,4.152955429277453e-08,3.473069127053965e-08,2.6946723209248972e-08,2.140090283321373e-08,1.7778285483721505e-08,1.497754839650298e-08,1.2797940977311727e-08,1.1154113921685627e-08
3.223710289501591e-11,9.070604997551766e-11,1.6841262914803948e-10,2.7021990006675517e-10,3.939344477815313e-10,5.513886704104128e-10,7.789330984756786e-10,1.0969968981692138e-09,1.5913838274461912e-09,2.41623038126683e-09,3.7164661286117353e-09,5.981539849660425e-09,1.0609843855445417e-08,1.3935652357645495e-08,1.8425107337465873e-08,2.4113173683050255e-08,3.3259317994534264e-08,4.781932053909618e-08,7.480432242585243e-08,1.485491857660113e-07,4.925584441100554e-07,1.5951996921250392e-05,0.9999790116117558,2.2459327611244343e-06,6.675021252173311e-07,3.7230606221561095e-07,2.295500267671395e-07,1.4755347418822025e-07,1.032249943802436e-07,8.008342153275413e-08,6.448966847928149e-08,5.3283015395286284e-08,4.455748538527064e-08,3.69824360635002e-08,2.837327361686817e-08,2.2344919317310083e-08,1.8460412868465002e-08,1.548287305559383e-08,1.3181995592183349e-08,1.145707659485255e-08
3.1163108560497056e-11,8.86043956225544e-11,1.646316859420637e-10,2.6380006301907634e-10,3.8385409242059977e-10,5.359578912403996e-10,7.541721376112433e-10,1.0566282349574657e-09,1.5207674528731098e-09,2.2802106163206297e-09,3.446677366094902e-09,5.399350628388794e-09,9.118499110523476e-09,1.1771602653733325e-08,1.527267276342662e-08,1.9651959553308738e-08,2.6414185479588725e-08,3.6729712493454025e-08,5.456950473426118e-08,9.582032554068482e-08,2.1874491775764012e-07,6.47959554845354e-07,2.3533852076030485e-06,0.999984278533296,8.272516028723094e-06,2.1129298186384516e-06,7.401935061450492e-07,3.301278632440881e-07,1.9123786457811734e-07,1.3599698279738619e-07,1.027840967717914e-07,8.080213942936117e-08,6.466514541159152e-08,5.1283299096614195e-08,3.6817076473205646e-08,2.7664284246781342e-08,2.219189252392343e-08,1.818393400496499e-08,1.5198071657255415e-08,1.302671966447402e-08
3.0753217345401976e-11,8.780203401406911e-11,1.6318855200272975e-10,2.6135119294809684e-10,3.8001003931169436e-10,5.300759652103397e-10,7.447512703632319e-10,1.0413161790262306e-09,1.4941459774874607e-09,2.2295382654650117e-09,3.347961751722786e-09,5.192585971685918e-09,8.618377101903836e-09,1.105544997167664e-08,1.4242853601100038e-08,1.820550516734359e-08,2.422815807999091e-08,3.325537651475896e-08,4.84359651277236e-08,8.146868825777961e-08,1.678105260218972e-07,3.981380432339282e-07,9.85202190943137e-07,6.124232485060235e-06,0.9999457162573111,4.3273481191666717e-05,1.6446350036483695e-06,5.039633593588959e-07,2.555868441949996e-07,1.7310408802863275e-07,1.2650232089429024e-07,9.694600289706392e-08,7.589073020526052e-08,5.884595353127263e-08,4.090659083505665e-08,3.009076638679275e-08,2.3835794001756458e-08,1.9342417847301688e-08,1.6045181652048346e-08,1.367664623705007e-08
3.0704085900372307e-11,8.770572733600826e-11,1.6301512428530943e-10,2.610565706177944e-10,3.7954696078714047e-10,5.293664372874118e-10,7.436137592006725e-10,1.0394659563196263e-09,1.490929437531195e-09,2.223425475466749e-09,3.336088154297011e-09,5.167869158791907e-09,8.55940867597696e-09,1.0971035132994976e-08,1.4121450656940363e-08,1.8034590664322713e-08,2.3969609565863957e-08,3.284406540636172e-08,4.771115675325951e-08,7.980625062144859e-08,1.6231582038808767e-07,3.755000642603368e-07,8.934038264458917e-07,4.420796166326727e-06,4.265717134074817e-05,0.999947953986004,1.8042948650910575e-06,5.281326591844073e-07,2.6386224912583954e-07,1.77838049308827e-07,1.2950791111319734e-07,9.89787201399205e-08,7.729218316441672e-08,5.97781463024659e-08,4.13976880905768e-08,3.037766706083822e-08,2.4028788317199636e-08,1.9477755749268602e-08,1.6143812550672496e-08,1.3752181130616469e-08
2.952095450067236e-11,8.538810190131007e-11,1.5884662716894892e-10,2.539860250003512e-10,3.6844932078641966e-10,5.123913289379977e-10,7.164818183698956e-10,9.95520847222796e-10,1.4150683885710499e-09,2.0809568738872693e-09,3.0638818480273212e-09,4.615497538316268e-09,7.298539966359256e-09,9.190622679389693e-09,1.1598528354642268e-08,1.4528981035464351e-08,1.8774975178212006e-08,2.480306550065317e-08,3.413456617735032e-08,5.1409111311638476e-08,8.494687627585969e-08,1.41652550591164e-07,2.2835974692347557e-07,4.126836561488871e-07,8.204706149543659e-07,3.874448859486534e-06,0.9999900002467698,2.374704652502563e-06,6.599747813718594e-07,3.8632744009080815e-07,2.5236401980105265e-07,1.7686884698871857e-07,1.2777366075212153e-07,9.109375506077162e-08,5.6182898751184725e-08,3.849015422232603e-08,2.9311759236760278e-08,2.309606237480744e-08,1.8735123269813238e-08,1.571302382370217e-08
2.7973219334125558e-11,8.236370339370668e-11,1.5342676803940968e-10,2.4483441260829297e-10,3.5414603976038485e-10,4.906197093010749e-10,6.819616107662233e-10,9.402055755624413e-10,1.3211779963696347e-09,1.9093604043816475e-09,2.7478844995488222e-09,4.008335828907201e-09,6.031306853790739e-09,7.452658621521042e-09,9.212614164710785e-09,1.1309270693025186e-08,1.420885802780399e-08,1.8123517376726995e-08,2.3761068974091336e-08,3.296529215120973e-08,4.7867492129786556e-08,6.877948695922838e-08,9.68042030856238e-08,1.4406927810967798e-07,2.2775963874539781e-07,4.599284855239224e-07,1.5881921868811994e-06,0.9999575491337845,2.374071946440974e-05,1.2212870547018225e-05,2.0683131909948723e-06,8.008244411775278e-07,3.9398280343020135e-07,2.0692892728562233e-07,9.22136488119802e-08,5.480487090673423e-08,3.901998761503671e-08,2.9340099830927805e-08,2.300976505182426e-08,1.8850908398988423e-08
2.790444047878219e-11,8.222952327100465e-11,1.5318687074795871e-10,2.4443049944604315e-10,3.535164612911249e-10,4.896643896563887e-10,6.804543948330368e-10,9.37806193088366e-10,1.3171463759988004e-09,1.902109049109848e-09,2.7348125282719447e-09,3.983978963284179e-09,5.982870167309218e-09,7.387281618566806e-09,9.124389878973303e-09,1.119209600638081e-08,1.4046489111502801e-08,1.789282730980974e-08,2.3417335062031103e-08,3.239764747391702e-08,4.685438197423784e-08,6.703841531622828e-08,9.399697724557709e-08,1.3918097909693968e-07,2.186495002273593e-07,4.347894624515992e-07,1.424701143475294e-06,2.3225596464798026e-05,0.9999291208882591,4.055977613585575e-05,2.710323501588479e-06,9.165449284666625e-07,4.2734930647279383e-07,2.1759278198025949e-07,9.460379211433786e-08,5.5750328142293506e-08,3.9550123371217843e-08,2.9667670265326958e-08,2.3227813802054142e-08,1.9008044916726866e-08
2.7866850335724377e-11,8.215603042293853e-11,1.530552036080014e-10,2.4420834180352244e-10,3.531694350680196e-10,4.891366014315954e-10,6.796197769247735e-10,9.364743805171348e-10,1.3149032283700429e-09,1.8980653234165526e-09,2.727506484890691e-09,3.970337121242004e-09,5.955698636509419e-09,7.350456234362406e-09,9.074463509117623e-09,1.1125419562549906e-08,1.3953530828078694e-08,1.775981861646112e-08,2.3217533588175632e-08,3.206472768110243e-08,4.62540105760072e-08,6.599142707410171e-08,9.227073610947758e-08,1.360778552229936e-07,2.1257750341931284e-07,4.1677493129066977e-07,1.294646593434043e-06,1.3554556120046151e-05,4.2908578460013434e-05,0.9999362714634475,2.972391840196764e-06,9.661848845141818e-07,4.420515900612867e-07,2.223534285806902e-07,9.56744253705387e-08,5.6180585053768985e-08,3.979541320552908e-08,2.982128182563486e-08,2.333121069935247e-08,1.908326776688396e-08
2.7073609852087256e-11,8.060609060761922e-11,1.5028106251986541e-10,2.395336034824465e-10,3.4587568203015934e-10,4.780593609421042e-10,6.621440580758528e-10,9.08675900526551e-10,1.2683138197347418e-09,1.8147306758767837e-09,2.578468954385038e-09,3.6960151698600663e-09,5.420954842363012e-09,6.630859653241808e-09,8.106287134796609e-09,9.841721268307022e-09,1.2182122696684982e-08,1.5257388875278846e-08,1.9523954764944845e-08,2.608633353191921e-08,3.591684914231683e-08,4.874066957040448e-08,6.49345330981559e-08,8.959203094886592e-08,1.2799652393423512e-07,2.0641565178665257e-07,3.851074694459234e-07,7.690439679002908e-07,1.4490212562782474e-06,7.663647322532429e-06,0.999981567275891,5.714726074968886e-06,1.0841330483445617e-06,3.662554193980631e-07,1.2099651415274566e-07,6.575740584040002e-08,4.5159980780170194e-08,3.31456506408685e-08,2.555404227253002e-08,2.0694889519753672e-08
2.643391906659262e-11,7.935744421639122e-11,1.4804993581353445e-10,2.357820611649393e-10,3.4003439280834324e-10,4.692095643665991e-10,6.482390927933393e-10,8.866779062950626e-10,1.2317577028307527e-09,1.7502089877178237e-09,2.465067761952966e-09,3.4922602288254545e-09,5.037675068908664e-09,6.121132992683236e-09,7.429129599609563e-09,8.954667901517674e-09,1.0978784214296028e-08,1.3593019165162939e-08,1.713687393120603e-08,2.239692700241541e-08,2.994095036097369e-08,3.94159788645436e-08,5.102424642457071e-08,6.780922530498004e-08,9.240193574131532e-08,1.3676413000604127e-07,2.1967292751807194e-07,3.60831499333805e-07,5.887931965210316e-07,1.398352129303965e-06,8.41141413365163e-06,0.9999847025395806,2.8722447863686464e-06,5.720649741649637e-07,1.4412929187770952e-07,7.378208075335366e-08,4.95786429217434e-08,3.5857206763202124e-08,2.7356973295209332e-08,2.1999903037787735e-08
2.5321488294432314e-11,7.719078601599135e-11,1.4419007743483839e-10,2.2931518858222e-10,3.3000029582986375e-10,4.5406809946886586e-10,6.245912736781159e-10,8.495538021149422e-10,1.1707609054456026e-09,1.6443529295721587e-09,2.282919578702758e-09,3.17412410714779e-09,4.4626614718920095e-09,5.367201982652499e-09,6.442691984030988e-09,7.681315103949537e-09,9.285216797737198e-09,1.1305468861973878e-08,1.3955410187614603e-08,1.770056625021867e-08,2.2778637976628785e-08,2.8881670617906996e-08,3.611488100991648e-08,4.597697968688804e-08,5.9511380165068574e-08,8.109663153265848e-08,1.1542275961350622e-07,1.6601603536550723e-07,2.418117854235585e-07,4.2182165144201033e-07,9.514525265979465e-07,5.386535955470259e-06,0.9999904711237284,1.4512066098799649e-06,1.9020971998815302e-07,8.864551675833309e-08,5.7710829353768374e-08,4.081899842073266e-08,3.0640933749920115e-08,2.4373568345331248e-08
2.319658085138192e-11,7.307470074185594e-11,1.3690774029509587e-10,2.172111903412817e-10,3.113650101901976e-10,4.2619049402856393e-10,5.815840952742594e-10,7.830601208748747e-10,1.0638243416637107e-09,1.4643615457103108e-09,1.9845001349491836e-09,2.6770049671976583e-09,3.618931813489175e-09,4.286402361194697e-09,5.06290045637745e-09,5.9419440873183955e-09,7.041591807978228e-09,8.380959125866688e-09,1.0063964404639856e-08,1.2300470169488128e-08,1.5146228027686713e-08,1.8429366060340338e-08,2.221555446628916e-08,2.709225028424177e-08,3.340537173272185e-08,4.2456591577530145e-08,5.529428639058846e-08,7.278563475502347e-08,9.77733214295568e-08,1.4472195799512948e-07,2.4428783279047936e-07,5.318924552821648e-07,3.2326123679241513e-06,0.9999947538952743,3.176873592929047e-07,1.2497011175316324e-07,7.738311909388233e-08,5.260685991057411e-08,3.831162077410326e-08,2.986311333268589e-08
1.555214931379663e-11,5.855095163174783e-11,1.118003750092442e-10,1.7654410170975152e-10,2.502855299404528e-10,3.372363651012542e-10,4.4919201710250954e-10,5.868901027250086e-10,7.655857465890676e-10,9.985061323794126e-10,1.2744767856113088e-09,1.605115650580725e-09,2.002769275529138e-09,2.3036505608745404e-09,2.640979494036799e-09,3.0134178758110033e-09,3.4519884630984097e-09,3.959248558798423e-09,4.557029393505112e-09,5.283577432254196e-09,6.141279183914622e-09,7.105287497041949e-09,8.204474381462238e-09,9.541427723785378e-09,1.1182666574102978e-08,1.3308069529432171e-08,1.6068251603187523e-08,1.965675034285159e-08,2.4552782282873775e-08,3.211913911037034e-08,4.4729437816110885e-08,6.960293438722405e-08,1.3677659609959757e-07,6.135890456967729e-07,0.9999659987072154,2.937625636370111e-05,2.756816799117472e-06,4.917932422050268e-07,2.0560549560854263e-07,1.2284780400799244e-07
1.5401009679610768e-11,5.826811159500926e-11,1.1132018866301743e-10,1.7578177860858355e-10,2.4916223504852037e-10,3.356337706976118e-10,4.4687136367405456e-10,5.835604356690273e-10,7.607322605830006e-10,9.913304154382647e-10,1.264182091683806e-09,1.5906087812572133e-09,1.982578935089665e-09,2.2795681383517246e-09,2.6123842509361825e-09,2.9797364785060046e-09,3.411988828958471e-09,3.911636892760814e-09,4.500008530252039e-09,5.214395238438204e-09,6.057101956573678e-09,7.004087340526748e-09,8.08374005229358e-09,9.396059421269998e-09,1.1006019910310399e-08,1.3088539960457595e-08,1.579025724485693e-08,1.9300000719998623e-08,2.4083603285507475e-08,3.145800730008952e-08,4.370769878740716e-08,6.772990718926531e-08,1.3178667302483677e-07,5.593489176722186e-07,3.076347773588005e-05,0.9999625330673333,4.80917015900717e-06,5.604566939402558e-07,2.2118080122271704e-07,1.2974136393958365e-07
1.4703866907407016e-11,5.696440499881523e-11,1.0910909086615128e-10,1.7227571247848547e-10,2.440013741650583e-10,3.2827911776226477e-10,4.362396131883908e-10,5.683372069651779e-10,7.386037907241937e-10,9.587336954428325e-10,1.2175931974543582e-09,1.5252208020679384e-09,1.891966460693784e-09,2.1715383769882564e-09,2.484149721460387e-09,2.828691882691864e-09,3.2326314619520616e-09,3.698154687697987e-09,4.244343954034572e-09,4.904270348725653e-09,5.679761229150415e-09,6.5500294391055104e-09,7.541039048986498e-09,8.74111376198675e-09,1.0207750689972769e-08,1.2093064858360532e-08,1.45240622620327e-08,1.7664721326280532e-08,2.1913909278297665e-08,2.836860245840851e-08,3.8870602923574725e-08,5.8727403823980694e-08,1.076270345934414e-07,3.3817478872979355e-07,1.4325872568226433e-06,6.5919422823079086e-06,0.9999898404453867,9.61532478475836e-07,2.994134147947673e-07,1.637794710276083e-07
1.1458039439180889e-11,5.0937828229393566e-11,9.897412860701648e-11,1.5635221033249663e-10,2.2076101006952106e-10,2.9545476022013153e-10,3.893381326408949e-10,5.020586386553633e-10,6.438322376151252e-10,8.219194086209338e-10,1.0260385135691269e-09,1.2621163605470465e-09,1.535608298907083e-09,1.7498348553657424e-09,1.9872013001861242e-09,2.247170230902564e-09,2.547395206448227e-09,2.8891100088101826e-09,3.2840440088597196e-09,3.7517899076914375e-09,4.292941063246021e-09,4.896428351504656e-09,5.57934056170487e-09,6.392837670524937e-09,7.370128403725279e-09,8.59336731025709e-09,1.0129159171412857e-08,1.2062945005396764e-08,1.45921074131642e-08,1.8203733103328116e-08,2.3604362173264888e-08,3.249311426408046e-08,4.9320248752228984e-08,8.837774763645904e-08,1.527070557760716e-07,2.7807313764162105e-07,9.643712599480885e-07,0.9999866772947191,1.0372126007272438e-05,1.239554886639573e-06
1.0984693064713845e-11,5.0065047867108593e-11,9.75182326665903e-11,1.540848141981986e-10,2.174785686994163e-10,2.908579975662977e-10,3.828417792224793e-10,4.929914396777099e-10,6.310646767560089e-10,8.038304439398695e-10,1.0011915477577135e-09,1.2286597067992068e-09,1.4912271743361466e-09,1.697681860612659e-09,1.926160885016959e-09,2.176185877871879e-09,2.4643580347273224e-09,2.7918210653338646e-09,3.1695407977506143e-09,3.6157517921997305e-09,4.13096157663266e-09,4.705007928707789e-09,5.3539829557877e-09,6.125327868137207e-09,7.049805276670767e-09,8.20287054002693e-09,9.645407613975325e-09,1.1455371186514607e-08,1.3811700724380975e-08,1.715019583104415e-08,2.209100543968257e-08,3.009345413901495e-08,4.4833161835892224e-08,7.727201339942304e-08,1.2837873638688366e-07,2.239106454450216e-07,6.449188100171485e-07,9.898546992843097e-06,0.9999857953466297,3.016476162347389e-06
9.38337485559081e-12,4.712191599095053e-11,9.262776512249352e-11,1.4650051128514245e-10,2.0654074285823136e-10,2.756013065456183e-10,3.6139261368147064e-10,4.6322836172463223e-10,5.894580115245761e-10,7.453959778678694e-10,9.216088195479291e-10,1.1224330376798865e-09,1.3515841963949377e-09,1.5339868761345182e-09,1.7350211339430804e-09,1.9543472239950615e-09,2.2054665769603113e-09,2.4892327401469895e-09,2.814372461257369e-09,3.1951694004053574e-09,3.631808071166507e-09,4.116582747292213e-09,4.662464094824317e-09,5.306053698880591e-09,6.0707535836102726e-09,7.0126559095813794e-09,8.175762973195046e-09,9.615649123299978e-09,1.145771457438927e-08,1.399507508694764e-08,1.7614151479486204e-08,2.3160410916852472e-08,3.2506411005179946e-08,5.007234770908746e-08,7.437268881504662e-08,1.1330094871114366e-07,2.14000053215241e-07,4.916032976728747e-07,1.3834766112973837e-06,0.3948915559498374
