-0.14617,-0.25695,0.04498,-0.14612,0.07545,1.0,0.00000
-0.14617,-0.25695,-0.01244,-0.14613,0.08396,0.9990842490842491,0.00000
-0.14617,-0.25695,0.04498,-0.14613,0.05148,0.9981684981684982,0.00000
-0.14617,-0.25695,-0.01244,-0.14613,-0.08703,0.9972527472527473,0.00000
-0.14617,-0.25695,-0.01244,-0.14612,0.01089,0.9963369963369964,0.00000
-0.14617,-0.25695,-0.00561,-0.14613,0.04748,0.9954212454212454,0.00000
-0.14617,-0.25695,0.00618,-0.14613,-0.02424,0.9945054945054945,0.00000
-0.14617,-0.25695,-0.05789,-0.14612,-0.00441,0.9935897435897436,0.00000
-0.14617,-0.25695,0.04498,-0.14613,0.01312,0.9926739926739927,0.00000
-0.14617,-0.25695,-0.01244,-0.14613,-0.07106,0.9917582417582418,0.00000
-0.14617,-0.25695,0.04498,-0.14613,-0.01736,0.9908424908424909,0.00000
-0.14617,-0.25695,-0.00561,-0.14613,-0.00803,0.98992673992674,0.00000
-0.14617,-0.25695,0.04498,-0.14613,-0.10907,0.989010989010989,0.00000
-0.14617,-0.25695,-0.00561,-0.14613,-0.12156,0.9880952380952381,0.00000
-0.14617,-0.25695,0.00618,-0.14613,-0.04751,0.9871794871794872,0.00000
-0.14617,-0.25695,-0.00561,-0.14613,-0.13591,0.9862637362637363,0.00000
-0.14617,-0.25695,-0.01244,-0.14613,-0.13028,0.9853479853479854,0.00000
-0.14617,-0.25695,0.04498,-0.14613,-0.12690,0.9844322344322345,0.00000
-0.14617,-0.25695,-0.01244,-0.14613,-0.10592,0.9835164835164835,0.00000
-0.14617,-0.25695,-0.05789,-0.14613,-0.13607,0.9826007326007326,0.00000
-0.14617,-0.25695,-0.00561,-0.14613,-0.15014,0.9816849816849816,0.00000
-0.14617,-0.25695,-0.01244,-0.14613,-0.13029,0.9807692307692307,0.00000
-0.14617,-0.25695,0.04498,-0.14613,-0.15014,0.9798534798534798,0.00000
-0.14617,-0.25695,0.04498,-0.14613,-0.15014,0.9789377289377289,0.00000
-0.14617,-0.25695,0.00618,-0.14613,-0.15014,0.978021978021978,0.00000
-0.14617,-0.25695,-0.05789,-0.14613,-0.13410,0.9771062271062271,0.00000
-0.14617,-0.25695,-0.05789,-0.14613,-0.15014,0.9761904761904762,0.00000
-0.14617,-0.25695,-0.05789,-0.14613,-0.15014,0.9752747252747253,0.00000
-0.14617,-0.25695,-0.00561,-0.14613,-0.15014,0.9743589743589743,0.00000
-0.14617,-0.25695,-0.00561,-0.14613,-0.15014,0.9734432234432234,0.00000
-0.14617,-0.25695,-0.01244,-0.14613,-0.15014,0.9725274725274725,0.00000
-0.14617,-0.25695,-0.01244,-0.14613,-0.15014,0.9716117216117216,0.00000
-0.14617,-0.25695,0.04498,-0.14613,-0.15014,0.9706959706959707,0.00000
-0.14617,-0.25695,0.00618,-0.14613,-0.15014,0.9697802197802198,0.00000
-0.14617,-0.25695,-0.01244,-0.14613,-0.15014,0.9688644688644689,0.00000
-0.14617,-0.25695,-0.00561,-0.14613,-0.15014,0.967948717948718,0.00000
-0.14617,-0.25695,-0.05789,-0.14613,-0.15014,0.967032967032967,0.00000
-0.14617,-0.25695,0.00618,-0.14613,-0.15014,0.9661172161172161,0.00000
-0.14617,-0.25695,0.00618,-0.14613,-0.15014,0.9652014652014652,0.00000
-0.14617,-0.25695,-0.05789,-0.14613,-0.15014,0.9642857142857143,0.00000
-0.14617,-0.25695,-0.05789,-0.14613,-0.15014,0.9633699633699634,0.00000
-0.14617,-0.25695,0.00618,-0.14613,-0.15014,0.9624542124542125,0.00000
-0.14617,-0.25695,-0.00561,-0.14613,-0.15014,0.9615384615384616,0.00000
-0.14617,-0.25695,-0.01244,-0.14613,-0.15014,0.9606227106227107,0.00000
-0.14617,-0.25695,0.00618,-0.14613,-0.15014,0.9597069597069597,0.00000
-0.14617,-0.25695,0.00618,-0.14613,-0.15014,0.9587912087912088,0.00000
-0.14617,-0.25695,-0.05789,-0.14613,-0.15014,0.9578754578754579,0.00000
-0.14617,-0.25695,0.04498,-0.14613,-0.05946,0.956959706959707,1.00000
-0.14617,-0.25695,-0.00561,-0.14613,-0.12507,0.9560439560439561,1.00000
-0.14617,-0.25695,-0.01244,-0.14613,-0.08573,0.9551282051282052,1.00000
-0.14617,-0.25695,0.04498,-0.14613,-0.11549,0.9542124542124543,1.00000
-0.14617,-0.25695,-0.00561,-0.14613,-0.15014,0.9532967032967034,1.00000
-0.14617,-0.25695,0.00618,-0.14613,-0.15014,0.9523809523809523,1.00000
-0.14617,-0.25695,0.00618,-0.14613,-0.15014,0.9514652014652014,1.00000
-0.14617,-0.25695,-0.05789,-0.14613,-0.11975,0.9505494505494505,0.00000
-0.14617,-0.25695,-0.05789,-0.14612,0.07089,0.9496336996336996,0.00000
-0.14617,-0.25695,-0.00561,-0.14613,-0.13938,0.9487179487179487,0.00000
-0.14617,-0.25695,-0.00561,-0.14613,-0.09497,0.9478021978021978,0.00000
-0.14617,-0.25695,-0.01244,-0.14613,-0.14837,0.9468864468864469,0.00000
-0.14617,-0.25695,0.00618,-0.14613,-0.14460,0.9459706959706959,0.00000
-0.14617,-0.25695,-0.00561,-0.14613,-0.12204,0.945054945054945,0.00000
-0.14617,-0.25695,0.00618,-0.14613,-0.14533,0.9441391941391941,0.00000
-0.14617,-0.25695,0.04498,-0.14613,-0.12895,0.9432234432234432,0.00000
-0.14617,-0.25695,-0.01244,-0.14613,-0.08350,0.9423076923076923,0.00000
-0.14617,-0.25695,0.00618,-0.14613,-0.13726,0.9413919413919414,0.00000
-0.14617,-0.25695,0.00618,-0.14613,-0.12920,0.9404761904761905,0.00000
-0.14617,-0.25695,0.04498,-0.14613,0.03330,0.9395604395604396,0.00000
-0.14617,-0.25695,0.04498,-0.14613,-0.12170,0.9386446886446886,0.00000
-0.14617,-0.25695,0.04498,-0.14613,-0.13476,0.9377289377289377,0.00000
-0.14617,-0.25695,-0.01244,-0.14613,-0.14563,0.9368131868131868,0.00000
-0.14617,-0.25695,0.00618,-0.14612,0.08329,0.9358974358974359,0.00000
-0.14617,-0.25695,-0.01244,-0.14613,-0.15014,0.934981684981685,0.00000
-0.14617,-0.25695,-0.01244,-0.14613,-0.10039,0.9340659340659341,0.00000
-0.14617,-0.25695,-0.00561,-0.14613,-0.15014,0.9331501831501832,0.00000
-0.14617,-0.25695,-0.05789,-0.14613,-0.13632,0.9322344322344323,0.00000
-0.14617,-0.25695,0.04498,-0.14613,-0.14614,0.9313186813186813,0.00000
-0.14617,-0.25695,-0.01244,-0.14613,-0.15014,0.9304029304029304,0.00000
-0.14617,-0.25695,-0.00561,-0.14613,-0.01556,0.9294871794871795,0.00000
-0.14617,-0.25695,0.04498,-0.14613,-0.15014,0.9285714285714286,0.00000
-0.14617,-0.25695,-0.00561,-0.14613,-0.13204,0.9276556776556777,0.00000
-0.14617,-0.25695,-0.01244,-0.14613,-0.10292,0.9267399267399268,0.00000
-0.14617,-0.25695,0.00618,-0.14613,-0.13495,0.9258241758241759,0.00000
-0.14617,-0.25695,0.00618,-0.14613,-0.15014,0.924908424908425,0.00000
-0.14617,-0.25695,-0.05789,-0.14613,-0.10616,0.923992673992674,0.00000
-0.14617,-0.25695,0.00618,-0.14613,-0.15014,0.9230769230769231,0.00000
-0.14617,-0.25695,-0.05789,-0.14613,-0.14081,0.9221611721611722,0.00000
-0.14617,-0.25695,0.04498,-0.14613,-0.13504,0.9212454212454212,0.00000
-0.14617,-0.25695,0.04498,-0.14613,-0.13782,0.9203296703296703,0.00000
-0.14617,-0.25695,0.04498,-0.14613,-0.15014,0.9194139194139194,0.00000
-0.14617,-0.25695,0.00618,-0.14613,-0.14119,0.9184981684981685,0.00000
-0.14617,-0.25695,0.00618,-0.14613,-0.12736,0.9175824175824175,0.00000
-0.14617,-0.25695,0.04498,-0.14613,-0.15014,0.9166666666666666,0.00000
-0.14617,-0.25695,0.04498,-0.14613,-0.13983,0.9157509157509157,0.00000
-0.14617,-0.25695,-0.05789,-0.14613,-0.03331,0.9148351648351648,0.00000
-0.14617,-0.25695,0.04498,-0.14613,-0.11804,0.9139194139194139,0.00000
-0.14617,-0.25695,-0.00561,-0.14613,-0.14243,0.913003663003663,0.00000
-0.14617,-0.25695,0.00618,-0.14613,-0.08702,0.9120879120879121,0.00000
-0.14617,-0.25695,-0.05789,-0.14613,-0.11233,0.9111721611721612,0.00000
-0.14617,-0.25695,-0.00561,-0.14613,-0.13227,0.9102564102564102,0.00000
-0.14617,-0.25695,-0.00561,-0.14613,-0.12106,0.9093406593406593,0.00000
-0.14617,-0.25695,0.04498,-0.14613,-0.14375,0.9084249084249084,0.00000
-0.14617,-0.25695,-0.01244,-0.14613,-0.15014,0.9075091575091575,0.00000
-0.14617,-0.25695,-0.00561,-0.14613,-0.02608,0.9065934065934066,0.00000
-0.14617,-0.25695,-0.00561,-0.14613,-0.15014,0.9056776556776557,0.00000
-0.14617,-0.25695,-0.01244,-0.14613,-0.14282,0.9047619047619048,0.00000
-0.14617,-0.25695,-0.01244,-0.14613,-0.05826,0.9038461538461539,0.00000
-0.14617,-0.25695,-0.00561,-0.14613,-0.13740,0.9029304029304029,0.00000
-0.14617,-0.25695,-0.00561,-0.14613,-0.13226,0.902014652014652,0.00000
-0.14617,-0.25695,-0.00561,-0.14613,-0.15014,0.9010989010989011,0.00000
-0.14617,-0.25695,0.04498,-0.14613,-0.14316,0.9001831501831502,0.00000
-0.14617,-0.25695,-0.05789,-0.14613,-0.15014,0.8992673992673993,0.00000
-0.14617,-0.25695,0.04498,-0.14613,-0.14177,0.8983516483516484,0.00000
-0.14617,-0.25695,0.00618,-0.14613,-0.15014,0.8974358974358975,0.00000
-0.14617,-0.25695,-0.00561,-0.14613,-0.12442,0.8965201465201466,0.00000
-0.14617,-0.25695,-0.05789,-0.14613,-0.15014,0.8956043956043956,0.00000
-0.14617,-0.25695,0.00618,-0.14613,-0.15014,0.8946886446886447,0.00000
-0.14617,-0.25695,0.00618,-0.14613,-0.14247,0.8937728937728938,0.00000
-0.14617,-0.25695,-0.00561,-0.14613,-0.12829,0.8928571428571429,0.00000
-0.14617,-0.25695,-0.05789,-0.14613,-0.14020,0.891941391941392,0.00000
-0.14617,-0.25695,0.04498,-0.14612,-0.04064,0.8910256410256411,0.00000
-0.14617,-0.25695,0.00618,-0.14613,-0.15014,0.8901098901098901,0.00000
-0.14617,-0.25695,-0.01244,-0.14613,-0.15014,0.8891941391941391,0.00000
-0.14617,-0.25695,-0.01244,-0.14613,-0.06658,0.8882783882783882,0.00000
-0.14617,-0.25695,0.00618,-0.14613,-0.14386,0.8873626373626373,0.00000
-0.14617,-0.25695,0.00618,-0.14613,-0.15014,0.8864468864468864,0.00000
-0.14617,-0.25695,-0.00561,-0.14613,-0.15014,0.8855311355311355,0.00000
-0.14617,-0.25695,0.00618,-0.14613,-0.13453,0.8846153846153846,0.00000
-0.14617,-0.25695,-0.05789,-0.14613,-0.15014,0.8836996336996337,0.00000
-0.14617,-0.25695,0.04498,-0.14613,-0.15014,0.8827838827838828,0.00000
-0.14617,-0.25695,0.04498,-0.14613,-0.13154,0.8818681318681318,0.00000
-0.14617,-0.25695,-0.00561,-0.14613,-0.15014,0.8809523809523809,0.00000
-0.14617,-0.25695,-0.00561,-0.14613,-0.13026,0.88003663003663,0.00000
-0.14617,-0.25695,0.00618,-0.14613,-0.15014,0.8791208791208791,0.00000
-0.14617,-0.25695,-0.05789,-0.14613,-0.13800,0.8782051282051282,0.00000
-0.14617,-0.25695,-0.00561,-0.14613,-0.02680,0.8772893772893773,0.00000
-0.14617,-0.25695,0.00618,-0.14613,-0.12775,0.8763736263736264,0.00000
-0.14617,-0.25695,-0.00561,-0.14613,-0.13158,0.8754578754578755,0.00000
-0.14617,-0.25695,-0.01244,-0.14613,-0.15014,0.8745421245421245,0.00000
-0.14617,-0.25695,-0.00561,-0.14613,-0.15014,0.8736263736263736,0.00000
-0.14617,-0.25695,0.04498,-0.14613,-0.15014,0.8727106227106227,0.00000
-0.14617,-0.25695,-0.01244,-0.14613,-0.14262,0.8717948717948718,0.00000
-0.14617,-0.25695,-0.00561,-0.14613,-0.13745,0.8708791208791209,0.00000
-0.14617,-0.25695,0.04498,-0.14613,-0.12713,0.86996336996337,0.00000
-0.14617,-0.25695,0.00618,-0.14613,-0.15014,0.8690476190476191,0.00000
-0.14617,-0.25695,0.00618,-0.14613,-0.15014,0.8681318681318682,0.00000
-0.14617,-0.25695,0.00618,-0.14613,-0.13927,0.8672161172161172,0.00000
-0.14617,-0.25695,-0.05789,-0.14613,-0.12805,0.8663003663003663,0.00000
-0.14617,-0.25695,0.00618,-0.14613,-0.15014,0.8653846153846154,0.00000
-0.14617,-0.25695,-0.00561,-0.14613,-0.13599,0.8644688644688645,0.00000
-0.14617,-0.25695,-0.05789,-0.14613,-0.15014,0.8635531135531136,0.00000
-0.14617,-0.25695,-0.05789,-0.14613,-0.11440,0.8626373626373627,0.00000
-0.14617,-0.25695,-0.05789,-0.14613,-0.10089,0.8617216117216118,0.00000
-0.14617,-0.25695,-0.05789,-0.14613,-0.14054,0.8608058608058609,0.00000
-0.14617,-0.25695,0.00618,-0.14613,-0.13459,0.8598901098901099,0.00000
-0.14617,-0.25695,-0.01244,-0.14613,-0.13443,0.8589743589743589,0.00000
-0.14617,-0.25695,0.04498,-0.14613,-0.15014,0.858058608058608,0.00000
-0.14617,-0.25695,0.00618,-0.14613,-0.15014,0.8571428571428571,0.00000
-0.14617,-0.25695,0.00618,-0.14613,-0.15014,0.8562271062271062,0.00000
-0.14617,-0.25695,0.04498,-0.14613,-0.15014,0.8553113553113553,0.00000
-0.14617,-0.25695,0.04498,-0.14613,-0.15014,0.8543956043956044,0.00000
-0.14617,-0.25695,0.04498,-0.14613,-0.15014,0.8534798534798534,0.00000
-0.14617,-0.25695,0.04498,-0.14613,-0.15014,0.8525641025641025,0.00000
-0.14617,-0.25695,-0.01244,-0.14613,-0.15014,0.8516483516483516,0.00000
-0.14617,-0.25695,0.04498,-0.14613,-0.15014,0.8507326007326007,0.00000
-0.14617,-0.25695,-0.05789,-0.14613,-0.14214,0.8498168498168498,0.00000
-0.14617,-0.25695,-0.05789,-0.14613,-0.15014,0.8489010989010989,0.00000
-0.14617,-0.25695,0.04498,-0.14613,-0.15014,0.847985347985348,0.00000
-0.14617,-0.25695,-0.00561,-0.14613,-0.13276,0.8470695970695971,0.00000
-0.14617,-0.25695,0.04498,-0.14613,-0.15014,0.8461538461538461,0.00000
-0.14617,-0.25695,-0.01244,-0.14613,-0.12337,0.8452380952380952,0.00000
-0.14617,-0.25695,-0.05789,-0.14613,-0.15014,0.8443223443223443,0.00000
-0.14617,-0.25695,-0.05789,-0.14613,-0.15014,0.8434065934065934,0.00000
-0.14617,-0.25695,-0.01244,-0.14613,-0.15014,0.8424908424908425,0.00000
-0.14617,-0.25695,0.00618,-0.14613,-0.15014,0.8415750915750916,0.00000
-0.14617,-0.25695,0.00618,-0.14613,-0.15014,0.8406593406593407,0.00000
-0.14617,-0.25695,-0.00561,-0.14613,-0.15014,0.8397435897435898,0.00000
-0.14617,-0.25695,-0.01244,-0.14613,-0.13969,0.8388278388278388,0.00000
-0.14617,-0.25695,0.00618,-0.14613,-0.15014,0.8379120879120879,0.00000
-0.14617,-0.25695,0.00618,-0.14613,-0.12822,0.836996336996337,0.00000
-0.14617,-0.25695,0.04498,-0.14613,-0.13100,0.8360805860805861,0.00000
-0.14617,-0.25695,0.00618,-0.14613,-0.15014,0.8351648351648352,0.00000
-0.14617,-0.25695,-0.00561,-0.14613,-0.15014,0.8342490842490843,0.00000
-0.14617,-0.25695,-0.00561,-0.14613,-0.14169,0.8333333333333334,0.00000
-0.14617,-0.25695,-0.05789,-0.14613,-0.15014,0.8324175824175825,0.00000
-0.14617,-0.25695,-0.01244,-0.14613,-0.15014,0.8315018315018315,0.00000
-0.14617,-0.25695,0.04498,-0.14613,-0.13479,0.8305860805860806,0.00000
-0.14617,-0.25695,0.00618,-0.14613,-0.15014,0.8296703296703297,0.00000
-0.14617,-0.25695,0.00618,-0.14613,-0.15014,0.8287545787545788,0.00000
-0.14617,-0.25695,0.04498,-0.14613,-0.15014,0.8278388278388278,0.00000
-0.14617,-0.25695,-0.05789,-0.14613,-0.15014,0.8269230769230769,0.00000
-0.14617,-0.25695,0.00618,-0.14613,-0.15014,0.826007326007326,0.00000
-0.14617,-0.25695,0.00618,-0.14613,-0.13637,0.825091575091575,0.00000
-0.14617,-0.25695,-0.05789,-0.14613,-0.15014,0.8241758241758241,0.00000
-0.14617,-0.25695,-0.01244,-0.14613,-0.15014,0.8232600732600732,0.00000
-0.14617,-0.25695,-0.01244,-0.14613,-0.15014,0.8223443223443223,0.00000
-0.14617,-0.25695,-0.00561,-0.14613,-0.15014,0.8214285714285714,0.00000
-0.14617,-0.25695,-0.00561,-0.14613,-0.10101,0.8205128205128205,0.00000
-0.14617,-0.25695,0.04498,-0.14613,-0.12633,0.8195970695970696,0.00000
-0.14617,-0.25695,0.04498,-0.14613,-0.14021,0.8186813186813187,0.00000
-0.14617,-0.25695,0.00618,-0.14613,-0.15014,0.8177655677655677,0.00000
-0.14617,-0.25695,0.00618,-0.14613,-0.15014,0.8168498168498168,0.00000
-0.14617,-0.25695,0.04498,-0.14613,-0.13468,0.8159340659340659,0.00000
-0.14617,-0.25695,0.04498,-0.14613,-0.13380,0.815018315018315,0.00000
-0.14617,-0.25695,-0.00561,-0.14613,-0.15014,0.8141025641025641,0.00000
-0.14617,-0.25695,-0.01244,-0.14613,-0.15014,0.8131868131868132,0.00000
-0.14617,-0.25695,-0.01244,-0.14613,-0.15014,0.8122710622710623,0.00000
-0.14617,-0.25695,0.04498,-0.14613,-0.15014,0.8113553113553114,0.00000
-0.14617,-0.25695,-0.01244,-0.14613,-0.15014,0.8104395604395604,0.00000
-0.14617,-0.25695,-0.00561,-0.14613,-0.15014,0.8095238095238095,0.00000
-0.14617,-0.25695,0.04498,-0.14613,-0.13231,0.8086080586080586,0.00000
-0.14617,-0.25695,-0.01244,-0.14613,-0.15014,0.8076923076923077,0.00000
-0.14617,-0.25695,-0.05789,-0.14613,-0.15014,0.8067765567765568,0.00000
-0.14617,-0.25695,0.00618,-0.14613,-0.15014,0.8058608058608059,0.00000
-0.14617,-0.25695,0.00618,-0.14613,-0.15014,0.804945054945055,0.00000
-0.14617,-0.25695,-0.05789,-0.14613,-0.15014,0.8040293040293041,0.00000
-0.14617,-0.25695,-0.05789,-0.14613,-0.15014,0.8031135531135531,0.00000
-0.14617,-0.25695,-0.01244,-0.14613,-0.15014,0.8021978021978022,0.00000
-0.14617,-0.25695,-0.00561,-0.14613,-0.15014,0.8012820512820513,0.00000
-0.14617,-0.25695,-0.00561,-0.14613,-0.15014,0.8003663003663004,0.00000
-0.14617,-0.25695,-0.01244,-0.14613,-0.15014,0.7994505494505495,0.00000
-0.14617,-0.25695,-0.00561,-0.14613,-0.15014,0.7985347985347986,0.00000
-0.14617,-0.25695,-0.05789,-0.14613,-0.15014,0.7976190476190477,0.00000
-0.14617,-0.25695,-0.05789,-0.14613,-0.15014,0.7967032967032966,0.00000
-0.14617,-0.25695,-0.01244,-0.14613,-0.15014,0.7957875457875457,0.00000
-0.14617,-0.25695,-0.00561,-0.14613,-0.15014,0.7948717948717948,0.00000
-0.14617,-0.25695,-0.00561,-0.14613,-0.15014,0.7939560439560439,0.00000
-0.14617,-0.25695,0.04498,-0.14613,-0.15014,0.793040293040293,0.00000
-0.14617,-0.25695,-0.05789,-0.14613,-0.15014,0.7921245421245421,0.00000
-0.14617,-0.25695,0.00618,-0.14613,-0.15014,0.7912087912087912,0.00000
-0.14617,-0.25695,-0.01244,-0.14613,-0.15014,0.7902930402930403,0.00000
-0.14617,-0.25695,-0.01244,-0.14613,-0.15014,0.7893772893772893,0.00000
-0.14617,-0.25695,-0.00561,-0.14613,-0.15014,0.7884615384615384,0.00000
-0.14617,-0.25695,-0.00561,-0.14613,-0.15014,0.7875457875457875,0.00000
-0.14617,-0.25695,0.04498,-0.14613,-0.15014,0.7866300366300366,0.00000
-0.14617,-0.25695,0.04498,-0.14613,-0.15014,0.7857142857142857,0.00000
-0.14617,-0.25695,-0.00561,-0.14613,-0.13899,0.7847985347985348,0.00000
-0.14617,-0.25695,0.04498,-0.14613,-0.15014,0.7838827838827839,0.00000
-0.14617,-0.25695,-0.00561,-0.14613,-0.15014,0.782967032967033,0.00000
-0.14617,-0.25695,-0.05789,-0.14613,-0.15014,0.782051282051282,0.00000
-0.14617,-0.25695,-0.05789,-0.14613,-0.15014,0.7811355311355311,0.00000
-0.14617,-0.25695,-0.00561,-0.14613,-0.15014,0.7802197802197802,0.00000
-0.14617,-0.25695,-0.05789,-0.14613,-0.15014,0.7793040293040293,0.00000
-0.14617,-0.25695,0.04498,-0.14613,-0.15014,0.7783882783882784,0.00000
-0.14617,-0.25695,-0.00561,-0.14613,-0.15014,0.7774725274725275,0.00000
-0.14617,-0.25695,0.04498,-0.14613,-0.15014,0.7765567765567766,0.00000
-0.14617,-0.25695,0.00618,-0.14613,-0.15014,0.7756410256410257,0.00000
-0.14617,-0.25695,0.04498,-0.14613,-0.13765,0.7747252747252747,0.00000
-0.14617,-0.25695,-0.05789,-0.14613,-0.15014,0.7738095238095238,0.00000
-0.14617,-0.25695,-0.00561,-0.14613,-0.15014,0.7728937728937729,0.00000
-0.14617,-0.25695,-0.05789,-0.14613,-0.13864,0.771978021978022,0.00000
-0.14617,-0.25695,-0.05789,-0.14613,-0.15014,0.7710622710622711,0.00000
-0.14617,-0.25695,0.04498,-0.14613,-0.15014,0.7701465201465202,0.00000
-0.14617,-0.25695,0.00618,-0.14613,-0.15014,0.7692307692307693,0.00000
-0.14617,-0.25695,0.04498,-0.14613,-0.15014,0.7683150183150184,0.00000
-0.14617,-0.25695,-0.00561,-0.14613,-0.15014,0.7673992673992674,0.00000
-0.14617,-0.25695,-0.00561,-0.14613,-0.15014,0.7664835164835165,0.00000
-0.14617,-0.25695,-0.05789,-0.14613,-0.15014,0.7655677655677655,0.00000
-0.14617,-0.25695,-0.05789,-0.14613,-0.15014,0.7646520146520146,0.00000
-0.14617,-0.25695,0.00618,-0.14613,-0.15014,0.7637362637362637,0.00000
-0.14617,-0.25695,0.04498,-0.14613,-0.15014,0.7628205128205128,0.00000
-0.14617,-0.25695,-0.00561,-0.14613,-0.15014,0.7619047619047619,0.00000
-0.14617,-0.25695,-0.01244,-0.14613,-0.15014,0.760989010989011,0.00000
-0.14617,-0.25695,0.04498,-0.14613,-0.14157,0.76007326007326,0.00000
-0.14617,-0.25695,-0.00561,-0.14613,-0.15014,0.7591575091575091,0.00000
-0.14617,-0.25695,-0.01244,-0.14613,-0.15014,0.7582417582417582,0.00000
-0.14617,-0.25695,-0.00561,-0.14613,-0.15014,0.7573260073260073,0.00000
-0.14617,-0.25695,-0.01244,-0.14613,-0.15014,0.7564102564102564,0.00000
-0.14617,-0.25695,-0.01244,-0.14613,-0.15014,0.7554945054945055,0.00000
-0.14617,-0.25695,0.04498,-0.14613,-0.15014,0.7545787545787546,0.00000
-0.14617,-0.25695,0.04498,-0.14613,-0.13505,0.7536630036630036,0.00000
-0.14617,-0.25695,0.00618,-0.14613,-0.13948,0.7527472527472527,0.00000
-0.14617,-0.25695,0.04498,-0.14613,-0.15014,0.7518315018315018,0.00000
-0.14617,-0.25695,-0.01244,-0.14613,-0.15014,0.7509157509157509,0.00000
-0.14617,-0.25695,0.04498,-0.14613,-0.15014,0.75,0.00000
-0.14617,-0.25695,0.04498,-0.14613,-0.15014,0.7490842490842491,0.00000
-0.14617,-0.25695,-0.05789,-0.14613,-0.15014,0.7481684981684982,0.00000
-0.14617,-0.25695,-0.01244,-0.14613,-0.15014,0.7472527472527473,0.00000
-0.14617,-0.25695,-0.00561,-0.14613,-0.15014,0.7463369963369964,0.00000
-0.14617,-0.25695,0.04498,-0.14613,-0.15014,0.7454212454212454,0.00000
-0.14617,-0.25695,-0.00561,-0.14613,-0.15014,0.7445054945054945,0.00000
-0.14617,-0.25695,0.00618,-0.14613,-0.15014,0.7435897435897436,0.00000
-0.14617,-0.25695,0.00618,-0.14613,-0.15014,0.7426739926739927,0.00000
-0.14617,-0.25695,0.00618,-0.14613,-0.15014,0.7417582417582418,0.00000
-0.14617,-0.25695,-0.01244,-0.14613,-0.15014,0.7408424908424909,0.00000
-0.14617,-0.25695,0.04498,-0.14613,-0.15014,0.73992673992674,0.00000
-0.14617,-0.25695,0.04498,-0.14613,-0.15014,0.739010989010989,0.00000
-0.14617,-0.25695,-0.05789,-0.14613,-0.15014,0.7380952380952381,0.00000
-0.14617,-0.25695,-0.01244,-0.14613,-0.15014,0.7371794871794872,0.00000
-0.14617,-0.25695,0.00618,-0.14613,-0.15014,0.7362637362637363,0.00000
-0.14617,-0.25695,-0.05789,-0.14613,-0.15014,0.7353479853479854,0.00000
-0.14617,-0.25695,0.04498,-0.14613,-0.13977,0.7344322344322345,0.00000
-0.14617,-0.25695,0.04498,-0.14613,-0.15014,0.7335164835164835,0.00000
-0.14617,-0.25695,-0.01244,-0.14613,-0.15014,0.7326007326007326,0.00000
-0.14617,-0.25695,-0.01244,-0.14613,-0.15014,0.7316849816849816,0.00000
-0.14617,-0.25695,0.04498,-0.14613,-0.15014,0.7307692307692307,0.00000
-0.14617,-0.25695,0.00618,-0.14613,-0.15014,0.7298534798534798,0.00000
-0.14617,-0.25695,0.00618,-0.14613,-0.15014,0.7289377289377289,0.00000
-0.14617,-0.25695,0.00618,-0.14613,-0.15014,0.728021978021978,0.00000
-0.14617,-0.25695,-0.05789,-0.14613,-0.13894,0.7271062271062271,0.00000
-0.14617,-0.25695,0.04498,-0.14613,-0.15014,0.7261904761904762,0.00000
-0.14617,-0.25695,-0.05789,-0.14613,-0.15014,0.7252747252747253,0.00000
-0.14617,-0.25695,-0.05789,-0.14613,-0.15014,0.7243589743589743,0.00000
-0.14617,-0.25695,-0.05789,-0.14613,-0.15014,0.7234432234432234,0.00000
-0.14617,-0.25695,0.04498,-0.14613,-0.15014,0.7225274725274725,0.00000
-0.14617,-0.25695,0.00618,-0.14613,-0.15014,0.7216117216117216,0.00000
-0.14617,-0.25695,-0.05789,-0.14613,-0.15014,0.7206959706959707,0.00000
-0.14617,-0.25695,-0.01244,-0.14613,-0.15014,0.7197802197802198,0.00000
-0.14617,-0.25695,-0.01244,-0.14613,-0.15014,0.7188644688644689,0.00000
-0.14617,-0.25695,-0.00561,-0.14613,-0.15014,0.717948717948718,0.00000
-0.14617,-0.25695,0.04498,-0.14613,-0.15014,0.717032967032967,0.00000
-0.14617,-0.25695,-0.05789,-0.14613,-0.15014,0.7161172161172161,0.00000
-0.14617,-0.25695,0.00618,-0.14613,-0.15014,0.7152014652014652,0.00000
-0.14617,-0.25695,0.00618,-0.14613,-0.15014,0.7142857142857143,0.00000
-0.14617,-0.25695,-0.00561,-0.14613,-0.15014,0.7133699633699634,0.00000
-0.14617,-0.25695,-0.05789,-0.14613,-0.15014,0.7124542124542125,0.00000
-0.14617,-0.25695,0.04498,-0.14613,-0.15014,0.7115384615384616,0.00000
-0.14617,-0.25695,-0.01244,-0.14613,-0.15014,0.7106227106227107,0.00000
-0.14617,-0.25695,-0.01244,-0.14613,-0.15014,0.7097069597069597,0.00000
-0.14617,-0.25695,-0.05789,-0.14613,-0.15014,0.7087912087912088,0.00000
-0.14617,-0.25695,0.00618,-0.14613,-0.15014,0.7078754578754579,0.00000
-0.14617,-0.25695,-0.01244,-0.14613,-0.15014,0.706959706959707,0.00000
-0.14617,-0.25695,0.04498,-0.14613,-0.15014,0.7060439560439561,0.00000
-0.14617,-0.25695,-0.01244,-0.14613,-0.15014,0.7051282051282052,0.00000
-0.14617,-0.25695,-0.01244,-0.14613,-0.15014,0.7042124542124543,0.00000
-0.14617,-0.25695,0.04498,-0.14613,-0.15014,0.7032967032967034,0.00000
-0.14617,-0.25695,-0.05789,-0.14613,-0.15014,0.7023809523809523,0.00000
-0.14617,-0.25695,0.00618,-0.14613,-0.15014,0.7014652014652014,0.00000
-0.14617,-0.25695,-0.00561,-0.14613,-0.15014,0.7005494505494505,0.00000
-0.14617,-0.25695,-0.01244,-0.14613,-0.15014,0.6996336996336996,0.00000
-0.14617,-0.25695,0.04498,-0.14613,-0.15014,0.6987179487179487,0.00000
-0.14617,-0.25695,0.04498,-0.14613,-0.15014,0.6978021978021978,0.00000
-0.14617,-0.25695,-0.01244,-0.14613,-0.15014,0.6968864468864469,0.00000
-0.14617,-0.25695,0.00618,-0.14613,-0.12565,0.6959706959706959,0.00000
-0.14617,-0.25695,0.00618,-0.14613,-0.15014,0.695054945054945,0.00000
-0.14617,-0.25695,0.00618,-0.14613,-0.15014,0.6941391941391941,0.00000
-0.14617,-0.25695,-0.05789,-0.14613,-0.15014,0.6932234432234432,0.00000
-0.14617,-0.25695,0.04498,-0.14613,-0.15014,0.6923076923076923,0.00000
-0.14617,-0.25695,-0.01244,-0.14613,-0.15014,0.6913919413919414,0.00000
-0.14617,-0.25695,0.00618,-0.14613,-0.15014,0.6904761904761905,0.00000
-0.14617,-0.25695,0.04498,-0.14613,-0.15014,0.6895604395604396,0.00000
-0.14617,-0.25695,-0.01244,-0.14613,-0.15014,0.6886446886446886,0.00000
-0.14617,-0.25695,0.00618,-0.14613,-0.15014,0.6877289377289377,0.00000
-0.14617,-0.25695,-0.05789,-0.14613,-0.15014,0.6868131868131868,0.00000
-0.14617,-0.25695,-0.00561,-0.14613,-0.15014,0.6858974358974359,0.00000
-0.14617,-0.25695,-0.05789,-0.14613,-0.15014,0.684981684981685,0.00000
-0.14617,-0.25695,-0.00561,-0.14613,-0.15014,0.6840659340659341,0.00000
-0.14617,-0.25695,-0.05789,-0.14613,-0.15014,0.6831501831501832,0.00000
-0.14617,-0.25695,-0.01244,-0.14613,-0.15014,0.6822344322344323,0.00000
-0.14617,-0.25695,0.04498,-0.14613,-0.15014,0.6813186813186813,0.00000
-0.14617,-0.25695,0.04498,-0.14613,-0.15014,0.6804029304029304,0.00000
-0.14617,-0.25695,0.00618,-0.14613,-0.15014,0.6794871794871795,0.00000
-0.14617,-0.25695,-0.01244,-0.14613,-0.15014,0.6785714285714286,0.00000
-0.14617,-0.25695,0.00618,-0.14613,-0.15014,0.6776556776556777,0.00000
-0.14617,-0.25695,0.00618,-0.14613,-0.15014,0.6767399267399268,0.00000
-0.14617,-0.25695,0.00618,-0.14613,-0.15014,0.6758241758241759,0.00000
-0.14617,-0.25695,-0.01244,-0.14613,-0.15014,0.674908424908425,0.00000
-0.14617,-0.25695,0.00618,-0.14613,-0.15014,0.673992673992674,0.00000
-0.14617,-0.25695,0.00618,-0.14613,-0.15014,0.6730769230769231,0.00000
-0.14617,-0.25695,-0.05789,-0.14613,-0.15014,0.6721611721611722,0.00000
-0.14617,-0.25695,-0.05789,-0.14613,-0.15014,0.6712454212454212,0.00000
-0.14617,-0.25695,-0.00561,-0.14613,-0.15014,0.6703296703296703,0.00000
-0.14617,-0.25695,0.04498,-0.14613,-0.15014,0.6694139194139194,0.00000
-0.14617,-0.25695,0.04498,-0.14613,-0.15014,0.6684981684981685,0.00000
-0.14617,-0.25695,-0.01244,-0.14613,-0.15014,0.6675824175824175,0.00000
-0.14617,-0.25695,0.00618,-0.14613,-0.15014,0.6666666666666666,0.00000
-0.14617,-0.25695,-0.01244,-0.14613,-0.15014,0.6657509157509157,0.00000
-0.14617,-0.25695,0.04498,-0.14613,-0.15014,0.6648351648351648,0.00000
-0.14617,-0.25695,0.04498,-0.14613,-0.15014,0.6639194139194139,0.00000
-0.14617,-0.25695,-0.01244,-0.14613,-0.15014,0.663003663003663,0.00000
-0.14617,-0.25695,-0.00561,-0.14613,-0.15014,0.6620879120879121,0.00000
-0.14617,-0.25695,-0.01244,-0.14613,-0.15014,0.6611721611721612,0.00000
-0.14617,-0.25695,-0.00561,-0.14613,-0.15014,0.6602564102564102,0.00000
-0.14617,-0.25695,-0.00561,-0.14613,-0.15014,0.6593406593406593,0.00000
-0.14617,-0.25695,-0.00561,-0.14613,-0.15014,0.6584249084249084,0.00000
-0.14617,-0.25695,-0.00561,-0.14613,-0.15014,0.6575091575091575,0.00000
-0.14617,-0.25695,-0.00561,-0.14613,-0.15014,0.6565934065934066,0.00000
-0.14617,-0.25695,-0.00561,-0.14613,-0.15014,0.6556776556776557,0.00000
-0.14617,-0.25695,-0.01244,-0.14613,-0.15014,0.6547619047619048,0.00000
-0.14617,-0.25695,-0.01244,-0.14613,-0.15014,0.6538461538461539,0.00000
-0.14617,-0.25695,-0.00561,-0.14613,-0.15014,0.6529304029304029,0.00000
-0.14617,-0.25695,-0.05789,-0.14613,-0.15014,0.652014652014652,0.00000
-0.14617,-0.25695,0.04498,-0.14613,-0.15014,0.6510989010989011,0.00000
-0.14617,-0.25695,-0.05789,-0.14613,-0.15014,0.6501831501831502,0.00000
-0.14617,-0.25695,0.04498,-0.14613,-0.15014,0.6492673992673993,0.00000
-0.14617,-0.25695,0.04498,-0.14613,-0.15014,0.6483516483516484,0.00000
-0.14617,-0.25695,-0.05789,-0.14613,-0.15014,0.6474358974358975,0.00000
-0.14617,-0.25695,0.04498,-0.14613,-0.15014,0.6465201465201466,0.00000
-0.14617,-0.25695,-0.00561,-0.14613,-0.15014,0.6456043956043956,0.00000
-0.14617,-0.25695,-0.00561,-0.14613,-0.15014,0.6446886446886447,0.00000
-0.14617,-0.25695,-0.01244,-0.14613,-0.15014,0.6437728937728938,0.00000
-0.14617,-0.25695,-0.01244,-0.14613,-0.15014,0.6428571428571429,0.00000
-0.14617,-0.25695,-0.01244,-0.14613,-0.15014,0.641941391941392,0.00000
-0.14617,-0.25695,-0.00561,-0.14613,-0.15014,0.6410256410256411,0.00000
-0.14617,-0.25695,-0.05789,-0.14613,-0.15014,0.6401098901098901,0.00000
-0.14617,-0.25695,-0.00561,-0.14613,-0.15014,0.6391941391941391,0.00000
-0.14617,-0.25695,-0.00561,-0.14613,-0.15014,0.6382783882783882,0.00000
-0.14617,-0.25695,-0.05789,-0.14613,-0.15014,0.6373626373626373,0.00000
-0.14617,-0.25695,0.00618,-0.14613,-0.15014,0.6364468864468864,0.00000
-0.14617,-0.25695,0.00618,-0.14613,-0.15014,0.6355311355311355,0.00000
-0.14617,-0.25695,-0.05789,-0.14613,-0.15014,0.6346153846153846,0.00000
-0.14617,-0.25695,0.04498,-0.14613,-0.15014,0.6336996336996337,0.00000
-0.14617,-0.25695,-0.01244,-0.14613,-0.15014,0.6327838827838828,0.00000
-0.14617,-0.25695,-0.05789,-0.14613,-0.15014,0.6318681318681318,0.00000
-0.14617,-0.25695,-0.01244,-0.14613,-0.15014,0.6309523809523809,0.00000
-0.14617,-0.25695,-0.05789,-0.14613,-0.15014,0.63003663003663,0.00000
-0.14617,-0.25695,-0.00561,-0.14613,-0.15014,0.6291208791208791,0.00000
-0.14617,-0.25695,-0.05789,-0.14613,-0.15014,0.6282051282051282,0.00000
-0.14617,-0.25695,-0.05789,-0.14613,-0.15014,0.6272893772893773,0.00000
-0.14617,-0.25695,-0.05789,-0.14613,-0.15014,0.6263736263736264,0.00000
-0.14617,-0.25695,-0.05789,-0.14613,-0.15014,0.6254578754578755,0.00000
-0.14617,-0.25695,-0.00561,-0.14613,-0.15014,0.6245421245421245,0.00000
-0.14617,-0.25695,-0.05789,-0.14613,-0.15014,0.6236263736263736,0.00000
-0.14617,-0.25695,-0.00561,-0.14613,-0.15014,0.6227106227106227,0.00000
-0.14617,-0.25695,0.00618,-0.14613,-0.15014,0.6217948717948718,0.00000
-0.14617,-0.25695,0.04498,-0.14613,-0.15014,0.6208791208791209,0.00000
-0.14617,-0.25695,0.04498,-0.14613,-0.15014,0.61996336996337,0.00000
-0.14617,-0.25695,0.04498,-0.14613,-0.15014,0.6190476190476191,0.00000
-0.14617,-0.25695,0.04498,-0.14613,-0.15014,0.6181318681318682,0.00000
-0.14617,-0.25695,0.04498,-0.14613,-0.15014,0.6172161172161172,0.00000
-0.14617,-0.25695,0.04498,-0.14613,-0.15014,0.6163003663003663,0.00000
-0.14617,-0.25695,-0.01244,-0.14613,-0.15014,0.6153846153846154,0.00000
-0.14617,-0.25695,-0.05789,-0.14613,-0.15014,0.6144688644688645,0.00000
-0.14617,-0.25695,-0.00561,-0.14613,-0.15014,0.6135531135531136,0.00000
-0.14617,-0.25695,-0.01244,-0.14613,-0.15014,0.6126373626373627,0.00000
-0.14617,-0.25695,-0.00561,-0.14613,-0.15014,0.6117216117216118,0.00000
-0.14617,-0.25695,0.00618,-0.14613,-0.15014,0.6108058608058609,0.00000
-0.14617,-0.25695,-0.00561,-0.14613,-0.15014,0.6098901098901099,0.00000
-0.14617,-0.25695,0.00618,-0.14613,-0.15014,0.6089743589743589,0.00000
-0.14617,-0.25695,-0.05789,-0.14613,-0.15014,0.608058608058608,0.00000
-0.14617,-0.25695,-0.05789,-0.14613,-0.15014,0.6071428571428571,0.00000
-0.14617,-0.25695,-0.00561,-0.14613,-0.15014,0.6062271062271062,0.00000
-0.14617,-0.25695,0.00618,-0.14613,-0.15014,0.6053113553113553,0.00000
-0.14617,-0.25695,-0.00561,-0.14613,-0.15014,0.6043956043956044,0.00000
-0.14617,-0.25695,-0.01244,-0.14613,-0.15014,0.6034798534798534,0.00000
-0.14617,-0.25695,0.04498,-0.14613,-0.15014,0.6025641025641025,0.00000
-0.14617,-0.25695,0.00618,-0.14613,-0.15014,0.6016483516483516,0.00000
-0.14617,-0.25695,0.04498,-0.14613,-0.15014,0.6007326007326007,0.00000
-0.14617,-0.25695,0.04498,-0.14613,-0.15014,0.5998168498168498,0.00000
-0.14617,-0.25695,0.00618,-0.14613,-0.15014,0.5989010989010989,0.00000
-0.14617,-0.25695,0.04498,-0.14613,-0.15014,0.597985347985348,0.00000
-0.14617,-0.25695,-0.01244,-0.14613,-0.15014,0.5970695970695971,0.00000
-0.14617,-0.25695,0.04498,-0.14613,-0.15014,0.5961538461538461,0.00000
-0.14617,-0.25695,-0.00561,-0.14613,-0.15014,0.5952380952380952,0.00000
-0.14617,-0.25695,-0.00561,-0.14613,-0.15014,0.5943223443223443,0.00000
-0.14617,-0.25695,-0.05789,-0.14613,-0.15014,0.5934065934065934,0.00000
-0.14617,-0.25695,0.00618,-0.14613,-0.15014,0.5924908424908425,0.00000
-0.14617,-0.25695,0.04498,-0.14613,-0.15014,0.5915750915750916,0.00000
-0.14617,-0.25695,-0.01244,-0.14613,-0.15014,0.5906593406593407,0.00000
-0.14617,-0.25695,-0.01244,-0.14613,-0.15014,0.5897435897435898,0.00000
-0.14617,-0.25695,0.04498,-0.14613,-0.15014,0.5888278388278388,0.00000
-0.14617,-0.25695,-0.01244,-0.14613,-0.15014,0.5879120879120879,0.00000
-0.14617,-0.25695,0.04498,-0.14613,-0.15014,0.586996336996337,0.00000
-0.14617,-0.25695,-0.01244,-0.14613,-0.15014,0.5860805860805861,0.00000
-0.14617,-0.25695,-0.05789,-0.14613,-0.15014,0.5851648351648352,0.00000
-0.14617,-0.25695,-0.05789,-0.14613,-0.15014,0.5842490842490843,0.00000
-0.14617,-0.25695,0.00618,-0.14613,-0.15014,0.5833333333333334,0.00000
-0.14617,-0.25695,0.00618,-0.14613,-0.15014,0.5824175824175825,0.00000
-0.14617,-0.25695,-0.01244,-0.14613,-0.15014,0.5815018315018315,0.00000
-0.14617,-0.25695,-0.01244,-0.14613,-0.15014,0.5805860805860806,0.00000
-0.14617,-0.25695,-0.01244,-0.14613,-0.15014,0.5796703296703297,0.00000
-0.14617,-0.25695,-0.01244,-0.14613,-0.15014,0.5787545787545788,0.00000
-0.14617,-0.25695,-0.05789,-0.14613,-0.15014,0.5778388278388278,0.00000
-0.14617,-0.25695,-0.05789,-0.14613,-0.15014,0.5769230769230769,0.00000
-0.14617,-0.25695,-0.05789,-0.14613,-0.15014,0.576007326007326,0.00000
-0.14617,-0.25695,0.00618,-0.14613,-0.15014,0.575091575091575,0.00000
-0.14617,-0.25695,0.00618,-0.14613,-0.15014,0.5741758241758241,0.00000
-0.14617,-0.25695,0.04498,-0.14613,-0.15014,0.5732600732600732,0.00000
-0.14617,-0.25695,0.04498,-0.14613,-0.15014,0.5723443223443223,0.00000
-0.14617,-0.25695,-0.00561,-0.14613,-0.15014,0.5714285714285714,0.00000
-0.14617,-0.25695,-0.00561,-0.14613,-0.15014,0.5705128205128205,0.00000
-0.14617,-0.25695,-0.00561,-0.14613,-0.15014,0.5695970695970696,0.00000
-0.14617,-0.25695,-0.05789,-0.14613,-0.15014,0.5686813186813187,0.00000
-0.14617,-0.25695,-0.05789,-0.14613,-0.15014,0.5677655677655677,0.00000
-0.14617,-0.25695,-0.05789,-0.14613,-0.15014,0.5668498168498168,0.00000
-0.14617,-0.25695,-0.00561,-0.14613,-0.15014,0.5659340659340659,0.00000
-0.14617,-0.25695,-0.01244,-0.14613,-0.15014,0.565018315018315,0.00000
-0.14617,-0.25695,-0.00561,-0.14613,-0.15014,0.5641025641025641,0.00000
-0.14617,-0.25695,0.00618,-0.14613,-0.15014,0.5631868131868132,0.00000
-0.14617,-0.25695,0.04498,-0.14613,-0.15014,0.5622710622710623,0.00000
-0.14617,-0.25695,0.04498,-0.14613,-0.15014,0.5613553113553114,0.00000
-0.14617,-0.25695,-0.01244,-0.14613,-0.15014,0.5604395604395604,0.00000
-0.14617,-0.25695,-0.01244,-0.14613,-0.15014,0.5595238095238095,0.00000
-0.14617,-0.25695,-0.05789,-0.14613,-0.15014,0.5586080586080586,0.00000
-0.14617,-0.25695,-0.05789,-0.14613,-0.15014,0.5576923076923077,0.00000
-0.14617,-0.25695,-0.05789,-0.14613,-0.15014,0.5567765567765568,0.00000
-0.14617,-0.25695,0.00618,-0.14613,-0.15014,0.5558608058608059,0.00000
-0.14617,-0.25695,0.00618,-0.14613,-0.15014,0.554945054945055,0.00000
-0.14617,-0.25695,0.04498,-0.14613,-0.15014,0.5540293040293041,0.00000
-0.14617,-0.25695,-0.01244,-0.14613,-0.15014,0.5531135531135531,0.00000
-0.14617,-0.25695,-0.01244,-0.14613,-0.15014,0.5521978021978022,0.00000
-0.14617,-0.25695,0.04498,-0.14613,-0.15014,0.5512820512820513,0.00000
-0.14617,-0.25695,-0.05789,-0.14613,-0.15014,0.5503663003663004,0.00000
-0.14617,-0.25695,0.00618,-0.14613,-0.15014,0.5494505494505495,0.00000
-0.14617,-0.25695,0.00618,-0.14613,-0.15014,0.5485347985347986,0.00000
-0.14617,-0.25695,0.00618,-0.14613,-0.15014,0.5476190476190477,0.00000
-0.14617,-0.25695,-0.01244,-0.14613,-0.15014,0.5467032967032966,0.00000
-0.14617,-0.25695,-0.01244,-0.14613,-0.15014,0.5457875457875457,0.00000
-0.14617,-0.25695,-0.01244,-0.14613,-0.15014,0.5448717948717948,0.00000
-0.14617,-0.25695,-0.01244,-0.14613,-0.15014,0.5439560439560439,0.00000
-0.14617,-0.25695,-0.00561,-0.14613,-0.15014,0.543040293040293,0.00000
-0.14617,-0.25695,-0.01244,-0.14613,-0.15014,0.5421245421245421,0.00000
-0.14617,-0.25695,0.04498,-0.14613,-0.15014,0.5412087912087912,0.00000
-0.14617,-0.25695,-0.00561,-0.14613,-0.15014,0.5402930402930403,0.00000
-0.14617,-0.25695,-0.00561,-0.14613,-0.15014,0.5393772893772893,0.00000
-0.14617,-0.25695,-0.00561,-0.14613,-0.15014,0.5384615384615384,0.00000
-0.14617,-0.25695,-0.05789,-0.14613,-0.15014,0.5375457875457875,0.00000
-0.14617,-0.25695,0.00618,-0.14613,-0.15014,0.5366300366300366,0.00000
-0.14617,-0.25695,0.04498,-0.14613,-0.15014,0.5357142857142857,0.00000
-0.14617,-0.25695,0.00618,-0.14613,-0.15014,0.5347985347985348,0.00000
-0.14617,-0.25695,0.00618,-0.14613,-0.15014,0.5338827838827839,0.00000
-0.14617,-0.25695,0.00618,-0.14613,-0.15014,0.532967032967033,0.00000
-0.14617,-0.25695,0.04498,-0.14613,-0.15014,0.532051282051282,0.00000
-0.14617,-0.25695,0.00618,-0.14613,-0.15014,0.5311355311355311,0.00000
-0.14617,-0.25695,-0.01244,-0.14613,-0.15014,0.5302197802197802,0.00000
-0.14617,-0.25695,-0.05789,-0.14613,-0.15014,0.5293040293040293,0.00000
-0.14617,-0.25695,0.04498,-0.14613,-0.15014,0.5283882783882784,0.00000
-0.14617,-0.25695,0.00618,-0.14613,-0.15014,0.5274725274725275,0.00000
-0.14617,-0.25695,-0.00561,-0.14613,-0.15014,0.5265567765567766,0.00000
-0.14617,-0.25695,-0.00561,-0.14613,-0.15014,0.5256410256410257,0.00000
-0.14617,-0.25695,0.00618,-0.14613,-0.15014,0.5247252747252747,0.00000
-0.14617,-0.25695,-0.01244,-0.14613,-0.15014,0.5238095238095238,0.00000
-0.14617,-0.25695,0.00618,-0.14613,-0.15014,0.5228937728937729,0.00000
-0.14617,-0.25695,-0.05789,-0.14613,-0.15014,0.521978021978022,0.00000
-0.14617,-0.25695,-0.05789,-0.14613,-0.15014,0.5210622710622711,0.00000
-0.14617,-0.25695,-0.05789,-0.14613,-0.15014,0.5201465201465202,0.00000
-0.14617,-0.25695,0.04498,-0.14613,-0.15014,0.5192307692307693,0.00000
-0.14617,-0.25695,-0.01244,-0.14613,-0.15014,0.5183150183150184,0.00000
-0.14617,-0.25695,0.00618,-0.14613,-0.15014,0.5173992673992674,0.00000
-0.14617,-0.25695,-0.00561,-0.14613,-0.15014,0.5164835164835165,0.00000
-0.14617,-0.25695,-0.05789,-0.14613,-0.15014,0.5155677655677655,0.00000
-0.14617,-0.25695,-0.05789,-0.14613,-0.15014,0.5146520146520146,0.00000
-0.14617,-0.25695,0.00618,-0.14613,-0.15014,0.5137362637362637,0.00000
-0.14617,-0.25695,-0.01244,-0.14613,-0.15014,0.5128205128205128,0.00000
-0.14617,-0.25695,-0.05789,-0.14613,-0.15014,0.5119047619047619,0.00000
-0.14617,-0.25695,0.04498,-0.14613,-0.15014,0.510989010989011,0.00000
-0.14617,-0.25695,-0.05789,-0.14613,-0.15014,0.51007326007326,0.00000
-0.14617,-0.25695,-0.00561,-0.14613,-0.15014,0.5091575091575091,0.00000
-0.14617,-0.25695,-0.05789,-0.14613,-0.15014,0.5082417582417582,0.00000
-0.14617,-0.25695,-0.05789,-0.14613,-0.15014,0.5073260073260073,0.00000
-0.14617,-0.25695,-0.05789,-0.14613,-0.15014,0.5064102564102564,0.00000
-0.14617,-0.25695,-0.05789,-0.14613,-0.15014,0.5054945054945055,0.00000
-0.14617,-0.25695,0.00618,-0.14613,-0.15014,0.5045787545787546,0.00000
-0.14617,-0.25695,-0.05789,-0.14613,-0.15014,0.5036630036630036,0.00000
-0.14617,-0.25695,-0.05789,-0.14613,-0.15014,0.5027472527472527,0.00000
-0.14617,-0.25695,0.00618,-0.14613,-0.15014,0.5018315018315018,0.00000
-0.14617,-0.25695,-0.05789,-0.14613,-0.15014,0.5009157509157509,0.00000
-0.14617,-0.25695,-0.00561,-0.14613,-0.15014,0.5,0.00000
-0.14617,-0.25695,-0.00561,-0.14613,-0.15014,0.4990842490842491,0.00000
-0.14617,-0.25695,-0.00561,-0.14613,-0.15014,0.4981684981684982,0.00000
-0.14617,-0.25695,-0.01244,-0.14613,-0.15014,0.49725274725274726,0.00000
-0.14617,-0.25695,-0.00561,-0.14613,-0.15014,0.49633699633699635,0.00000
-0.14617,-0.25695,-0.05789,-0.14613,-0.15014,0.49542124542124544,0.00000
-0.14617,-0.25695,-0.05789,-0.14613,-0.15014,0.4945054945054945,0.00000
-0.14617,-0.25695,-0.05789,-0.14613,-0.15014,0.4935897435897436,0.00000
-0.14617,-0.25695,0.00618,-0.14613,-0.15014,0.4926739926739927,0.00000
-0.14617,-0.25695,0.04498,-0.14613,-0.15014,0.49175824175824173,0.00000
-0.14617,-0.25695,0.04498,-0.14613,-0.15014,0.4908424908424908,0.00000
-0.14617,-0.25695,-0.01244,-0.14613,-0.15014,0.4899267399267399,0.00000
-0.14617,-0.25695,-0.00561,-0.14613,-0.15014,0.489010989010989,0.00000
-0.14617,-0.25695,-0.00561,-0.14613,-0.15014,0.4880952380952381,0.00000
-0.14617,-0.25695,0.00618,-0.14613,-0.15014,0.48717948717948717,0.00000
-0.14617,-0.25695,-0.05789,-0.14613,-0.15014,0.48626373626373626,0.00000
-0.14617,-0.25695,0.00618,-0.14613,-0.15014,0.48534798534798534,0.00000
-0.14617,-0.25695,0.00618,-0.14613,-0.15014,0.48443223443223443,0.00000
-0.14617,-0.25695,-0.01244,-0.14613,-0.15014,0.4835164835164835,0.00000
-0.14617,-0.25695,0.04498,-0.14613,-0.15014,0.4826007326007326,0.00000
-0.14617,-0.25695,0.00618,-0.14613,-0.15014,0.4816849816849817,0.00000
-0.14617,-0.25695,0.00618,-0.14613,-0.15014,0.4807692307692308,0.00000
-0.14617,-0.25695,-0.05789,-0.14613,-0.15014,0.47985347985347987,0.00000
-0.14617,-0.25695,0.00618,-0.14613,-0.15014,0.47893772893772896,0.00000
-0.14617,-0.25695,0.04498,-0.14613,-0.15014,0.47802197802197804,0.00000
-0.14617,-0.25695,0.04498,-0.14613,-0.15014,0.47710622710622713,0.00000
-0.14617,-0.25695,-0.00561,-0.14613,-0.15014,0.47619047619047616,0.00000
-0.14617,-0.25695,-0.05789,-0.14613,-0.15014,0.47527472527472525,0.00000
-0.14617,-0.25695,-0.05789,-0.14613,-0.15014,0.47435897435897434,0.00000
-0.14617,-0.25695,-0.05789,-0.14613,-0.15014,0.4734432234432234,0.00000
-0.14617,-0.25695,0.00618,-0.14613,-0.15014,0.4725274725274725,0.00000
-0.14617,-0.25695,0.00618,-0.14613,-0.15014,0.4716117216117216,0.00000
-0.14617,-0.25695,0.04498,-0.14613,-0.15014,0.4706959706959707,0.00000
-0.14617,-0.25695,0.04498,-0.14613,-0.15014,0.4697802197802198,0.00000
-0.14617,-0.25695,-0.01244,-0.14613,-0.15014,0.46886446886446886,0.00000
-0.14617,-0.25695,0.04498,-0.14613,-0.15014,0.46794871794871795,0.00000
-0.14617,-0.25695,-0.00561,-0.14613,-0.15014,0.46703296703296704,0.00000
-0.14617,-0.25695,0.00618,-0.14613,-0.15014,0.4661172161172161,0.00000
-0.14617,-0.25695,-0.00561,-0.14613,-0.15014,0.4652014652014652,0.00000
-0.14617,-0.25695,-0.05789,-0.14613,-0.15014,0.4642857142857143,0.00000
-0.14617,-0.25695,0.00618,-0.14613,-0.15014,0.4633699633699634,0.00000
-0.14617,-0.25695,0.00618,-0.14613,-0.15014,0.4624542124542125,0.00000
-0.14617,-0.25695,-0.00561,-0.14613,-0.15014,0.46153846153846156,0.00000
-0.14617,-0.25695,0.00618,-0.14613,-0.15014,0.4606227106227106,0.00000
-0.14617,-0.25695,-0.01244,-0.14613,-0.15014,0.4597069597069597,0.00000
-0.14617,-0.25695,-0.00561,-0.14613,-0.15014,0.45879120879120877,0.00000
-0.14617,-0.25695,-0.00561,-0.14613,-0.15014,0.45787545787545786,0.00000
-0.14617,-0.25695,-0.00561,-0.14613,-0.15014,0.45695970695970695,0.00000
-0.14617,-0.25695,-0.05789,-0.14613,-0.15014,0.45604395604395603,0.00000
-0.14617,-0.25695,0.00618,-0.14613,-0.15014,0.4551282051282051,0.00000
-0.14617,-0.25695,0.00618,-0.14613,-0.15014,0.4542124542124542,0.00000
-0.14617,-0.25695,0.04498,-0.14613,-0.15014,0.4532967032967033,0.00000
-0.14617,-0.25695,-0.01244,-0.14613,-0.15014,0.4523809523809524,0.00000
-0.14617,-0.25695,-0.05789,-0.14613,-0.15014,0.45146520146520147,0.00000
-0.14617,-0.25695,-0.05789,-0.14613,-0.15014,0.45054945054945056,0.00000
-0.14617,-0.25695,-0.05789,-0.14613,-0.15014,0.44963369963369965,0.00000
-0.14617,-0.25695,-0.05789,-0.14613,-0.15014,0.44871794871794873,0.00000
-0.14617,-0.25695,0.00618,-0.14613,-0.15014,0.4478021978021978,0.00000
-0.14617,-0.25695,0.00618,-0.14613,-0.15014,0.4468864468864469,0.00000
-0.14617,-0.25695,0.00618,-0.14613,-0.15014,0.445970695970696,0.00000
-0.14617,-0.25695,0.04498,-0.14613,-0.15014,0.44505494505494503,0.00000
-0.14617,-0.25695,0.04498,-0.14613,-0.15014,0.4441391941391941,0.00000
-0.14617,-0.25695,-0.00561,-0.14613,-0.15014,0.4432234432234432,0.00000
-0.14617,-0.25695,0.04498,-0.14613,-0.15014,0.4423076923076923,0.00000
-0.14617,-0.25695,0.00618,-0.14613,-0.15014,0.4413919413919414,0.00000
-0.14617,-0.25695,0.00618,-0.14613,-0.15014,0.44047619047619047,0.00000
-0.14617,-0.25695,0.00618,-0.14613,-0.15014,0.43956043956043955,0.00000
-0.14617,-0.25695,0.04498,-0.14613,-0.15014,0.43864468864468864,0.00000
-0.14617,-0.25695,0.04498,-0.14613,-0.15014,0.43772893772893773,0.00000
-0.14617,-0.25695,-0.01244,-0.14613,-0.15014,0.4368131868131868,0.00000
-0.14617,-0.25695,-0.01244,-0.14613,-0.15014,0.4358974358974359,0.00000
-0.14617,-0.25695,-0.01244,-0.14613,-0.15014,0.434981684981685,0.00000
-0.14617,-0.25695,-0.05789,-0.14613,-0.15014,0.4340659340659341,0.00000
-0.14617,-0.25695,-0.05789,-0.14613,-0.15014,0.43315018315018317,0.00000
-0.14617,-0.25695,-0.05789,-0.14613,-0.15014,0.43223443223443225,0.00000
-0.14617,-0.25695,-0.01244,-0.14613,-0.15014,0.43131868131868134,0.00000
-0.14617,-0.25695,-0.05789,-0.14613,-0.15014,0.43040293040293043,0.00000
-0.14617,-0.25695,-0.01244,-0.14613,-0.15014,0.42948717948717946,0.00000
-0.14617,-0.25695,-0.01244,-0.14613,-0.15014,0.42857142857142855,0.00000
-0.14617,-0.25695,0.04498,-0.14613,-0.15014,0.42765567765567764,0.00000
-0.14617,-0.25695,-0.05789,-0.14613,-0.15014,0.4267399267399267,0.00000
-0.14617,-0.25695,-0.05789,-0.14613,-0.15014,0.4258241758241758,0.00000
-0.14617,-0.25695,-0.05789,-0.14613,-0.15014,0.4249084249084249,0.00000
-0.14617,-0.25695,-0.05789,-0.14613,-0.15014,0.423992673992674,0.00000
-0.14617,-0.25695,0.00618,-0.14613,-0.15014,0.4230769230769231,0.00000
-0.14617,-0.25695,-0.05789,-0.14613,-0.15014,0.42216117216117216,0.00000
-0.14617,-0.25695,-0.01244,-0.14613,-0.15014,0.42124542124542125,0.00000
-0.14617,-0.25695,-0.00561,-0.14613,-0.15014,0.42032967032967034,0.00000
-0.14617,-0.25695,-0.01244,-0.14613,-0.15014,0.4194139194139194,0.00000
-0.14617,-0.25695,-0.01244,-0.14613,-0.15014,0.4184981684981685,0.00000
-0.14617,-0.25695,-0.01244,-0.14613,-0.15014,0.4175824175824176,0.00000
-0.14617,-0.25695,-0.01244,-0.14613,-0.15014,0.4166666666666667,0.00000
-0.14617,-0.25695,-0.01244,-0.14613,-0.15014,0.4157509157509158,0.00000
-0.14617,-0.25695,-0.00561,-0.14613,-0.15014,0.41483516483516486,0.00000
-0.14617,-0.25695,-0.05789,-0.14613,-0.15014,0.4139194139194139,0.00000
-0.14617,-0.25695,0.00618,-0.14613,-0.15014,0.413003663003663,0.00000
-0.14617,-0.25695,0.00618,-0.14613,-0.15014,0.41208791208791207,0.00000
-0.14617,-0.25695,-0.01244,-0.14613,-0.15014,0.41117216117216115,0.00000
-0.14617,-0.25695,0.00618,-0.14613,-0.15014,0.41025641025641024,0.00000
-0.14617,-0.25695,-0.00561,-0.14613,-0.15014,0.40934065934065933,0.00000
-0.14617,-0.25695,-0.00561,-0.14613,-0.15014,0.4084249084249084,0.00000
-0.14617,-0.25695,-0.00561,-0.14613,-0.15014,0.4075091575091575,0.00000
-0.14617,-0.25695,0.00618,-0.14613,-0.15014,0.4065934065934066,0.00000
-0.14617,-0.25695,0.04498,-0.14613,-0.15014,0.4056776556776557,0.00000
-0.14617,-0.25695,-0.00561,-0.14613,-0.15014,0.40476190476190477,0.00000
-0.14617,-0.25695,-0.00561,-0.14613,-0.15014,0.40384615384615385,0.00000
-0.14617,-0.25695,-0.05789,-0.14613,-0.15014,0.40293040293040294,0.00000
-0.14617,-0.25695,0.04498,-0.14613,-0.15014,0.40201465201465203,0.00000
-0.14617,-0.25695,-0.05789,-0.14613,-0.15014,0.4010989010989011,0.00000
-0.14617,-0.25695,0.00618,-0.14613,-0.15014,0.4001831501831502,0.00000
-0.14617,-0.25695,-0.05789,-0.14613,-0.15014,0.3992673992673993,0.00000
-0.14617,-0.25695,-0.01244,-0.14613,-0.15014,0.3983516483516483,0.00000
-0.14617,-0.25695,0.00618,-0.14613,-0.15014,0.3974358974358974,0.00000
-0.14617,-0.25695,0.00618,-0.14613,-0.15014,0.3965201465201465,0.00000
-0.14617,-0.25695,0.04498,-0.14613,-0.15014,0.3956043956043956,0.00000
-0.14617,-0.25695,-0.01244,-0.14613,-0.15014,0.3946886446886447,0.00000
-0.14617,-0.25695,-0.01244,-0.14613,-0.15014,0.39377289377289376,0.00000
-0.14617,-0.25695,-0.00561,-0.14613,-0.15014,0.39285714285714285,0.00000
-0.14617,-0.25695,-0.00561,-0.14613,-0.15014,0.39194139194139194,0.00000
-0.14617,-0.25695,0.00618,-0.14613,-0.15014,0.391025641025641,0.00000
-0.14617,-0.25695,-0.05789,-0.14613,-0.15014,0.3901098901098901,0.00000
-0.14617,-0.25695,0.00618,-0.14613,-0.15014,0.3891941391941392,0.00000
-0.14617,-0.25695,0.04498,-0.14613,-0.15014,0.3882783882783883,0.00000
-0.14617,-0.25695,-0.00561,-0.14613,-0.15014,0.3873626373626374,0.00000
-0.14617,-0.25695,-0.05789,-0.14613,-0.15014,0.38644688644688646,0.00000
-0.14617,-0.25695,0.04498,-0.14613,-0.15014,0.38553113553113555,0.00000
-0.14617,-0.25695,0.04498,-0.14613,-0.15014,0.38461538461538464,0.00000
-0.14617,-0.25695,-0.01244,-0.14613,-0.15014,0.3836996336996337,0.00000
-0.14617,-0.25695,-0.00561,-0.14613,-0.15014,0.38278388278388276,0.00000
-0.14617,-0.25695,-0.05789,-0.14613,-0.15014,0.38186813186813184,0.00000
-0.14617,-0.25695,-0.05789,-0.14613,-0.15014,0.38095238095238093,0.00000
-0.14617,-0.25695,0.00618,-0.14613,-0.15014,0.38003663003663,0.00000
-0.14617,-0.25695,-0.01244,-0.14613,-0.15014,0.3791208791208791,0.00000
-0.14617,-0.25695,-0.05789,-0.14613,-0.15014,0.3782051282051282,0.00000
-0.14617,-0.25695,-0.05789,-0.14613,-0.15014,0.3772893772893773,0.00000
-0.14617,-0.25695,0.00618,-0.14613,-0.15014,0.37637362637362637,0.00000
-0.14617,-0.25695,0.00618,-0.14613,-0.15014,0.37545787545787546,0.00000
-0.14617,-0.25695,0.00618,-0.14613,-0.15014,0.37454212454212454,0.00000
-0.14617,-0.25695,0.04498,-0.14613,-0.15014,0.37362637362637363,0.00000
-0.14617,-0.25695,0.04498,-0.14613,-0.15014,0.3727106227106227,0.00000
-0.14617,-0.25695,-0.01244,-0.14613,-0.15014,0.3717948717948718,0.00000
-0.14617,-0.25695,-0.00561,-0.14613,-0.15014,0.3708791208791209,0.00000
-0.14617,-0.25695,0.00618,-0.14613,-0.15014,0.36996336996337,0.00000
-0.14617,-0.25695,-0.00561,-0.14613,-0.15014,0.36904761904761907,0.00000
-0.14617,-0.25695,-0.00561,-0.14613,-0.15014,0.36813186813186816,0.00000
-0.14617,-0.25695,-0.05789,-0.14613,-0.15014,0.36721611721611724,0.00000
-0.14617,-0.25695,0.00618,-0.14613,-0.15014,0.3663003663003663,0.00000
-0.14617,-0.25695,0.04498,-0.14613,-0.15014,0.36538461538461536,0.00000
-0.14617,-0.25695,0.04498,-0.14613,-0.15014,0.36446886446886445,0.00000
-0.14617,-0.25695,-0.00561,-0.14613,-0.15014,0.36355311355311354,0.00000
-0.14617,-0.25695,-0.05789,-0.14613,-0.15014,0.3626373626373626,0.00000
-0.14617,-0.25695,-0.05789,-0.14613,-0.15014,0.3617216117216117,0.00000
-0.14617,-0.25695,-0.00561,-0.14613,-0.15014,0.3608058608058608,0.00000
-0.14617,-0.25695,-0.01244,-0.14613,-0.15014,0.3598901098901099,0.00000
-0.14617,-0.25695,0.00618,-0.14613,-0.15014,0.358974358974359,0.00000
-0.14617,-0.25695,0.00618,-0.14613,-0.15014,0.35805860805860806,0.00000
-0.14617,-0.25695,0.00618,-0.14613,-0.15014,0.35714285714285715,0.00000
-0.14617,-0.25695,0.04498,-0.14613,-0.15014,0.35622710622710624,0.00000
-0.14617,-0.25695,-0.01244,-0.14613,-0.15014,0.3553113553113553,0.00000
-0.14617,-0.25695,-0.00561,-0.14613,-0.15014,0.3543956043956044,0.00000
-0.14617,-0.25695,-0.00561,-0.14613,-0.15014,0.3534798534798535,0.00000
-0.14617,-0.25695,-0.00561,-0.14613,-0.15014,0.3525641025641026,0.00000
-0.14617,-0.25695,-0.00561,-0.14613,-0.15014,0.3516483516483517,0.00000
-0.14617,-0.25695,0.00618,-0.14613,-0.15014,0.3507326007326007,0.00000
-0.14617,-0.25695,0.00618,-0.14613,-0.15014,0.3498168498168498,0.00000
-0.14617,-0.25695,0.04498,-0.14613,-0.15014,0.3489010989010989,0.00000
-0.14617,-0.25695,0.04498,-0.14613,-0.15014,0.34798534798534797,0.00000
-0.14617,-0.25695,-0.01244,-0.14613,-0.15014,0.34706959706959706,0.00000
-0.14617,-0.25695,-0.01244,-0.14613,-0.15014,0.34615384615384615,0.00000
-0.14617,-0.25695,-0.05789,-0.14613,-0.15014,0.34523809523809523,0.00000
-0.14617,-0.25695,-0.05789,-0.14613,-0.15014,0.3443223443223443,0.00000
-0.14617,-0.25695,-0.05789,-0.14613,-0.15014,0.3434065934065934,0.00000
-0.14617,-0.25695,-0.01244,-0.14613,-0.15014,0.3424908424908425,0.00000
-0.14617,-0.25695,-0.01244,-0.14613,-0.15014,0.3415750915750916,0.00000
-0.14617,-0.25695,-0.00561,-0.14613,-0.15014,0.34065934065934067,0.00000
-0.14617,-0.25695,-0.01244,-0.14613,-0.15014,0.33974358974358976,0.00000
-0.14617,-0.25695,-0.00561,-0.14613,-0.15014,0.33882783882783885,0.00000
-0.14617,-0.25695,-0.05789,-0.14613,-0.15014,0.33791208791208793,0.00000
-0.14617,-0.25695,0.00618,-0.14613,-0.15014,0.336996336996337,0.00000
-0.14617,-0.25695,0.04498,-0.14613,-0.15014,0.3360805860805861,0.00000
-0.14617,-0.25695,-0.05789,-0.14613,-0.15014,0.33516483516483514,0.00000
-0.14617,-0.25695,0.00618,-0.14613,-0.15014,0.3342490842490842,0.00000
-0.14617,-0.25695,0.04498,-0.14613,-0.15014,0.3333333333333333,0.00000
-0.14617,-0.25695,0.04498,-0.14613,-0.15014,0.3324175824175824,0.00000
-0.14617,-0.25695,-0.01244,-0.14613,-0.15014,0.3315018315018315,0.00000
-0.14617,-0.25695,-0.01244,-0.14613,-0.15014,0.3305860805860806,0.00000
-0.14617,-0.25695,-0.01244,-0.14613,-0.15014,0.32967032967032966,0.00000
-0.14617,-0.25695,-0.00561,-0.14613,-0.15014,0.32875457875457875,0.00000
-0.14617,-0.25695,0.00618,-0.14613,-0.15014,0.32783882783882784,0.00000
-0.14617,-0.25695,0.04498,-0.14613,-0.15014,0.3269230769230769,0.00000
-0.14617,-0.25695,-0.01244,-0.14613,-0.15014,0.326007326007326,0.00000
-0.14617,-0.25695,-0.05789,-0.14613,-0.15014,0.3250915750915751,0.00000
-0.14617,-0.25695,-0.05789,-0.14613,-0.15014,0.3241758241758242,0.00000
-0.14617,-0.25695,0.04498,-0.14613,-0.15014,0.3232600732600733,0.00000
-0.14617,-0.25695,-0.01244,-0.14613,-0.15014,0.32234432234432236,0.00000
-0.14617,-0.25695,0.04498,-0.14613,-0.15014,0.32142857142857145,0.00000
-0.14617,-0.25695,-0.01244,-0.14613,-0.15014,0.32051282051282054,0.00000
-0.14617,-0.25695,-0.01244,-0.14613,-0.15014,0.31959706959706957,0.00000
-0.14617,-0.25695,0.04498,-0.14613,-0.15014,0.31868131868131866,0.00000
-0.14617,-0.25695,-0.05789,-0.14613,-0.15014,0.31776556776556775,0.00000
-0.14617,-0.25695,-0.05789,-0.14613,-0.15014,0.31684981684981683,0.00000
-0.14617,-0.25695,-0.05789,-0.14613,-0.15014,0.3159340659340659,0.00000
-0.14617,-0.25695,-0.01244,-0.14613,-0.15014,0.315018315018315,0.00000
-0.14617,-0.25695,-0.05789,-0.14613,-0.15014,0.3141025641025641,0.00000
-0.14617,-0.25695,-0.05789,-0.14613,-0.15014,0.3131868131868132,0.00000
-0.14617,-0.25695,0.04498,-0.14613,-0.15014,0.31227106227106227,0.00000
-0.14617,-0.25695,0.00618,-0.14613,-0.15014,0.31135531135531136,0.00000
-0.14617,-0.25695,0.00618,-0.14613,-0.15014,0.31043956043956045,0.00000
-0.14617,-0.25695,0.00618,-0.14613,-0.15014,0.30952380952380953,0.00000
-0.14617,-0.25695,0.04498,-0.14613,-0.15014,0.3086080586080586,0.00000
-0.14617,-0.25695,-0.05789,-0.14613,-0.15014,0.3076923076923077,0.00000
-0.14617,-0.25695,0.00618,-0.14613,-0.15014,0.3067765567765568,0.00000
-0.14617,-0.25695,0.00618,-0.14613,-0.15014,0.3058608058608059,0.00000
-0.14617,-0.25695,0.04498,-0.14613,-0.15014,0.30494505494505497,0.00000
-0.14617,-0.25695,-0.01244,-0.14613,-0.15014,0.304029304029304,0.00000
-0.14617,-0.25695,-0.01244,-0.14613,-0.15014,0.3031135531135531,0.00000
-0.14617,-0.25695,0.04498,-0.14613,-0.15014,0.3021978021978022,0.00000
-0.14617,-0.25695,-0.05789,-0.14613,-0.15014,0.30128205128205127,0.00000
-0.14617,-0.25695,0.04498,-0.14613,-0.15014,0.30036630036630035,0.00000
-0.14617,-0.25695,0.00618,-0.14613,-0.15014,0.29945054945054944,0.00000
-0.14617,-0.25695,-0.05789,-0.14613,-0.15014,0.29853479853479853,0.00000
-0.14617,-0.25695,0.00618,-0.14613,-0.15014,0.2976190476190476,0.00000
-0.14617,-0.25695,0.00618,-0.14613,-0.15014,0.2967032967032967,0.00000
-0.14617,-0.25695,0.04498,-0.14613,-0.15014,0.2957875457875458,0.00000
-0.14617,-0.25695,0.04498,-0.14613,-0.15014,0.2948717948717949,0.00000
-0.14617,-0.25695,-0.01244,-0.14613,-0.15014,0.29395604395604397,0.00000
-0.14617,-0.25695,-0.00561,-0.14613,-0.15014,0.29304029304029305,0.00000
-0.14617,-0.25695,-0.00561,-0.14613,-0.15014,0.29212454212454214,0.00000
-0.14617,-0.25695,-0.01244,-0.14613,-0.15014,0.29120879120879123,0.00000
-0.14617,-0.25695,-0.01244,-0.14613,-0.15014,0.2902930402930403,0.00000
-0.14617,-0.25695,-0.00561,-0.14613,-0.15014,0.2893772893772894,0.00000
-0.14617,-0.25695,-0.00561,-0.14613,-0.15014,0.28846153846153844,0.00000
-0.14617,-0.25695,0.00618,-0.14613,-0.15014,0.2875457875457875,0.00000
-0.14617,-0.25695,0.00618,-0.14613,-0.15014,0.2866300366300366,0.00000
-0.14617,-0.25695,0.00618,-0.14613,-0.15014,0.2857142857142857,0.00000
-0.14617,-0.25695,0.04498,-0.14613,-0.15014,0.2847985347985348,0.00000
-0.14617,-0.25695,0.04498,-0.14613,-0.15014,0.2838827838827839,0.00000
-0.14617,-0.25695,-0.01244,-0.14613,-0.15014,0.28296703296703296,0.00000
-0.14617,-0.25695,-0.00561,-0.14613,-0.15014,0.28205128205128205,0.00000
-0.14617,-0.25695,-0.01244,-0.14613,-0.15014,0.28113553113553114,0.00000
-0.14617,-0.25695,0.00618,-0.14613,-0.15014,0.2802197802197802,0.00000
-0.14617,-0.25695,-0.00561,-0.14613,-0.15014,0.2793040293040293,0.00000
-0.14617,-0.25695,0.00618,-0.14613,-0.15014,0.2783882783882784,0.00000
-0.14617,-0.25695,0.04498,-0.14613,-0.15014,0.2774725274725275,0.00000
-0.14617,-0.25695,0.04498,-0.14613,-0.15014,0.2765567765567766,0.00000
-0.14617,-0.25695,0.00618,-0.14613,-0.15014,0.27564102564102566,0.00000
-0.14617,-0.25695,-0.01244,-0.14613,-0.15014,0.27472527472527475,0.00000
-0.14617,-0.25695,-0.00561,-0.14613,-0.15014,0.27380952380952384,0.00000
-0.14617,-0.25695,-0.00561,-0.14613,-0.15014,0.27289377289377287,0.00000
-0.14617,-0.25695,0.00618,-0.14613,-0.15014,0.27197802197802196,0.00000
-0.14617,-0.25695,0.04498,-0.14613,-0.15014,0.27106227106227104,0.00000
-0.14617,-0.25695,-0.01244,-0.14613,-0.15014,0.27014652014652013,0.00000
-0.14617,-0.25695,-0.00561,-0.14613,-0.15014,0.2692307692307692,0.00000
-0.14617,-0.25695,-0.00561,-0.14613,-0.15014,0.2683150183150183,0.00000
-0.14617,-0.25695,-0.00561,-0.14613,-0.15014,0.2673992673992674,0.00000
-0.14617,-0.25695,0.00618,-0.14613,-0.15014,0.2664835164835165,0.00000
-0.14617,-0.25695,0.04498,-0.14613,-0.15014,0.26556776556776557,0.00000
-0.14617,-0.25695,-0.00561,-0.14613,-0.15014,0.26465201465201466,0.00000
-0.14617,-0.25695,-0.00561,-0.14613,-0.15014,0.26373626373626374,0.00000
-0.14617,-0.25695,0.00618,-0.14613,-0.15014,0.26282051282051283,0.00000
-0.14617,-0.25695,0.00618,-0.14613,-0.15014,0.2619047619047619,0.00000
-0.14617,-0.25695,0.00618,-0.14613,-0.15014,0.260989010989011,0.00000
-0.14617,-0.25695,-0.00561,-0.14613,-0.15014,0.2600732600732601,0.00000
-0.14617,-0.25695,-0.05789,-0.14613,-0.15014,0.2591575091575092,0.00000
-0.14617,-0.25695,0.00618,-0.14613,-0.15014,0.25824175824175827,0.00000
-0.14617,-0.25695,0.00618,-0.14613,-0.15014,0.2573260073260073,0.00000
-0.14617,-0.25695,0.04498,-0.14613,-0.15014,0.2564102564102564,0.00000
-0.14617,-0.25695,0.04498,-0.14613,-0.15014,0.2554945054945055,0.00000
-0.14617,-0.25695,0.04498,-0.14613,-0.15014,0.25457875457875456,0.00000
-0.14617,-0.25695,-0.01244,-0.14613,-0.15014,0.25366300366300365,0.00000
-0.14617,-0.25695,-0.01244,-0.14613,-0.15014,0.25274725274725274,0.00000
-0.14617,-0.25695,-0.05789,-0.14613,-0.15014,0.2518315018315018,0.00000
-0.14617,-0.25695,-0.00561,-0.14613,-0.15014,0.2509157509157509,0.00000
-0.14617,-0.25695,0.00618,-0.14613,-0.15014,0.25,0.00000
-0.14617,-0.25695,0.00618,-0.14613,-0.15014,0.2490842490842491,0.00000
-0.14617,-0.25695,-0.00561,-0.14613,-0.15014,0.24816849816849818,0.00000
-0.14617,-0.25695,0.00618,-0.14613,-0.15014,0.24725274725274726,0.00000
-0.14617,-0.25695,0.00618,-0.14613,-0.15014,0.24633699633699635,0.00000
-0.14617,-0.25695,0.00618,-0.14613,-0.15014,0.2454212454212454,0.00000
-0.14617,-0.25695,0.04498,-0.14613,-0.15014,0.2445054945054945,0.00000
-0.14617,-0.25695,0.04498,-0.14613,-0.15014,0.24358974358974358,0.00000
-0.14617,-0.25695,-0.05789,-0.14613,-0.15014,0.24267399267399267,0.00000
-0.14617,-0.25695,-0.00561,-0.14613,-0.15014,0.24175824175824176,0.00000
-0.14617,-0.25695,-0.00561,-0.14613,-0.15014,0.24084249084249085,0.00000
-0.14617,-0.25695,-0.05789,-0.14613,-0.15014,0.23992673992673993,0.00000
-0.14617,-0.25695,-0.01244,-0.14613,-0.15014,0.23901098901098902,0.00000
-0.14617,-0.25695,-0.00561,-0.14613,-0.15014,0.23809523809523808,0.00000
-0.14617,-0.25695,-0.00561,-0.14613,-0.15014,0.23717948717948717,0.00000
-0.14617,-0.25695,-0.00561,-0.14613,-0.15014,0.23626373626373626,0.00000
-0.14617,-0.25695,0.00618,-0.14613,-0.15014,0.23534798534798534,0.00000
-0.14617,-0.25695,0.04498,-0.14613,-0.15014,0.23443223443223443,0.00000
-0.14617,-0.25695,0.04498,-0.14613,-0.15014,0.23351648351648352,0.00000
-0.14617,-0.25695,-0.01244,-0.14613,-0.15014,0.2326007326007326,0.00000
-0.14617,-0.25695,-0.05789,-0.14613,-0.15014,0.2316849816849817,0.00000
-0.14617,-0.25695,-0.01244,-0.14613,-0.15014,0.23076923076923078,0.00000
-0.14617,-0.25695,0.00618,-0.14613,-0.15014,0.22985347985347984,0.00000
-0.14617,-0.25695,0.00618,-0.14613,-0.15014,0.22893772893772893,0.00000
-0.14617,-0.25695,0.04498,-0.14613,-0.15014,0.22802197802197802,0.00000
-0.14617,-0.25695,-0.01244,-0.14613,-0.15014,0.2271062271062271,0.00000
-0.14617,-0.25695,-0.00561,-0.14613,-0.15014,0.2261904761904762,0.00000
-0.14617,-0.25695,-0.05789,-0.14613,-0.15014,0.22527472527472528,0.00000
-0.14617,-0.25695,-0.00561,-0.14613,-0.15014,0.22435897435897437,0.00000
-0.14617,-0.25695,-0.01244,-0.14613,-0.15014,0.22344322344322345,0.00000
-0.14617,-0.25695,-0.01244,-0.14613,-0.15014,0.22252747252747251,0.00000
-0.14617,-0.25695,-0.05789,-0.14613,-0.15014,0.2216117216117216,0.00000
-0.14617,-0.25695,-0.01244,-0.14613,-0.15014,0.2206959706959707,0.00000
-0.14617,-0.25695,0.04498,-0.14613,-0.15014,0.21978021978021978,0.00000
-0.14617,-0.25695,-0.01244,-0.14613,-0.15014,0.21886446886446886,0.00000
-0.14617,-0.25695,-0.00561,-0.14613,-0.15014,0.21794871794871795,0.00000
-0.14617,-0.25695,-0.00561,-0.14613,-0.15014,0.21703296703296704,0.00000
-0.14617,-0.25695,-0.05789,-0.14613,-0.15014,0.21611721611721613,0.00000
-0.14617,-0.25695,-0.05789,-0.14613,-0.15014,0.21520146520146521,0.00000
-0.14617,-0.25695,-0.05789,-0.14613,-0.15014,0.21428571428571427,0.00000
-0.14617,-0.25695,0.04498,-0.14613,-0.15014,0.21336996336996336,0.00000
-0.14617,-0.25695,0.04498,-0.14613,-0.15014,0.21245421245421245,0.00000
-0.14617,-0.25695,-0.01244,-0.14613,-0.15014,0.21153846153846154,0.00000
-0.14617,-0.25695,-0.00561,-0.14613,-0.15014,0.21062271062271062,0.00000
-0.14617,-0.25695,-0.01244,-0.14613,-0.15014,0.2097069597069597,0.00000
-0.14617,-0.25695,-0.00561,-0.14613,-0.15014,0.2087912087912088,0.00000
-0.14617,-0.25695,-0.05789,-0.14613,-0.15014,0.2078754578754579,0.00000
-0.14617,-0.25695,-0.05789,-0.14613,-0.15014,0.20695970695970695,0.00000
-0.14617,-0.25695,0.00618,-0.14613,-0.15014,0.20604395604395603,0.00000
-0.14617,-0.25695,0.04498,-0.14613,-0.15014,0.20512820512820512,0.00000
-0.14617,-0.25695,0.04498,-0.14613,-0.15014,0.2042124542124542,0.00000
-0.14617,-0.25695,-0.01244,-0.14613,-0.15014,0.2032967032967033,0.00000
-0.14617,-0.25695,-0.01244,-0.14613,-0.15014,0.20238095238095238,0.00000
-0.14617,-0.25695,0.04498,-0.14613,-0.15014,0.20146520146520147,0.00000
-0.14617,-0.25695,0.00618,-0.14613,-0.15014,0.20054945054945056,0.00000
-0.14617,-0.25695,-0.00561,-0.14613,-0.15014,0.19963369963369965,0.00000
-0.14617,-0.25695,-0.00561,-0.14613,-0.15014,0.1987179487179487,0.00000
-0.14617,-0.25695,0.04498,-0.14613,-0.15014,0.1978021978021978,0.00000
-0.14617,-0.25695,-0.01244,-0.14613,-0.15014,0.19688644688644688,0.00000
-0.14617,-0.25695,-0.01244,-0.14613,-0.15014,0.19597069597069597,0.00000
-0.14617,-0.25695,-0.00561,-0.14613,-0.15014,0.19505494505494506,0.00000
-0.14617,-0.25695,-0.00561,-0.14613,-0.15014,0.19413919413919414,0.00000
-0.14617,-0.25695,-0.05789,-0.14613,-0.15014,0.19322344322344323,0.00000
-0.14617,-0.25695,0.04498,-0.14613,-0.15014,0.19230769230769232,0.00000
-0.14617,-0.25695,0.04498,-0.14613,-0.15014,0.19139194139194138,0.00000
-0.14617,-0.25695,0.00618,-0.14613,-0.15014,0.19047619047619047,0.00000
-0.14617,-0.25695,-0.00561,-0.14613,-0.15014,0.18956043956043955,0.00000
-0.14617,-0.25695,0.00618,-0.14613,-0.15014,0.18864468864468864,0.00000
-0.14617,-0.25695,0.04498,-0.14613,-0.15014,0.18772893772893773,0.00000
-0.14617,-0.25695,0.04498,-0.14613,-0.15014,0.18681318681318682,0.00000
-0.14617,-0.25695,0.04498,-0.14613,-0.15014,0.1858974358974359,0.00000
-0.14617,-0.25695,-0.00561,-0.14613,-0.15014,0.184981684981685,0.00000
-0.14617,-0.25695,-0.00561,-0.14613,-0.15014,0.18406593406593408,0.00000
-0.14617,-0.25695,-0.05789,-0.14613,-0.15014,0.18315018315018314,0.00000
-0.14617,-0.25695,-0.05789,-0.14613,-0.15014,0.18223443223443223,0.00000
-0.14617,-0.25695,-0.00561,-0.14613,-0.15014,0.1813186813186813,0.00000
-0.14617,-0.25695,-0.05789,-0.14613,-0.15014,0.1804029304029304,0.00000
-0.14617,-0.25695,-0.00561,-0.14613,-0.15014,0.1794871794871795,0.00000
-0.14617,-0.25695,-0.00561,-0.14613,-0.15014,0.17857142857142858,0.00000
-0.14617,-0.25695,-0.05789,-0.14613,-0.15014,0.17765567765567766,0.00000
-0.14617,-0.25695,-0.05789,-0.14613,-0.15014,0.17673992673992675,0.00000
-0.14617,-0.25695,0.00618,-0.14613,-0.15014,0.17582417582417584,0.00000
-0.14617,-0.25695,-0.00561,-0.14613,-0.15014,0.1749084249084249,0.00000
-0.14617,-0.25695,-0.00561,-0.14613,-0.15014,0.17399267399267399,0.00000
-0.14617,-0.25695,0.04498,-0.14613,-0.15014,0.17307692307692307,0.00000
-0.14617,-0.25695,-0.05789,-0.14613,-0.15014,0.17216117216117216,0.00000
-0.14617,-0.25695,-0.05789,-0.14613,-0.15014,0.17124542124542125,0.00000
-0.14617,-0.25695,-0.05789,-0.14613,-0.15014,0.17032967032967034,0.00000
-0.14617,-0.25695,0.04498,-0.14613,-0.15014,0.16941391941391942,0.00000
-0.14617,-0.25695,0.04498,-0.14613,-0.15014,0.1684981684981685,0.00000
-0.14617,-0.25695,-0.01244,-0.14613,-0.15014,0.16758241758241757,0.00000
-0.14617,-0.25695,0.00618,-0.14613,-0.15014,0.16666666666666666,0.00000
-0.14617,-0.25695,0.04498,-0.14613,-0.15014,0.16575091575091574,0.00000
-0.14617,-0.25695,-0.01244,-0.14613,-0.15014,0.16483516483516483,0.00000
-0.14617,-0.25695,-0.01244,-0.14613,-0.15014,0.16391941391941392,0.00000
-0.14617,-0.25695,-0.01244,-0.14613,-0.15014,0.163003663003663,0.00000
-0.14617,-0.25695,0.04498,-0.14613,-0.15014,0.1620879120879121,0.00000
-0.14617,-0.25695,0.00618,-0.14613,-0.15014,0.16117216117216118,0.00000
-0.14617,-0.25695,0.00618,-0.14613,-0.15014,0.16025641025641027,0.00000
-0.14617,-0.25695,-0.05789,-0.14613,-0.15014,0.15934065934065933,0.00000
-0.14617,-0.25695,-0.05789,-0.14613,-0.15014,0.15842490842490842,0.00000
-0.14617,-0.25695,-0.01244,-0.14613,-0.15014,0.1575091575091575,0.00000
-0.14617,-0.25695,-0.05789,-0.14613,-0.15014,0.1565934065934066,0.00000
-0.14617,-0.25695,-0.01244,-0.14613,-0.15014,0.15567765567765568,0.00000
-0.14617,-0.25695,-0.00561,-0.14613,-0.15014,0.15476190476190477,0.00000
-0.14617,-0.25695,-0.00561,-0.14613,-0.15014,0.15384615384615385,0.00000
-0.14617,-0.25695,0.04498,-0.14613,-0.15014,0.15293040293040294,0.00000
-0.14617,-0.25695,-0.00561,-0.14613,-0.15014,0.152014652014652,0.00000
-0.14617,-0.25695,-0.05789,-0.14613,-0.15014,0.1510989010989011,0.00000
-0.14617,-0.25695,0.00618,-0.14613,-0.15014,0.15018315018315018,0.00000
-0.14617,-0.25695,-0.00561,-0.14613,-0.15014,0.14926739926739926,0.00000
-0.14617,-0.25695,-0.00561,-0.14613,-0.15014,0.14835164835164835,0.00000
-0.14617,-0.25695,-0.00561,-0.14613,-0.15014,0.14743589743589744,0.00000
-0.14617,-0.25695,-0.00561,-0.14613,-0.15014,0.14652014652014653,0.00000
-0.14617,-0.25695,-0.00561,-0.14613,-0.15014,0.14560439560439561,0.00000
-0.14617,-0.25695,-0.05789,-0.14613,-0.15014,0.1446886446886447,0.00000
-0.14617,-0.25695,-0.05789,-0.14613,-0.15014,0.14377289377289376,0.00000
-0.14617,-0.25695,-0.01244,-0.14613,-0.15014,0.14285714285714285,0.00000
-0.14617,-0.25695,-0.01244,-0.14613,-0.15014,0.14194139194139194,0.00000
-0.14617,-0.25695,-0.05789,-0.14613,-0.15014,0.14102564102564102,0.00000
-0.14617,-0.25695,-0.00561,-0.14613,-0.15014,0.1401098901098901,0.00000
-0.14617,-0.25695,-0.05789,-0.14613,-0.15014,0.1391941391941392,0.00000
-0.14617,-0.25695,0.00618,-0.14613,-0.15014,0.1382783882783883,0.00000
-0.14617,-0.25695,0.04498,-0.14613,-0.15014,0.13736263736263737,0.00000
-0.14617,-0.25695,0.04498,-0.14613,-0.15014,0.13644688644688643,0.00000
-0.14617,-0.25695,-0.01244,-0.14613,-0.15014,0.13553113553113552,0.00000
-0.14617,-0.25695,-0.00561,-0.14613,-0.15014,0.1346153846153846,0.00000
-0.14617,-0.25695,-0.00561,-0.14613,-0.15014,0.1336996336996337,0.00000
-0.14617,-0.25695,-0.05789,-0.14613,-0.15014,0.13278388278388278,0.00000
-0.14617,-0.25695,-0.01244,-0.14613,-0.15014,0.13186813186813187,0.00000
-0.14617,-0.25695,0.00618,-0.14613,-0.15014,0.13095238095238096,0.00000
-0.14617,-0.25695,-0.00561,-0.14613,-0.15014,0.13003663003663005,0.00000
-0.14617,-0.25695,-0.05789,-0.14613,-0.15014,0.12912087912087913,0.00000
-0.14617,-0.25695,0.00618,-0.14613,-0.15014,0.1282051282051282,0.00000
-0.14617,-0.25695,0.00618,-0.14613,-0.15014,0.12728937728937728,0.00000
-0.14617,-0.25695,0.00618,-0.14613,-0.15014,0.12637362637362637,0.00000
-0.14617,-0.25695,0.04498,-0.14613,-0.15014,0.12545787545787546,0.00000
-0.14617,-0.25695,-0.01244,-0.14613,-0.15014,0.12454212454212454,0.00000
-0.14617,-0.25695,-0.00561,-0.14613,-0.15014,0.12362637362637363,0.00000
-0.14617,-0.25695,-0.01244,-0.14613,-0.15014,0.1227106227106227,0.00000
-0.14617,-0.25695,-0.01244,-0.14613,-0.15014,0.12179487179487179,0.00000
-0.14617,-0.25695,-0.01244,-0.14613,-0.15014,0.12087912087912088,0.00000
-0.14617,-0.25695,-0.00561,-0.14613,-0.15014,0.11996336996336997,0.00000
-0.14617,-0.25695,-0.00561,-0.14613,-0.15014,0.11904761904761904,0.00000
-0.14617,-0.25695,-0.05789,-0.14613,-0.15014,0.11813186813186813,0.00000
-0.14617,-0.25695,-0.05789,-0.14613,-0.15014,0.11721611721611722,0.00000
-0.14617,-0.25695,0.00618,-0.14613,-0.15014,0.1163003663003663,0.00000
-0.14617,-0.25695,0.00618,-0.14613,-0.15014,0.11538461538461539,0.00000
-0.14617,-0.25695,0.00618,-0.14613,-0.15014,0.11446886446886446,0.00000
-0.14617,-0.25695,0.04498,-0.14613,-0.15014,0.11355311355311355,0.00000
-0.14617,-0.25695,-0.01244,-0.14613,-0.15014,0.11263736263736264,0.00000
-0.14617,-0.25695,-0.01244,-0.14613,-0.15014,0.11172161172161173,0.00000
-0.14617,-0.25695,-0.00561,-0.14613,-0.15014,0.1108058608058608,0.00000
-0.14617,-0.25695,-0.00561,-0.14613,-0.15014,0.10989010989010989,0.00000
-0.14617,-0.25695,-0.05789,-0.14613,-0.15014,0.10897435897435898,0.00000
-0.14617,-0.25695,0.00618,-0.14613,-0.15014,0.10805860805860806,0.00000
-0.14617,-0.25695,0.00618,-0.14613,-0.15014,0.10714285714285714,0.00000
-0.14617,-0.25695,0.04498,-0.14613,-0.15014,0.10622710622710622,0.00000
-0.14617,-0.25695,-0.01244,-0.14613,-0.15014,0.10531135531135531,0.00000
-0.14617,-0.25695,0.00618,-0.14613,-0.15014,0.1043956043956044,0.00000
-0.14617,-0.25695,-0.00561,-0.14613,-0.11737,0.10347985347985347,1.00000
-0.14617,-0.25695,0.04498,-0.14613,-0.12350,0.10256410256410256,1.00000
-0.14617,-0.25695,0.04498,-0.14613,-0.13633,0.10164835164835165,1.00000
-0.14617,-0.25695,0.04498,-0.14613,-0.14530,0.10073260073260074,1.00000
-0.14617,-0.25695,0.00618,-0.14613,-0.13506,0.09981684981684982,1.00000
-0.14617,-0.25695,-0.00561,-0.14613,-0.13740,0.0989010989010989,1.00000
-0.14617,-0.25695,0.00618,-0.14613,-0.14269,0.09798534798534798,1.00000
-0.14617,-0.25695,-0.01244,-0.14613,-0.11359,0.09706959706959707,1.00000
-0.14617,-0.25695,0.04498,-0.14613,-0.13905,0.09615384615384616,1.00000
-0.14617,-0.25695,-0.05789,-0.14613,-0.15014,0.09523809523809523,1.00000
-0.14617,-0.25695,-0.05789,-0.14613,-0.15014,0.09432234432234432,1.00000
-0.14617,-0.25695,-0.05789,-0.14613,-0.15014,0.09340659340659341,1.00000
-0.14617,-0.25695,0.04498,-0.14613,-0.15014,0.0924908424908425,1.00000
-0.14617,-0.25695,-0.05789,-0.14613,-0.11155,0.09157509157509157,1.00000
-0.14617,-0.25695,-0.05789,-0.14613,-0.12235,0.09065934065934066,1.00000
-0.14617,-0.25695,0.04498,-0.14613,-0.12944,0.08974358974358974,1.00000
-0.14617,-0.25695,0.04498,-0.14613,-0.11317,0.08882783882783883,1.00000
-0.14617,-0.25695,0.04498,-0.14613,-0.13778,0.08791208791208792,1.00000
-0.14617,-0.25695,0.04498,-0.14613,-0.15014,0.08699633699633699,1.00000
-0.14617,-0.25695,-0.00561,-0.14613,-0.15014,0.08608058608058608,1.00000
-0.14617,-0.25695,-0.05789,-0.14613,-0.15014,0.08516483516483517,1.00000
-0.14617,-0.25695,0.00618,-0.14613,-0.15014,0.08424908424908426,1.00000
-0.14617,-0.25695,0.04498,-0.14613,-0.14267,0.08333333333333333,1.00000
-0.14617,-0.25695,-0.05789,-0.14613,-0.15014,0.08241758241758242,1.00000
-0.14617,-0.25695,-0.00561,-0.14613,-0.15014,0.0815018315018315,1.00000
-0.14617,-0.25695,-0.01244,-0.14613,-0.15014,0.08058608058608059,1.00000
-0.14617,-0.25695,-0.05789,-0.14613,-0.15014,0.07967032967032966,1.00000
-0.14617,-0.25695,0.04498,-0.14613,-0.13493,0.07875457875457875,1.00000
-0.14617,-0.25695,-0.01244,-0.14613,-0.15014,0.07783882783882784,1.00000
-0.14617,-0.25695,-0.01244,-0.14613,-0.15014,0.07692307692307693,1.00000
-0.14617,-0.25695,0.04498,-0.14613,-0.15014,0.076007326007326,1.00000
-0.14617,-0.25695,-0.00561,-0.14613,-0.15014,0.07509157509157509,1.00000
-0.14617,-0.25695,-0.00561,-0.14613,-0.15014,0.07417582417582418,1.00000
-0.14617,-0.25695,0.04498,-0.14613,-0.15014,0.07326007326007326,1.00000
-0.14617,-0.25695,-0.00561,-0.14613,-0.15014,0.07234432234432235,1.00000
-0.14617,-0.25695,0.00618,-0.14613,-0.15014,0.07142857142857142,1.00000
-0.14617,-0.25695,-0.00561,-0.14613,-0.15014,0.07051282051282051,1.00000
-0.14617,-0.25695,-0.00561,-0.14613,-0.15014,0.0695970695970696,1.00000
-0.14617,-0.25695,0.00618,-0.14613,-0.15014,0.06868131868131869,1.00000
-0.14617,-0.25695,-0.00561,-0.14613,-0.15014,0.06776556776556776,1.00000
-0.14617,-0.25695,-0.05789,-0.14613,-0.14061,0.06684981684981685,1.00000
-0.14617,-0.25695,-0.01244,-0.14613,-0.15014,0.06593406593406594,1.00000
-0.14617,-0.25695,0.00618,-0.14613,-0.15014,0.06501831501831502,1.00000
-0.14617,-0.25695,0.00618,-0.14613,-0.15014,0.0641025641025641,1.00000
-0.14617,-0.25695,-0.01244,-0.14613,-0.15014,0.06318681318681318,1.00000
-0.14617,-0.25695,-0.01244,-0.14613,-0.15014,0.06227106227106227,1.00000
-0.14617,-0.25695,-0.00561,-0.14613,-0.15014,0.06135531135531135,1.00000
-0.14617,-0.25695,-0.01244,-0.14613,-0.15014,0.06043956043956044,1.00000
-0.14617,-0.25695,-0.01244,-0.14613,-0.15014,0.05952380952380952,1.00000
-0.14617,-0.25695,-0.05789,-0.14613,-0.15014,0.05860805860805861,1.00000
-0.14617,-0.25695,-0.05789,-0.14613,-0.15014,0.057692307692307696,1.00000
-0.14617,-0.25695,-0.05789,-0.14613,-0.15014,0.056776556776556776,1.00000
-0.14617,-0.25695,-0.00561,-0.14613,-0.15014,0.055860805860805864,1.00000
-0.14617,-0.25695,-0.00561,-0.14613,-0.15014,0.054945054945054944,1.00000
-0.14617,-0.25695,-0.05789,-0.14613,-0.15014,0.05402930402930403,1.00000
-0.14617,-0.25695,0.04498,-0.14613,-0.15014,0.05311355311355311,1.00000
-0.14617,-0.25695,-0.00561,-0.14613,-0.15014,0.0521978021978022,1.00000
-0.14617,-0.25695,0.04498,-0.14613,-0.15014,0.05128205128205128,1.00000
-0.14617,-0.25695,-0.00561,-0.14613,-0.15014,0.05036630036630037,1.00000
-0.14617,-0.25695,-0.00561,-0.14613,-0.15014,0.04945054945054945,1.00000
-0.14617,-0.25695,-0.01244,-0.14613,-0.15014,0.048534798534798536,1.00000
-0.14617,-0.25695,-0.00561,-0.14613,-0.15014,0.047619047619047616,1.00000
-0.14617,-0.25695,0.04498,-0.14613,-0.15014,0.046703296703296704,1.00000
-0.14617,-0.25695,-0.01244,-0.14613,-0.15014,0.045787545787545784,1.00000
-0.14617,-0.25695,0.00618,-0.14613,-0.15014,0.04487179487179487,1.00000
-0.14617,-0.25695,0.04498,-0.14613,-0.15014,0.04395604395604396,1.00000
-0.14617,-0.25695,0.00618,-0.14613,-0.15014,0.04304029304029304,1.00000
-0.14617,-0.25695,0.00618,-0.14613,-0.15014,0.04212454212454213,1.00000
-0.14617,-0.25695,-0.05789,-0.14613,-0.15014,0.04120879120879121,1.00000
-0.14617,-0.25695,0.00618,-0.14613,-0.15014,0.040293040293040296,1.00000
-0.14617,-0.25695,-0.01244,-0.14613,-0.15014,0.039377289377289376,1.00000
-0.14617,-0.25695,0.00618,-0.14613,-0.15014,0.038461538461538464,1.00000
-0.14617,-0.25695,-0.05789,-0.14613,-0.15014,0.037545787545787544,1.00000
-0.14617,-0.25695,-0.01244,-0.14613,-0.15014,0.03663003663003663,1.00000
-0.14617,-0.25695,-0.00561,-0.14613,-0.15014,0.03571428571428571,1.00000
-0.14617,-0.25695,0.00618,-0.14613,-0.15014,0.0347985347985348,1.00000
-0.14617,-0.25695,0.04498,-0.14613,-0.15014,0.03388278388278388,1.00000
-0.14617,-0.25695,0.04498,-0.14613,-0.15014,0.03296703296703297,1.00000
-0.14617,-0.25695,-0.01244,-0.14613,-0.15014,0.03205128205128205,1.00000
-0.14617,-0.25695,0.04498,-0.14613,-0.15014,0.031135531135531136,1.00000
-0.14617,-0.25695,0.00618,-0.14613,-0.15014,0.03021978021978022,1.00000
-0.14617,-0.25695,-0.01244,-0.14613,-0.15014,0.029304029304029304,1.00000
-0.14617,-0.25695,0.04498,-0.14613,-0.15014,0.028388278388278388,1.00000
-0.14617,-0.25695,0.00618,-0.14613,-0.15014,0.027472527472527472,1.00000
-0.14617,-0.25695,-0.05789,-0.14613,-0.15014,0.026556776556776556,1.00000
-0.14617,-0.25695,-0.00561,-0.14613,-0.15014,0.02564102564102564,1.00000
-0.14617,-0.25695,-0.01244,-0.14613,-0.15014,0.024725274725274724,1.00000
-0.14617,-0.25695,0.04498,-0.14613,-0.15014,0.023809523809523808,1.00000
-0.14617,-0.25695,0.00618,-0.14613,-0.15014,0.022893772893772892,1.00000
-0.14617,-0.25695,-0.05789,-0.14613,-0.15014,0.02197802197802198,1.00000
-0.14617,-0.25695,-0.01244,-0.14613,-0.15014,0.021062271062271064,1.00000
-0.14617,-0.25695,0.00618,-0.14613,-0.15014,0.020146520146520148,1.00000
-0.14617,-0.25695,-0.00561,-0.14613,-0.15014,0.019230769230769232,1.00000
-0.14617,-0.25695,-0.00561,-0.14613,-0.15014,0.018315018315018316,1.00000
-0.14617,-0.25695,-0.01244,-0.14613,-0.15014,0.0173992673992674,1.00000
-0.14617,-0.25695,0.04498,-0.14613,-0.15014,0.016483516483516484,1.00000
-0.14617,-0.25695,0.00618,-0.14613,-0.15014,0.015567765567765568,1.00000
-0.14617,-0.25695,0.04498,-0.14613,-0.15014,0.014652014652014652,1.00000
-0.14617,-0.25695,-0.01244,-0.14613,-0.15014,0.013736263736263736,1.00000
-0.14617,-0.25695,-0.00561,-0.14613,-0.15014,0.01282051282051282,1.00000
-0.14617,-0.25695,0.00618,-0.14613,-0.15014,0.011904761904761904,1.00000
-0.14617,-0.25695,0.00618,-0.14613,-0.15014,0.01098901098901099,1.00000
-0.14617,-0.25695,0.00618,-0.14613,-0.15014,0.010073260073260074,1.00000
-0.14617,-0.25695,-0.05789,-0.14613,-0.15014,0.009157509157509158,1.00000
-0.14617,-0.25695,-0.00561,-0.14613,-0.15014,0.008241758241758242,1.00000
-0.14617,-0.25695,-0.00561,-0.14613,-0.15014,0.007326007326007326,1.00000
-0.14617,-0.25695,-0.01244,-0.14613,-0.15014,0.00641025641025641,1.00000
-0.14617,-0.25695,-0.05789,-0.14613,-0.15014,0.005494505494505495,1.00000
-0.14617,-0.25695,-0.01244,-0.14613,-0.15014,0.004578754578754579,1.00000
-0.14617,-0.25695,-0.05789,-0.14613,-0.15014,0.003663003663003663,1.00000
-0.14617,-0.25695,-0.01244,-0.14613,-0.15014,0.0027472527472527475,1.00000
-0.14617,-0.25695,-0.01244,-0.14613,-0.15014,0.0018315018315018315,1.00000
-0.14617,-0.25695,-0.05789,-0.14613,-0.15014,0.0009157509157509158,1.00000
