7ee9956c-17f7-45fe-9c9f-8d9c76521911,0.7902802170000001,0.6524024552324246,False
06196582-7f01-4d44-a634-1e6e786f3e1a,0.761418313,0.652402449861938,False
a77a7e80-4e9c-4fa5-92e5-3f2759d0fda9,0.744449197,0.6524024467044022,True
a1287c40-02a9-4b5c-ac09-5c680690887c,0.731606027,0.6524024443146021,True
e7d1f1c1-8243-4b4a-b93e-b2a775ecf975,0.72302068,0.6524024427170784,False
a4cee5ee-af72-4e85-90a9-a9f42cbe7965,0.72145307,0.6524024424253843,False
757abdb7-9fbf-46a2-9899-a1f0313d7bbd,0.7126011109999999,0.6524024407782496,False
6b58967d-3974-4172-adff-21303e6f540a,0.7114599909999999,0.6524024405659148,True
43107d1c-ce7b-46ec-97cd-3c570aae0c00,0.710031333,0.6524024403000761,False
f9719e5c-09b4-4b61-8da0-a280d5e4b0ef,0.700277015,0.6524024384850337,True
17dfb566-959b-4565-966f-996a78e55ff6,0.6969018290000001,0.652402437856993,False
75397f74-7d28-41e4-a5dc-3165de234f59,0.694348159,0.6524024373818167,False
43f07f0c-ebdc-4b25-b732-0ef76c4026d3,0.6936091409999999,0.6524024372443034,False
74932f9c-51cf-4f9b-9e28-f6592a01a57f,0.6930685390000001,0.6524024371437102,False
4d01add7-60fb-4bfd-ac1e-82ea2e1d8edc,0.691957378,0.6524024369369499,False
1a3d8e66-076e-4f6b-80c1-0c7281d7cc5b,0.689963428,0.6524024365659239,False
b747c5cc-cb33-4a2c-b96b-c657c9a69be6,0.686877437,0.6524024359916952,True
4dfe24fa-f4ff-47ed-981f-ec0b45ff21fb,0.6862383790000001,0.6524024358727818,False
94777969-691f-4f92-949c-c696e9cb4548,0.6814902359999999,0.6524024349892666,False
f287d1e6-2c31-4a0c-a8a1-c4f836e3d9f4,0.6725840809999999,0.6524024333320448,False
6acb9832-84c3-4b24-b967-7c2404ec5ee0,0.671984466,0.6524024332204708,False
e9367beb-2f72-421d-9845-9b92824379be,0.670373801,0.6524024329207646,False
927dbfd2-4f96-4fad-92f3-1920d15da4ff,0.670258184,0.652402432899251,False
9a06cc15-a7af-4e34-8629-e85fedacd024,0.669780358,0.6524024328103389,True
cf503335-5978-4044-873c-74dcd9533c77,0.668269955,0.6524024325292892,False
4df75f16-d940-41de-827a-8e017fdc5946,0.664675126,0.6524024318603774,False
384dced4-4ac4-493a-a512-255b9aa3cdef,0.663366,0.6524024316167804,False
04553bfe-733a-459b-a00e-2e8d7534c6c1,0.663230962,0.652402431591653,True
3d070ae5-b225-4365-9ebc-ea7042ba88ce,0.662869959,0.652402431524479,True
9398bd34-561a-45db-9c0e-8ba7c6d0c64d,0.662783246,0.6524024315083438,False
e3c07709-f2e5-434b-86b3-087c7eb6ef79,0.66152139,0.6524024312735425,True
e2c28fb0-1e5f-40be-881a-f106f08ea15b,0.66134977,0.6524024312416081,False
bccaef63-80b4-4b59-8976-6adbc6b257df,0.661154365,0.6524024312052479,True
bce26d98-1328-4ae3-9a12-a7834c9bbeb6,0.66050206,0.6524024310838694,False
4634bc1a-d488-4eb5-9822-75304083017d,0.66044109,0.6524024310725245,True
af729639-b465-46cd-a839-8dca280a2677,0.658365245,0.6524024306862591,False
309fe523-890c-44b7-9ab0-177e3c67adac,0.6570643979999999,0.6524024304442025,False
c2a0483e-5a81-4d59-a0d7-114a4a949ee8,0.656994847,0.6524024304312608,False
d5e8f5cf-7c2f-4133-87b1-005700175520,0.656019024,0.6524024302496834,False
a240518a-de5a-4890-92e0-58d7637824ef,0.655801338,0.6524024302091772,False
31fc41f4-df45-4eb9-95d6-fe5538c9aede,0.654590065,0.6524024299837881,False
6b52c3ff-016c-4778-a749-5196baf92a9b,0.654033957,0.6524024298803096,False
9e943960-a828-4b11-b457-c9b8ddcc1614,0.653960793,0.6524024298666955,True
31a3c02e-0aab-48d8-97a9-7fa5d3283778,0.653749881,0.6524024298274498,False
47380029-baa2-433d-bebe-47464e6a5600,0.652919935,0.6524024296730166,False
e0c8039d-27bb-43c1-adbe-429772004177,0.652528221,0.6524024296001281,False
a31c2c4c-3b4d-4798-9d29-3e11f4f3f415,0.651747502,0.6524024294548548,False
189a9a1d-bb4a-490f-895b-e3100356ecf5,0.651513105,0.6524024294112392,False
3503a887-9024-477d-90c6-01ea3840d20d,0.651267418,0.6524024293655226,False
35e1d328-7a03-4aa2-8ea8-e379ec4a5431,0.6509157489999999,0.6524024293000853,False
d47a2043-2981-4cb4-8f21-7db96cc91b33,0.650863811,0.6524024292904209,True
2515a66e-f027-4fff-803b-3237572f0ec9,0.6503102629999999,0.6524024291874186,True
78c8c581-eb15-48d1-8d84-01556af3b318,0.649756714,0.6524024290844165,True
96ead98b-4b17-4625-96d9-07bb5b705582,0.649524576,0.6524024290412211,False
b80fdf15-d3d0-4115-adfc-2d59561e6cfc,0.648754997,0.6524024288980207,False
dd6f7d69-3af7-46e4-bde9-b0fd841d550e,0.648647509,0.6524024288780198,True
2b6fa443-03ab-474a-a203-70033b44e2c4,0.647876727,0.6524024287345955,False
dc594935-e52b-4f14-93bc-c787cd9178b7,0.647751023,0.652402428711205,False
39bdaa64-83c0-4e71-bbd0-aed5ea2a329b,0.64558154,0.6524024283075158,False
47cbe9be-5fb6-46f3-b86d-785f96b47729,0.644284306,0.6524024280661315,True
805be350-2cda-40f2-bbeb-8fd87f461643,0.642729342,0.6524024277767895,True
3f195b6e-08e0-4ab1-ab80-220d3446b994,0.6421214470000001,0.6524024276636746,True
2c9c8c94-cca7-43fd-80ff-f9290f653a8a,0.641770831,0.6524024275984333,False
dad7119f-e1fe-4541-a27c-d20fa6cab222,0.64145198,0.6524024275391027,False
eb24a22f-4eca-49aa-84a2-84f935f21a03,0.641267564,0.6524024275047872,False
c206d8b4-91bc-437f-a805-6364fa2f6b4b,0.6411284620000001,0.6524024274789038,False
14e15c58-7fa3-4967-9556-b735edff0b70,0.639214452,0.6524024271227518,False
03789c1c-bbe1-452c-a1ed-eafcb6e12216,0.639173203,0.6524024271150763,False
f7dd57e9-e6d9-41b5-b2a0-e1db568dce24,0.638944678,0.6524024270725534,False
cc1125f1-67a1-4709-98ae-27d9ffdf3277,0.638712841,0.652402427029414,False
3aee629a-592f-43cf-8ae6-43681faa2cb1,0.6379944470000001,0.6524024268957378,True
176bfef9-5a76-49d6-b73c-70fc85972901,0.637115574,0.6524024267322004,False
a126d913-0319-43cc-931b-3c3fa4849f09,0.636732441,0.6524024266609083,False
08eb39a8-5636-4bc7-836e-957e9e0011f1,0.6365627779999999,0.652402426629338,False
4756599a-7c21-459d-a6f0-80cee7655f77,0.6355579,0.6524024264423541,False
c446610c-fd8c-467d-bca0-b621406fb3a7,0.6348906910000001,0.6524024263182022,False
66b5e563-06b0-4756-a044-b203760c34dd,0.634188255,0.6524024261874956,False
7a21f88a-7fd8-4cd5-a833-f3392b7d014f,0.633835833,0.6524024261219182,True
da0f42cc-686e-4c41-a309-1363675538a6,0.6323302470000001,0.6524024258417642,True
82fe1133-01ee-46e7-a6ef-2deb1fcb0b01,0.632172327,0.652402425812379,False
05bb6287-6309-47d5-8bfa-98804cc78617,0.631666199,0.6524024257182005,False
fd10a52a-f7b9-422b-ab10-a88d42c87942,0.631659274,0.6524024257169119,False
0d468662-232d-4c45-82f8-df561b5c8d56,0.630227906,0.6524024254505683,False
b12c1b27-9675-40a7-b0d8-6f638d2f9d4a,0.629634464,0.6524024253401427,False
a418a6d4-12e4-469c-96a0-82baeb5c0771,0.629319226,0.6524024252814844,False
4530d4c5-6ebb-4bb8-8e8d-7b6fa32d6733,0.629316215,0.6524024252809241,False
ec376b33-ee89-4bab-bb50-399d01926cc8,0.6286739960000001,0.6524024251614222,False
fdaf1088-1b52-449e-837e-8e75a922476d,0.626400036,0.652402424738292,False
814667c5-9da0-4e24-bc37-9d01bbea7d69,0.6255737029999999,0.6524024245845309,True
d3285af8-19ed-4e59-abf5-546d7c715029,0.625389136,0.6524024245501875,False
01d3cafc-dd40-4d82-89e5-202cddd1dd99,0.624902881,0.6524024244597069,True
c1611929-f96a-45e8-91f2-5defc575051f,0.624868105,0.6524024244532358,False
f1503565-b842-4091-8d33-a0284945bffb,0.624867352,0.6524024244530957,False
a8f986c3-fc4d-4509-8e7b-1ba730f26e16,0.624715303,0.6524024244248029,False
ef6b8df0-22f6-453a-8560-d3dbf407372d,0.624326299,0.6524024243524185,False
a01cd5a9-33af-4f97-ba48-464bf33d4fcb,0.623754535,0.6524024242460267,False
40279c85-1b03-4e89-9195-c708167ffa9f,0.622272735,0.6524024239702987,False
9cafda01-0836-4e08-80ce-b74c6c301207,0.6221834620000001,0.652402423953687,False
d1c3074d-2784-4d02-8aa3-31c0dc6e745f,0.622175935,0.6524024239522865,False
c0301598-17a2-46bf-8f19-c70687a40eda,0.621571954,0.6524024238398998,False
94199818-21a6-46cb-8bd4-4d25bcf2b15a,0.62137956,0.6524024238040999,False
c6bbd073-33c6-411f-85c6-7644beb97c24,0.6201393820000001,0.6524024235733319,True
debfed97-1dcf-428e-8361-e7eea5b08039,0.619199991,0.6524024233985333,True
6a620c2f-17fc-4af1-98ce-aa18bb9d6232,0.619106955,0.6524024233812216,False
13c0e937-6685-4e18-a306-6f353c8a669a,0.619056974,0.6524024233719212,True
5336139a-b099-4b37-81ba-410f3011dd95,0.6187765120000001,0.652402423319734,True
56b9d479-d1c8-4be8-994c-fcc3c6b81d89,0.6185827620000001,0.6524024232836816,False
8ab35674-2efa-486b-ae58-5dc0d8c92a50,0.617943404,0.6524024231647121,True
9fbb1405-7389-4290-b2d9-9f33d6e49790,0.61791465,0.6524024231593617,False
7faa13e4-99e6-4375-aeb4-dd819b60ea98,0.617870089,0.6524024231510698,False
49f8c96b-2ab0-49bf-8d62-32dcb8a2c29f,0.617663694,0.6524024231126646,False
68bafb44-bd32-4394-afa4-170fe1e5dfc3,0.617404307,0.6524024230643989,False
e6624e38-4b0a-4b6b-9ae3-6aacdc272dea,0.617366973,0.6524024230574518,False
76e58770-90de-49e2-aba1-73f95c727148,0.61702554,0.6524024229939192,False
a994adbe-9e23-4426-8615-b50de6f621c9,0.616820801,0.6524024229558221,False
578b35fa-1141-416f-bdfb-d9a2e4f54450,0.615819235,0.6524024227694543,True
0a968584-d7fd-4c98-9858-a00830a44508,0.615689918,0.6524024227453914,True
75761152-34db-4a13-b0d5-67cb65c35b77,0.615631206,0.6524024227344665,False
c4cd67df-03c7-4475-bb1c-3e71240fbd7a,0.6155694829999999,0.6524024227229812,False
656ea92a-d217-4139-967e-cc76ef09c728,0.615135917,0.6524024226423049,False
bdc11f6e-f757-4323-aac0-ec6192aeca91,0.614407287,0.652402422506724,False
82e59b1a-5979-411d-850a-677e1ae02fa4,0.614383501,0.652402422502298,True
7fa396df-3604-4cf0-bee2-220b23b32661,0.613570265,0.6524024223509738,False
631d32e4-3997-47fc-a4c8-d3eeabbeafbc,0.613179755,0.652402422278309,False
61d72ec0-3f5a-4c1c-a30a-8a1d70c18db1,0.6127218010000001,0.6524024221930946,False
613fc574-a766-4fd9-b461-b38cdddab1e3,0.612692747,0.6524024221876883,False
8b69fd81-57d5-476c-91cc-8ab29ec11d29,0.612430199,0.6524024221388344,False
13b554f5-5e12-4588-80c3-06d4601ecce9,0.612305398,0.6524024221156117,True
45fffe7c-4c2c-4d23-9355-a7fc4a88b7da,0.612062421,0.6524024220703994,False
1b4b22d0-706b-41ee-8a22-576979934a77,0.611341468,0.652402421936247,False
fa13fb6b-3bf7-468d-b637-5da3ec13c335,0.610528382,0.6524024217849508,False
6cece1ac-bdac-4535-9e65-b65322e69ff3,0.61050279,0.6524024217801886,False
a435b3e6-0c24-4c14-a621-0aeae3dd7674,0.609222267,0.6524024215419135,False
c310aa60-57b8-4d3b-8229-0a096e97048e,0.608427246,0.6524024213939787,False
5748fbeb-7596-4576-9bf1-7346b44bfc71,0.607180144,0.6524024211619223,False
8bb19701-1c84-450e-911b-56859233fd98,0.607144615,0.6524024211553112,False
d5d25a92-ce79-4360-9ea3-4885fe6be2a2,0.606811764,0.6524024210933754,True
1139c290-8a6a-454f-bc6d-8a96b4388b09,0.606624939,0.6524024210586117,False
02b7b27d-182a-4716-afd4-7e4979457763,0.605516487,0.6524024208523548,False
dc683ec9-6bd6-481f-9721-a77f5eb82e2f,0.605119504,0.6524024207784855,False
85df53ec-554b-4857-b300-68bdcd91dcac,0.605055974,0.652402420766664,False
ede96aca-4d4d-47b9-8237-a45406e7fe70,0.6050482970000001,0.6524024207652356,False
789ba2ae-c3d4-4fd0-abdb-a3a71b9afd2f,0.604918076,0.6524024207410044,False
8a01ec8e-b1f2-4b95-90f4-ddb820ce4aa1,0.60394963,0.6524024205607994,False
a58c093a-d570-4833-9c8b-40a7438b4fcf,0.60250652,0.6524024202922705,True
780cadb8-cd6a-401b-a005-676761293e0a,0.602251499,0.6524024202448171,True
f95d98dc-d7ed-4926-bf95-0c8c74baa36e,0.601901184,0.6524024201796316,False
72de7163-28eb-417f-9b91-0340cff33125,0.600949297,0.6524024200025076,False
30034521-9bb0-44d3-9027-32122237cfeb,0.600715353,0.6524024199589761,False
1e666456-43fd-43c5-8c92-43359a4996ac,0.600660404,0.6524024199487515,False
1c7aa306-e29b-4e83-a545-6cc4eaf30335,0.600656641,0.6524024199480511,True
573b5b95-ed9e-4f37-abdf-9b3ed15fbd05,0.5994821,0.6524024197294966,False
cf4920a9-dfbb-4c4c-bf37-e803bf42ca37,0.59900849,0.6524024196413689,False
ba871782-a0d9-4949-8eb6-6c16b91cb533,0.598015505,0.6524024194565976,True
3bc36729-3626-4b1e-b43e-ca018dde0142,0.597849004,0.6524024194256156,True
bcf23dac-27b4-4761-9f7b-51e796a33079,0.595558635,0.6524024189994315,False
85c64b29-ee9b-4beb-9c85-4a7ffe4aae31,0.595282237,0.6524024189480002,True
0fc741be-9fac-48c3-9f44-f755ee2e30a0,0.594970009,0.6524024188899019,False
eb6e1d6f-3b70-4002-b1a0-d1a7efa7dde8,0.5945489389999999,0.6524024188115507,False
ce92472b-e4ef-4797-bfa5-4054182c8e94,0.594328694,0.6524024187705683,False
98e0f794-1c59-46a6-9dd4-6b54bfdbc765,0.593932765,0.6524024186968951,False
f1fc78bf-fd87-4575-a876-789143783cee,0.593623398,0.6524024186393291,True
caa00e95-d191-45d6-b3b1-33ef99e60567,0.593034321,0.6524024185297157,False
50a60ec1-719b-418b-ab59-28d5049fa8b4,0.592995029,0.6524024185224043,False
d490a07f-db04-4fb4-8b16-196ba1e4f160,0.592927736,0.6524024185098828,False
a976236d-3ecb-4b2f-bfd2-b2b23341cf8c,0.592701017,0.6524024184676955,False
43c1c027-107d-49be-9fb4-e34adb55bbd3,0.592648628,0.6524024184579472,True
96b3855e-4c6c-4789-9d14-935acc17110f,0.591672353,0.6524024182762853,True
59d706ce-7a68-4598-9920-c300890a6eb7,0.5912539929999999,0.6524024181984382,False
c96bcc26-1e6d-486b-a1ce-62a15b1b97f5,0.590810793,0.6524024181159691,True
83225beb-e520-41b5-a4da-e016f9a8d0a8,0.590602139,0.6524024180771435,False
d1060b79-f885-4f36-b863-ecd645024122,0.5902610079999999,0.6524024180136668,True
10194778-dbdb-4d15-b312-81365970f7d0,0.5899529960000001,0.652402417956353,False
ff093271-93f5-4241-a1f1-5794ba9eb633,0.589479687,0.6524024178682811,False
5497e057-dea7-4954-a4ea-e5814037b556,0.588689634,0.6524024177212708,False
4d6f23f7-0ad4-46ad-937d-cf6f1df3f04d,0.587833343,0.652402417561935,False
bc99a4b8-8bbd-4038-8685-1803d8ed7f94,0.587474297,0.6524024174951248,False
969968ce-348e-4f02-98ed-e40e5e18aa7c,0.587415284,0.6524024174841441,False
2a2e844d-1446-497d-9c33-7f76e6602a81,0.587164327,0.6524024174374468,False
81fce788-616c-4abe-ad50-bfda1e616cff,0.587015741,0.6524024174097983,False
9de80914-ecab-403b-a57e-315f28bb2ab4,0.586558089,0.65240241732464,True
643830c8-9552-41b2-8cce-86bf54c4338d,0.5865559810000001,0.6524024173242478,False
6ae1db67-ebb1-4daf-adcd-52f956e6798a,0.5865508629999999,0.6524024173232954,False
71aeba58-0f20-4e5d-95fa-cd07b60b1535,0.586495764,0.6524024173130428,False
b8749019-c5a4-4a81-86e0-43f38988d900,0.585360364,0.6524024171017713,False
f39260c4-267d-4a12-8cfc-02f2b036a1ef,0.585328901,0.6524024170959167,True
e5e31796-cb46-4ddb-ac04-41c494faf98e,0.585217499,0.6524024170751873,False
ab3e351b-8fbe-4f8d-8bd1-f0a3154a5fc3,0.5850759879999999,0.6524024170488556,False
406195cb-55df-4483-97dc-2c89e0cf6d14,0.584899701,0.6524024170160526,False
7b0c5595-401d-4247-98c9-3cd350cfb30a,0.584831204,0.6524024170033069,False
9cd01340-6cc2-42d5-8fb9-a7769db0e69d,0.5841367470000001,0.6524024168740847,False
28b4dd1c-6341-4745-8948-f7f69156d822,0.584006978,0.6524024168499376,False
8d5de399-bfed-4a05-ace6-ba3571e98a46,0.5840011070000001,0.6524024168488451,True
701d21a9-0317-404b-b2b6-cd24d9c67bf4,0.583785227,0.652402416808675,False
0f255d92-41d4-460f-99a3-ff62ffcbdf2a,0.582305083,0.6524024165332546,False
2f6b7166-fb17-424a-8b16-93a568097e0b,0.581069422,0.6524024163033268,True
cb60647a-33da-41eb-b75b-34f2f61f1fbf,0.579885698,0.6524024160830634,False
bd480827-9c01-4556-8b95-b0cc0a17d96c,0.57972823,0.6524024160537621,False
35d766b9-8cb3-4e7d-a22e-fb89556e67ed,0.5793649679999999,0.6524024159861677,True
c0b0f91b-8254-4a5a-b903-92cb3edb2515,0.578932005,0.6524024159056032,False
d4e0e92d-c6a3-426b-b0aa-815dbe18864c,0.578791698,0.6524024158794953,True
433b69bf-9cc6-4338-be77-acdd89f1a181,0.5785148489999999,0.6524024158279801,False
471f0176-9304-41c8-82e6-b5118786fc1e,0.578320497,0.6524024157918158,False
867e4427-1edc-494c-a370-4d556b2b925d,0.578292195,0.6524024157865494,True
092b8905-ac3a-4369-90a8-fae40b378cc8,0.578260731,0.6524024157806947,False
46cfe3a2-0b9c-40ff-aae9-dbaddea679d9,0.578237698,0.6524024157764088,True
63a14cef-1143-4257-ad24-1cd671c73783,0.578129307,0.6524024157562398,True
72e493e7-474e-4bb4-a0fb-1470dfb383d8,0.577957988,0.6524024157243614,True
2e60c43b-97be-470f-92ad-a95408406e5a,0.5777577660000001,0.6524024156871046,True
5380b047-2734-48c8-bdf5-227e52876754,0.577486486,0.6524024156366258,False
cea106bd-cbbe-4b16-b1cb-cd662cd1fc70,0.577204066,0.652402415584074,False
3b33ad76-a83b-4e9b-a575-759b486edc15,0.5771244289999999,0.6524024155692554,False
bb2d266f-f396-4de6-b8a8-34ff625011f1,0.576958078,0.6524024155383013,False
cd614bd9-cba6-4773-bc34-f2aeef94bdfb,0.5767765229999999,0.6524024155045182,False
38f8d81c-365c-41b7-9c32-cf08cc8a4c95,0.576260158,0.6524024154084345,False
963ececb-4834-432a-8c75-f1f495a9f0ca,0.575912102,0.6524024153436695,True
cf916926-324c-49d7-a93f-045279352030,0.57551286,0.6524024152693797,False
cb281999-73be-43b1-b4e4-ad18651cad64,0.575376468,0.6524024152440003,False
8e25de44-60d7-444a-8d1b-217bb252f7e5,0.575234355,0.6524024152175563,False
6f72a295-2583-42f5-abb6-e937f3b9e3f7,0.575051294,0.652402415183493,False
a4008643-d464-4c28-b49a-c2af76178425,0.574951333,0.6524024151648927,True
d25e84d7-7247-4815-8752-b5580807b08c,0.574832253,0.6524024151427346,True
a0b2d3af-56bc-4df1-9442-d8d94a662c29,0.574650698,0.6524024151089514,True
e95f970c-52e3-4b07-add2-97539b03c7f6,0.5743560839999999,0.6524024150541305,False
522ce2ed-d6d1-4965-a17d-77810d72550b,0.574196658,0.6524024150244653,False
3ecbf8dc-3805-41dc-995e-74fa347a517e,0.5736244420000001,0.652402414917989,False
9665a62a-8fff-437d-8557-b1ad8a6c7a6d,0.57337183,0.6524024148709837,True
2a96a9c3-ebd4-45de-98fe-15c92c18f9c6,0.572851251,0.6524024147741161,True
c6c9c65b-5b67-4d12-8ad2-849bcd9fea97,0.5724402670000001,0.6524024146976415,True
4b50d560-54e4-4683-a8b9-88cdced478cc,0.572390588,0.6524024146883973,True
6a516075-b1b8-4248-9532-37efb5693f84,0.572022358,0.6524024146198784,True
888b1e3c-06c9-49f2-8cc2-cb350281c030,0.571963496,0.6524024146089256,True
5c6d3197-59bf-4d06-a5eb-4cee81197cd5,0.570600173,0.6524024143552427,True
c4d7594f-6f7f-4573-a0c0-f5240f119c5b,0.5700667979999999,0.652402414255994,False
7c026802-998c-4bbf-9194-ae7f74cb8d42,0.569672374,0.6524024141826008,False
89afdf9c-9468-4512-bfc0-17f773c05d95,0.569325521,0.6524024141180595,False
e18f22f4-1822-4cac-a592-aceda79caf96,0.569094286,0.652402414075032,False
ca0ca0f5-7308-4dc7-a971-05751c851de5,0.568889848,0.6524024140369908,False
9746f399-3400-45d2-9660-97eba52fccfc,0.5688744929999999,0.6524024140341336,True
04796e9b-2eeb-4885-9188-30eadf018240,0.5678620879999999,0.6524024138457485,False
01f38014-1954-46ce-8bc6-2dd586f52620,0.56775761,0.6524024138263075,False
4263fac6-6f8f-42ff-bb78-2095432ed4da,0.567667585,0.652402413809556,True
8693a422-f17c-49e2-a021-a2be95b0795c,0.567104854,0.6524024137048448,False
340d0131-37a8-4387-986f-2448e73caba1,0.566846521,0.652402413656775,True
f2a79326-5557-4f8b-8a18-b2f840a33dc6,0.56682951,0.6524024136536096,True
63581f48-7f4a-415d-bb07-34e76e518112,0.566726086,0.6524024136343648,False
67353651-141e-4356-92cb-d9c083795e63,0.5665309820000001,0.6524024135980605,False
eb572058-801d-43e2-98f6-a129349e2b51,0.566225378,0.6524024135411947,True
81754183-9088-4374-b1b4-94ab5f0a3203,0.565601074,0.6524024134250261,True
f2d154cf-92d6-4ebb-ae33-d2a79738e056,0.565438487,0.6524024133947725,True
d64aec6a-bed2-4763-9b4f-a1e101c19b4e,0.565027654,0.6524024133183259,False
a2d9873b-02ca-4869-8bc1-3c63d789058f,0.564207945,0.6524024131657971,True
b90b9194-991c-40a2-bc0d-f43733dbdaf2,0.563862297,0.65240241310148,True
2ce4ae3c-6f43-4b36-9888-a3d48e3ace84,0.563552779,0.6524024130438857,True
88257c53-e12b-4523-9f06-689f6c2c835c,0.562921701,0.6524024129264567,True
118d92db-7e41-4725-8e17-99c6ceeaf012,0.5627494789999999,0.6524024128944104,True
a2de66cd-d9a1-4dc6-a506-f78d082fcb7a,0.562697993,0.6524024128848298,True
895e482a-b63a-4e02-8dc4-2e8abb49a9df,0.56240353,0.6524024128300372,False
230093f8-c88f-4597-908a-2e8dbd622d6c,0.562279482,0.6524024128069547,False
9250f7e7-9727-4a5d-b71b-e449061d57b2,0.562204963,0.6524024127930885,True
ce1c67e3-ee66-4e88-9db6-31bc777e58ba,0.5620328920000001,0.65240241276107,True
057c4e9e-df00-4603-8b91-8b18ac6cc189,0.561168019,0.6524024126001371,False
6d332eef-d9aa-4b73-99fe-fb48fd7e9cf9,0.5609849579999999,0.6524024125660737,True
6fcb1556-3b08-4f16-a51b-10244c87447a,0.56096343,0.6524024125620678,True
1c2de3b8-0063-404f-8e74-a838cd511742,0.5606924520000001,0.652402412511645,True
33f74ead-d42b-4291-9369-c939eec9ed74,0.560609653,0.6524024124962381,True
cd4c0fef-94e4-4ddf-a3ae-0da5ee6acc1e,0.5596994670000001,0.6524024123268735,False
265ff09a-691a-4e70-833e-b696b4703237,0.558679986,0.6524024121371717,True
30176bac-ab75-42b7-815c-7131ffc0181c,0.558461698,0.6524024120965533,True
d9108475-a8b0-49cc-8a83-41a926fbba71,0.5580197020000001,0.652402412014308,True
29b6cf0a-c226-459e-9206-49fc05aa8f43,0.557923053,0.6524024119963238,True
43ae7ede-0fe7-4971-997f-7a024036bd06,0.557914924,0.6524024119948113,True
c3b9d384-749f-4547-9773-6297cf1ea411,0.557763778,0.6524024119666865,True
15c19aec-43d4-4ed4-b543-b096a05a3540,0.557418732,0.6524024119024813,False
b22ad17f-dbd8-497a-9d9b-46755c08df7a,0.556900562,0.6524024118060618,False
6464cd23-5d36-401d-a3b8-8632df5ce79c,0.556520289,0.6524024117353018,False
12da33aa-0347-4ace-a32d-a67f7944a9ed,0.5561430270000001,0.6524024116651022,True
9aca29ce-fe62-46f8-b874-d87752f047cb,0.555752216,0.6524024115923811,True
6bade31c-fbdb-43ed-b203-4712e1429506,0.555475366,0.6524024115408658,True
39d4d3c2-cc06-4b5a-8178-19e8e3826fa5,0.555237658,0.6524024114966338,True
cee27d43-21d6-4d06-b86d-2cccbae35de0,0.554784672,0.6524024114123437,False
1d179c22-0ef1-4ea4-b13c-dc94e0f66259,0.554683507,0.6524024113935191,True
4e4989f6-c377-421e-859a-a0e5a3bce6b2,0.554312116,0.6524024113244119,True
3841f41d-d409-408b-927a-f8041a6a2f83,0.554073655,0.6524024112800396,True
fc89600f-26cb-418d-916e-8fdd1803b2ac,0.553906853,0.6524024112490017,False
e2bca4a3-8bc7-48a0-b213-3f6d7aa0b4f1,0.553740653,0.6524024112180757,True
5d245e1d-c3ca-4d19-bd03-dade4bfaec83,0.552947289,0.6524024110704489,False
2a860b9b-132e-4d87-bcef-4f32dd0276ed,0.5527305060000001,0.6524024110301107,False
a47e0983-5fbe-430b-a2f7-876267e39ab4,0.552681128,0.6524024110209226,False
d78cadea-8bba-4473-bf93-e4e8c9f3e77a,0.5525659620000001,0.6524024109994928,False
b1a2806e-d08b-47c8-9555-368e66680747,0.5525329929999999,0.6524024109933579,False
86ad8436-d288-4b97-92b0-e9768a0d65f1,0.552473679,0.652402410982321,False
a316124f-f8f3-4532-afbc-60220f4d32b6,0.55242701,0.652402410973637,False
f71f2f6f-10e3-4326-8747-f8ca81739cfb,0.552072781,0.6524024109077232,False
dd6233d3-9b9a-4ddb-95b3-9b858f95fc93,0.5519704120000001,0.6524024108886746,False
d236e370-bc48-4199-bcc9-ffc4bdcd0eb5,0.55177064,0.6524024108515017,True
21a407eb-2980-41e6-a9a6-a610b0de4228,0.5516624,0.6524024108313607,True
610af704-8411-467b-9bae-063e619bbb81,0.55147693,0.652402410796849,True
6efe7562-e6d8-4faa-86f3-edeea9c6e272,0.5513935289999999,0.65240241078133,False
ddcd6adb-8272-4739-b64a-8ff819591320,0.5503007329999999,0.6524024105779858,True
167e0506-7afd-45e6-a5a8-65dbd264cc8a,0.550262495,0.6524024105708706,True
a07c24b9-0af6-46a6-b031-54d11ef559bd,0.550240365,0.6524024105667527,False
c688f710-8154-4da8-8ccc-9e07b53678f1,0.550060466,0.6524024105332776,False
cf064ee3-4506-4db1-a1b5-2835a65431c5,0.549805746,0.6524024104858801,True
ee99cbf5-2a3a-4901-bf78-0a913b3a323d,0.549678386,0.6524024104621814,True
f370e1a7-5532-4643-99d3-bf2edad929e6,0.548822396,0.6524024103029014,True
34822fc6-6066-4737-9607-e25ba35c2fbf,0.548791083,0.6524024102970747,False
f7c2a27a-7d2c-442b-b28d-921cad4d5d7d,0.548772415,0.652402410293601,True
a797997e-8325-4eed-90a9-45d730b491f8,0.5483808520000001,0.6524024102207403,True
8dd15f13-6754-412f-83e9-6aef3581d10b,0.547689104,0.6524024100920218,True
6cf5ca85-0cc4-42d5-bc7f-8261b61f0347,0.54762151,0.6524024100794441,False
b7d20470-7ddb-4b9f-9d0b-f43d5f88521c,0.546943311,0.6524024099532468,True
086cbef6-9c9b-408b-85b0-5baa9c76d2a9,0.54658833,0.6524024098871931,True
5cf93ce5-2cb0-4df4-93b0-c07b33f3fc5c,0.546553705,0.6524024098807503,True
f96d6dc1-600a-4f85-b4a6-568c61a758d2,0.546513961,0.6524024098733547,False
ff714079-1c97-4722-be88-6a289e624cea,0.5463912679999999,0.6524024098505243,False
ac69dfa4-b057-4c6a-875e-6257f45bafb5,0.545424327,0.6524024096705989,True
5f716ee9-1466-48b9-9e5d-6ea755fd0416,0.545294258,0.6524024096463961,False
47771c84-b580-4d27-bd98-7639ae41ab52,0.5449115760000001,0.6524024095751877,False
9266da9a-8d57-4166-81c5-d3f2adfca8e8,0.544890801,0.652402409571322,False
cfa745b1-58ff-4df9-87be-acbff999611e,0.5442835079999999,0.6524024094583186,True
c67b7728-32bf-48cb-8424-df7972697cd1,0.543693077,0.6524024093484531,True
10b8adb7-fa67-4b79-a50a-6702766fb355,0.543542082,0.6524024093203564,True
548301ac-ac75-48fe-848d-cc956e47f7d2,0.543519801,0.6524024093162104,False
fd89c56a-1004-43ea-8796-c451fcd80c36,0.541916964,0.6524024090179592,False
e33360d1-6898-4ed0-88ef-4913e0ee1abc,0.540813932,0.6524024088127103,True
3c14434a-91d7-4336-9f31-afadb08d71a7,0.540394216,0.6524024087346108,True
933e48fa-92f1-4b1c-ba48-7dbc55a0e5b3,0.5401680999999999,0.6524024086925357,True
5e2521f2-4c29-40ac-9c68-4a92f634e10a,0.539987297,0.6524024086588924,True
b2e30249-5954-4620-a8f7-50e3886afd7e,0.5395871520000001,0.6524024085844347,True
fb6584fc-e32f-40ea-9d5a-8bfbf07e4d98,0.539043991,0.6524024084833648,True
8c66c5a5-84fd-4153-a593-84eb9128704c,0.538553972,0.6524024083921836,False
34a82478-1989-4d65-a6a3-fe641f00dcba,0.538455065,0.6524024083737794,True
7a012970-798b-4ec7-b84b-7fd97108f74d,0.5384210420000001,0.6524024083674484,True
e85c8d04-0d32-40d0-a1f1-2f1f1dd3424a,0.538183936,0.6524024083233284,True
558e3446-d6b8-4ee6-a7f3-5566cb537fe5,0.537790867,0.6524024082501872,False
2ef88486-fba9-4846-a9d3-f89ed9c85eaa,0.537757747,0.6524024082440244,False
4d62ba5c-02f4-4004-bbf1-e94bf83652f4,0.5375611379999999,0.65240240820744,True
d5db30fe-3612-4d05-ad9b-f5a09497537e,0.537533739,0.6524024082023416,False
ade2aa97-db5f-4291-bfd8-8eac50263639,0.5375048339999999,0.652402408196963,True
16000889-45c9-46f4-b368-78c7f9170aed,0.537136003,0.652402408128332,True
a50c4c92-fa79-4a5a-a4b3-a512995fcc59,0.5370504939999999,0.6524024081124209,True
5de49913-d50a-4eed-8012-e986893b39c8,0.5366057879999999,0.6524024080296713,False
308975b7-8193-4d0f-a51d-7530d34c3aed,0.536072864,0.6524024079305062,False
b4902311-8324-4002-86eb-a555a9e5b518,0.535975613,0.6524024079124101,True
edbd52c7-2191-4ac0-afe1-5ce816c99290,0.535500498,0.652402407824002,False
1a9b1172-0f9b-42f6-9919-1419e532a5e3,0.535318641,0.6524024077901627,False
1b48e406-f1f7-438e-8b7c-55fa09b3dc82,0.535099149,0.6524024077493202,True
731fb248-0590-4bdb-8c75-64e4ee9c04ad,0.534563966,0.6524024076497349,True
19cfdf18-0ffb-4042-9d69-34c760dfcd92,0.534227803,0.6524024075871826,True
c9273056-5a1c-4b4a-8882-f5b921e17bd1,0.5332248820000001,0.6524024074005621,True
a7ec86c0-f91f-44c8-8832-66c58b524570,0.5332111820000001,0.6524024073980128,False
08b5956f-4f4f-42ef-ab3d-0e9beb5618b1,0.5331736970000001,0.6524024073910377,True
64089b16-8561-47bf-b5f9-4c96a4f1e0bc,0.5321807120000001,0.652402407206266,False
2c3e9f7e-1903-42be-a359-3b82444793bb,0.532143678,0.6524024071993746,False
95074113-9a3d-4c12-ab98-8c68c8ef31ab,0.531865474,0.6524024071476073,False
31dc86a6-9a87-46df-8fac-c99ff8a4be3e,0.531758437,0.65240240712769,False
dd2f973e-655d-4d7c-aff5-72783b17497d,0.5316613370000001,0.652402407109622,True
bc1cb1b2-7855-4c98-85d6-07328a8528da,0.5313638629999999,0.6524024070542691,False
253faa29-0aff-4ca1-a5cc-95f9f6999024,0.530747537,0.6524024069395848,True
8df022a5-16ad-4e34-9219-b98ca77d8168,0.530719536,0.6524024069343745,True
126304f1-e4a3-4105-9a31-2061492a66fe,0.530304789,0.6524024068571996,True
8fe85c14-a072-4124-86c0-7348f21fa76e,0.53008635,0.652402406816553,True
493762cb-a015-4f60-8df1-456f17fd2cc0,0.529960044,0.6524024067930505,False
a829550a-a854-4fd3-84f7-0725d4d0fbb6,0.529824555,0.6524024067678391,True
339df74b-d370-44f9-a2a2-6b061fc48bf4,0.529224338,0.6524024066561523,False
a3e26be9-232b-498a-9c4a-fa1757cba0b4,0.529113689,0.6524024066355631,False
4757ecef-3e8a-4d21-a75f-54d5887279d2,0.529093365,0.6524024066317813,False
894d9b80-cc36-4ff5-a10c-512c9ac2546f,0.52878731,0.6524024065748315,True
d41a5bed-8a80-46be-9cb5-2d9b1f3686a7,0.528759911,0.6524024065697331,False
773bc03d-f931-4054-91ad-e8d60baa66a6,0.5286604020000001,0.6524024065512168,True
348fa4a2-009f-44c8-8200-0e6158843b61,0.528453856,0.6524024065127833,True
a7019273-fed9-4e00-b392-56718fb69a1c,0.528349981,0.6524024064934546,False
52eeea62-78af-4e4e-9b37-e4136365d317,0.527883898,0.6524024064067271,False
b72b1895-b92f-43d4-bd61-6d38f43e8bd0,0.527807874,0.6524024063925807,False
ad23eb53-7008-411b-8166-ef3e300cc1bb,0.527645739,0.6524024063624112,False
05daeda3-8ec9-415b-bd69-702830e6d50d,0.527171828,0.6524024062742272,True
257fccc3-9028-497d-9eb1-b681e321b284,0.527033779,0.6524024062485393,False
0de89325-22fd-4e4b-91da-7de67abbfbc4,0.5268456,0.6524024062135235,True
d889ebfe-793b-43c3-8330-bab060362bdc,0.5268412339999999,0.6524024062127112,True
5042b83e-2708-4bcb-8c8f-f6b05912f74b,0.526462466,0.6524024061422311,True
03f3697f-32f5-4e2e-a8fc-272087336e97,0.526358591,0.6524024061229023,True
4d628347-1166-44c7-b5ed-853dbf1cb1d4,0.526190434,0.6524024060916123,True
8e6b3324-0438-404d-b856-62f7740a4243,0.526055547,0.6524024060665129,True
26c6e457-8a4a-4e0e-af5b-13bf8bb0dd1b,0.525874744,0.6524024060328695,False
c04208b2-41c1-4472-9550-8965e09d77c5,0.525619724,0.6524024059854161,True
fe670dea-dd9d-4e17-859a-963e6dd52bf4,0.525328723,0.6524024059312674,False
40eaff05-a111-4c2f-923c-9ed4ea3f8794,0.524998581,0.6524024058698357,False
832aea77-0da5-4938-8a52-b64e74092909,0.524896212,0.6524024058507871,False
3fce2dd5-a659-471b-8e87-58507e06ea2b,0.524783605,0.6524024058298334,True
4bf47600-5f7c-4afc-b9ba-c45cd110db63,0.52473242,0.6524024058203091,True
bdb00906-798a-46b2-8152-959b86d09eaa,0.524042329,0.6524024056918989,True
58e75625-740e-4d68-ab26-54bc60e481a8,0.523707219,0.6524024056295425,False
bb1982b9-efe8-4fc8-9e9b-bee515af8d69,0.5234699620000001,0.6524024055853944,False
78e78485-afe7-4f3d-b12f-7fa2e459c102,0.523381141,0.6524024055688669,False
dc3c2bdd-22f4-49d4-ae3b-2d9aad906792,0.522582809,0.6524024054203155,False
585c0989-5ffb-4ee6-96ef-5681b2df21ed,0.5225100970000001,0.6524024054067856,False
72a51ead-bdec-42a6-a9a3-b8a1490eb25f,0.521651095,0.6524024052469448,False
70e47db3-95e1-4c83-a4d2-477817c3a952,0.52145855,0.6524024052111166,True
545ccde6-b099-4e85-bda2-2bb09e0d284d,0.521424377,0.6524024052047578,False
24c043fe-b5f2-4a2f-95e9-a89d7fea6d9d,0.521310716,0.652402405183608,True
798be727-9421-4a94-8173-9074f4bcb58b,0.521014898,0.6524024051285631,False
9e4cf931-584c-4c38-9dfc-33eb40d4c4ee,0.5208416229999999,0.6524024050963206,False
b00812d4-bfa4-4575-a8e0-e0427cb2ffbe,0.520612947,0.6524024050537691,True
1b4530ee-814a-427c-857f-b8a532116ed0,0.5200797220000001,0.6524024049545482,False
840618e9-ee4c-47e8-ac11-a13c846b9a42,0.519977051,0.6524024049354433,False
d44f5c32-965d-4230-8cf8-6ceee90566dc,0.519950254,0.6524024049304571,False
bcac9d32-676d-440a-a809-906f6bf6885e,0.519805733,0.652402404903565,False
29c9e2ec-70ac-4b14-a256-8558d6c8b513,0.519665426,0.652402404877457,False
f3444e07-8978-48cd-b791-f8bfbd653e28,0.519606262,0.652402404866448,False
c91d6830-4140-41eb-be8d-193f985be559,0.519398512,0.6524024048277904,True
85ed7cdf-e783-4770-b45b-1845a68f0316,0.519141535,0.652402404779973,False
cbee30f8-2ddf-4027-b9b4-d8ad0886de6b,0.518951549,0.6524024047446209,True
3239f7b1-71f9-4ec1-b701-4832cae489cf,0.5184249470000001,0.6524024046466322,True
217e027c-f9b6-4a2d-9856-821cb2f4ab39,0.51829006,0.6524024046215329,True
784a7310-b0da-48ae-b95f-302813135008,0.518285243,0.6524024046206366,False
41ceca86-3709-47b9-90dc-ca31e337b63c,0.518252575,0.6524024046145577,True
851eeb34-0c17-4fed-83e1-6bea1750e0a2,0.5181937120000001,0.6524024046036048,True
898aba86-a27f-4aef-9e0d-80c9a4518514,0.518169023,0.6524024045990106,False
56030196-2a8e-4ba3-aa5a-b01e29217ad9,0.5170944439999999,0.6524024043990561,True
fc5f8107-7c67-4f6d-8b4a-9003baae20bc,0.516480678,0.652402404284848,False
5ad1495e-064a-48d2-b890-0e7be0771504,0.516454333,0.6524024042799459,True
37564af8-0f33-4af4-b539-8cbfe3bb6896,0.516384179,0.6524024042668918,False
bfc166c2-8529-43ac-b9e1-ecb97a1265a0,0.516356479,0.6524024042617373,False
3bce5bce-dca2-4708-89c1-ab9c96d07f64,0.515686561,0.6524024041370808,False
f1239021-2334-41c8-9b33-849af552eeff,0.515444938,0.6524024040921205,True
64476273-8d1b-47dd-8252-3b2ed913c879,0.515214155,0.6524024040491769,True
b62999d7-18d7-42f9-9c83-ed63092676c0,0.515125936,0.6524024040327614,True
fa8f168d-6273-4a90-acdf-4b60774db5bb,0.514442619,0.6524024039056117,False
661a956f-bb79-44dc-a5a6-2dc950625d9e,0.513424795,0.6524024037162178,False
0776c258-1b36-45f7-bc71-4bdea020d6e1,0.5133007470000001,0.6524024036931353,False
ac417093-0703-4cde-918e-dd7279e2a5d1,0.5130282629999999,0.6524024036424322,True
be57537e-75e2-418e-a26d-e427020a5ab0,0.51288344,0.652402403615484,False
2ea8a360-4996-4830-b7ce-ac4035169768,0.51270068,0.6524024035814764,False
2ca9ab83-b067-4da5-971a-bbb951f8428c,0.511871486,0.6524024034271823,False
7698bb9d-38be-4017-bfdc-28b5f38ea846,0.511608637,0.6524024033782722,False
0168963b-df7b-433a-9e3a-60b41aa57a5c,0.511408264,0.6524024033409873,False
1da7107e-f9eb-4bf6-86c2-fb0151f2fae5,0.51124101,0.652402403309865,False
99a8babf-ba56-4388-ba34-506d1609a5ef,0.5101823879999999,0.6524024031128796,True
62a18f56-f7c2-4eed-84f7-0ac8a6207014,0.509946938,0.6524024030690676,False
e376ca3e-6b77-4f02-ae0e-5bfa0c2773bd,0.509436896,0.6524024029741604,True
a013bc22-42c3-458a-8f63-37a7330a28a9,0.509301106,0.652402402948893,False
c492f285-f882-413a-8419-edd54d846450,0.509117293,0.6524024029146895,False
9f6ce180-c744-412d-8cce-0d26e540e7d2,0.5089744270000001,0.6524024028881054,True
e3affff9-e742-44d8-a902-2bb9bb425dcc,0.508634499,0.6524024028248525,True
b21b2be6-a0c3-4d71-8531-b748c98323a0,0.508360209,0.6524024027738133,True
7ce49949-8a46-453a-a8a3-46de09fb39ae,0.5082987870000001,0.6524024027623843,False
76df5427-5461-4fd9-bb94-b6ee7de2681f,0.507398838,0.652402402594924,True
7e336ec2-67cb-4b92-8d29-a44d061bb201,0.507293759,0.6524024025753713,True
ce4b8158-1457-4971-acf9-426bcb1137e9,0.507159775,0.6524024025504399,True
5dc3f718-3bc0-4d63-bfdf-9eabb0caea52,0.506975209,0.6524024025160963,True
db28a37b-2ab9-441e-91df-5ddc8b949f00,0.506866366,0.6524024024958431,False
5b63bade-2833-4355-85aa-1b693903ee92,0.506783717,0.652402402480464,True
68b6d363-7879-418c-a771-9714f8fe8254,0.506212103,0.6524024023740997,True
0fc355a2-ec2f-42dd-93d9-bc4796dabbae,0.505400222,0.652402402223027,True
b9cf7800-9619-4d65-ae45-fcf083545a59,0.505259615,0.6524024021968633,True
e2b5be34-cfdf-4297-ac59-63abf73c26ba,0.5050636070000001,0.6524024021603906,True
7f421849-4ad9-452d-96f7-8288bfa815a8,0.505041929,0.6524024021563568,True
56a45ed3-1deb-4482-80b5-4dfdc26eb870,0.504919085,0.6524024021334983,False
06398492-7891-413d-9268-db7db7a39c48,0.504660301,0.6524024020853445,True
fa9f5669-17f4-45a7-9b18-a71db50ac12a,0.5046017389999999,0.6524024020744476,True
aa575d09-7d6a-498d-8d58-9cd0f720f576,0.5034464679999999,0.6524024018594776,True
45ecd757-c34a-465d-b91a-e4c269219cb0,0.502939889,0.6524024017652148,False
3bf4dc49-abbb-4f2c-ae18-1e12b6c6e0fd,0.502756226,0.6524024017310395,True
863cb4cc-feb5-42e2-9272-31fc50f9410c,0.502689987,0.6524024017187137,True
ad469494-ab01-4ef8-a6a7-92a89cdb0dd9,0.502322962,0.6524024016504189,True
b6f2df14-a616-476b-863f-a5278c77d723,0.501695948,0.6524024015337457,False
d59e06a0-b0ac-4a62-9bf1-58cf395e686d,0.501290835,0.6524024014583633,False
b2bb84ec-9146-438c-b4c8-85f3823da12b,0.501189068,0.6524024014394267,False
22eacc10-faf8-4942-94b9-1efbb85c0da2,0.501163626,0.6524024014346924,False
2c31f8ac-75dc-4363-b153-522848c7679e,0.500905595,0.6524024013866789,True
7c1c7ea8-1568-4ed6-909f-b11b6372d415,0.500814064,0.652402401369647,False
2d0639b4-ec95-4add-ad4c-86952c5b9af2,0.500661564,0.6524024013412701,True
35a345ff-0388-456c-8f01-21f10157da6b,0.499520594,0.6524024011289615,True
1b7660b0-ebbf-40c2-be3f-d83b276fce50,0.499504486,0.6524024011259641,True
5ebb47d7-9d68-48b5-aa78-824c8499c9d5,0.49924254,0.6524024010772219,True
193fdde9-7c33-4530-b1b4-e03f2b93b9d6,0.498775554,0.6524024009903264,False
c15f5452-45a1-4475-920d-79324f630cad,0.49869983100000004,0.652402400976236,True
c064f342-b0ed-47d2-8527-7a3456d256a8,0.49767959700000003,0.6524024007863936,True
f41caf74-a28c-4311-b86c-0042f74fb5cb,0.497529806,0.652402400758521,True
4af40c5b-22c2-4e10-a150-e81c31acdd89,0.49697671,0.6524024006556023,True
3fb79d78-7226-4cb2-a76c-59f895469ee7,0.496964064,0.6524024006532492,True
acdf5b42-60cf-452a-9e24-6f76b0b1947d,0.49687343700000003,0.6524024006363855,True
677ac0e1-a688-41ee-82ed-623eb98efe8e,0.496667042,0.65240240059798,False
d19b6ab2-3238-42c5-ab25-2842918ff1ff,0.496398622,0.6524024005480331,True
0c6f2bf7-d86b-49a9-a436-b7943b338e3a,0.496130655,0.6524024004981706,True
d1c77698-4854-4d09-ae6c-f384fd14e67c,0.49591041,0.652402400457188,True
956ede35-a5dd-40a5-988c-4ac75d4d2ea8,0.49582309399999996,0.6524024004409404,False
12aecd27-3415-47b5-86c3-fe879a6a4dc0,0.495455618,0.6524024003725615,False
29a5651e-1afc-4e8a-a279-c98a4b283d63,0.494216946,0.6524024001420727,False
74861f98-ae50-47f6-ba9f-5177c6484a0a,0.494012206,0.6524024001039752,True
7a49b705-5a7a-47d2-a774-78d2c59b4a1d,0.493871448,0.6524024000777833,False
1a3ddec4-47a0-4423-ac2c-d09383944f70,0.493444958,0.6524023999984231,True
04733a69-d7bb-45e1-b0e5-c128cdc41c8a,0.493437281,0.6524023999969945,False
6c1ae6f8-c1e3-4552-a973-6ebe26885dcc,0.49329561899999996,0.6524023999706344,False
b58eb5eb-c0f5-43e1-9e84-dbe41d59ce19,0.492961563,0.6524023999084742,True
51ce5689-11b2-4fa5-88b7-180bf985b900,0.492724005,0.6524023998642701,True
0a517fea-4a4f-4102-afe4-4ed48c02a9fb,0.49269751,0.6524023998593399,False
e838f135-d842-4f91-9cb6-d0408a1a469a,0.491922662,0.6524023997151582,False
7573e769-5032-4043-a356-8725a6f24f76,0.49184016399999997,0.6524023996998072,False
7af53886-8c05-408c-a2a6-ec561c799443,0.491702116,0.6524023996741195,True
27d364b2-099d-4200-8eb2-3f2d1c98eee7,0.49166628700000004,0.6524023996674526,False
3cd25201-d38c-4ac9-b992-d79f3a615dba,0.491540432,0.6524023996440339,False
e60971a6-e1cb-4407-a4f6-0484b0839897,0.490629343,0.6524023994745007,False
edf267d1-798e-44b4-8269-1b873d6a4bfe,0.490594718,0.6524023994680579,False
53ada386-f180-43e4-9795-476de3ebbf41,0.489916519,0.6524023993418603,False
2496fcb3-5e95-4847-886d-5460016d1f44,0.48985871,0.6524023993311033,True
e8d307ea-5893-4443-b593-2b296572e59f,0.489442307,0.6524023992536201,False
bd3ee64b-8f22-4e8b-a6df-c1338a7c4262,0.48879015200000003,0.6524023991322689,True
5e14310e-b296-48b3-a26d-b8f4277cd382,0.488483345,0.6524023990751789,True
84692092-3f31-4e59-b2ed-df066905ad4b,0.48821718399999997,0.6524023990256523,True
0757334b-c7be-4940-8d4e-909f745b6ed2,0.487776242,0.6524023989436031,True
e958b71c-4dba-452d-97fb-adc4c05db5d4,0.48732671899999996,0.652402398859957,True
3e2fb0be-9cf7-43d0-8f92-72a0baec9062,0.487164583,0.6524023988297871,True
aa66ee3d-1262-413d-befa-abe60dd497f3,0.486283452,0.6524023986658285,True
13f09fca-b709-44d7-abca-3e6485078825,0.486229708,0.6524023986558279,True
47c4b6db-36ad-4ed3-ae5d-7a8fd61c7f43,0.48605643200000004,0.6524023986235852,False
20d836f6-1fb2-49ff-afbd-66a04d439fcc,0.48545757,0.6524023985121505,False
3e2d782d-2d4d-4911-9f59-337c3464ab44,0.485380793,0.652402398497864,False
a47e68e5-3d7f-48fd-8076-da0ece5b56d5,0.48485359,0.6524023983997633,True
14064f2c-c93b-4414-901a-319b90f22c36,0.48474023,0.6524023983786696,True
acd20786-39a4-4ed1-ad7b-5afa09266e86,0.484501619,0.6524023983342694,False
4fbce1c9-d58f-44d4-a709-a4d8abfd2f2a,0.48440617399999997,0.6524023983165093,False
c3ecf63c-b047-4048-9dd6-9f84a7e7f8ab,0.484269932,0.6524023982911578,False
c1e1d900-4a7a-499a-96b9-2146258b35d6,0.48425277,0.6524023982879643,False
44ac6683-e307-4b26-a267-d2d79f54109d,0.484161842,0.6524023982710447,True
323f96fa-6222-44da-98b3-955e70883298,0.483730083,0.652402398190704,False
e856755d-b088-4632-8736-b6e8f26b3fb9,0.483416351,0.6524023981323255,False
461825fe-2e50-4c71-8b34-5cafe92ab7d5,0.48327032299999995,0.652402398105153,True
66199223-0a19-4436-a885-c69e720de80b,0.483101715,0.6524023980737789,True
cdf0017b-bbd3-4854-901b-b475bc81d473,0.482849705,0.6524023980268855,True
163245a6-45ab-4c9a-b894-9eac83185ff4,0.482641051,0.6524023979880597,True
8f995287-4e8c-4402-810b-ec7fb24c94ec,0.482267402,0.652402397918532,True
fbac923d-5841-4b50-b318-2847eb4e8140,0.482064771,0.652402397880827,False
2c3ec050-5481-448e-895e-60cd146f4292,0.481966014,0.6524023978624505,True
c9d4c418-efd7-4670-868f-89929b8ebdc5,0.481228803,0.6524023977252721,False
e4285c0d-530c-48f2-a3e6-86cd09fefa1e,0.48094292,0.6524023976720758,False
59499ba9-e5f7-4e2c-a3a3-0d1324e3c97f,0.480838895,0.652402397652719,False
ff1397c6-17f8-4933-9c0f-7eb5e8f6270c,0.48041767399999996,0.6524023975743394,True
5ea1a3d3-a6f2-4170-bc1a-7e9bc7b0e6e8,0.48003785299999996,0.6524023975036631,True
4e8c9ce4-ad8c-4dd4-94bb-ee7dfcebb4a2,0.479898449,0.6524023974777231,True
3eccb89d-44a9-49a3-bf59-c7db3202aefc,0.479733454,0.6524023974470213,True
1caec1e3-16ec-4232-9e7e-e5ca7ba33ce2,0.479717195,0.652402397443996,True
c2f59516-1ab4-43d7-9580-d585ec6cf8da,0.47959600700000005,0.6524023974214455,True
91aa18da-58e7-497a-bc22-13f97d9fce15,0.479137903,0.6524023973362028,True
f2820996-ecb7-4e4e-afd9-1b6a80ac3bcb,0.478968994,0.6524023973047726,False
d5d1984f-1c61-4de4-8a02-5ced0e90bdb3,0.47884615,0.652402397281914,False
66fee6b6-3d4b-4343-a063-16c557150e02,0.478728425,0.652402397260008,True
b83becf9-80a7-4a78-9e62-42cb0964d239,0.47856026799999996,0.6524023972287178,True
fcd77f9c-cbb2-41a1-987d-5d9218dbfe99,0.477770065,0.6524023970816787,True
e3373d41-20ec-47cf-8ac7-9ae5600e6188,0.47765775899999996,0.6524023970607812,False
017b6a09-54fb-4819-a791-0b891bee51f8,0.477512334,0.6524023970337207,False
e1bf28e2-c48b-48d5-bdb6-2544e69045e1,0.477278992,0.6524023969903012,True
cac3a4b1-88c2-4128-9b0e-7be444c219d5,0.4772397,0.6524023969829897,False
5b5062cc-cab8-4090-ae1d-53ec5d930ba6,0.477127244,0.6524023969620643,True
4aade72c-7fb9-444a-a8c5-e00b13ed9c5a,0.476973539,0.6524023969334631,True
d9f60c4f-6e11-4249-aad0-990e1123ba23,0.47654750100000004,0.652402396854187,False
887bec59-0fca-4cbf-8b61-883802b82303,0.476348482,0.6524023968171542,False
819fca99-c018-41be-a62a-e4b9af1be5ad,0.475944725,0.652402396742024,True
f223f8a6-f529-40d6-a408-bab82a7c89e3,0.475396295,0.6524023966399735,False
abfa40c9-6dad-415f-8bba-f4cec1b0dc9f,0.47518508200000004,0.6524023966006716,True
e0f7bbd1-cbd8-4b5b-b55d-7798be07f6e8,0.474985913,0.6524023965636105,True
9a8cc770-2052-48b9-9633-2dad57c5f9b0,0.474939545,0.6524023965549826,False
00b49d11-783e-49b2-afe2-59d1175328b7,0.474812788,0.652402396531396,True
5ce8c392-5cbf-4e87-8aca-af24ac6aa192,0.474665255,0.6524023965039434,True
2db9fa10-0732-4726-9bb5-73da73891997,0.47456363799999995,0.6524023964850347,False
9e56c95a-3eb5-49c8-9d7e-80dd486efc66,0.474177193,0.652402396413126,False
b3eb2b87-1ac1-47d9-8219-f9c1c5c55c8b,0.47353587799999997,0.6524023962937917,True
52fe43dc-37bd-4aac-9ce8-ee059b889fb5,0.473304041,0.6524023962506521,True
6100fb55-0a47-433d-9b2a-ce243519a148,0.47308786,0.6524023962104257,True
0bf6cff5-5726-4c19-aebb-6e2d11f9bc0d,0.472803935,0.6524023961575935,True
9d5408c5-cac8-4b6f-b190-4107b19c1e77,0.47245648100000004,0.6524023960929402,True
23569336-081d-4e45-b339-1d6afada0798,0.472066272,0.652402396020331,True
7a528042-fe45-4533-be4d-9f9e15a3c425,0.47196962299999995,0.6524023960023468,True
f0f483ff-568f-411c-82a1-b0a1f4d5cfad,0.471681181,0.6524023959486742,True
5bceccb0-0c71-4e62-83e2-3ab47fc9a873,0.471538165,0.6524023959220622,True
d36661fd-2d07-4acb-8335-d0be0205b1bb,0.471388675,0.6524023958942454,True
d9e209f8-b8d9-4d14-9538-5bfc782e2d88,0.47132966200000004,0.6524023958832644,True
f083b658-f2cb-46fe-8b6f-112af0eb37dd,0.47099078899999997,0.6524023958202078,True
56819e3d-c051-4a0e-a622-284191ee1edd,0.470757296,0.65240239577676,False
98236abe-d868-4ce3-97be-44894763174e,0.470479091,0.6524023957249923,True
c88ff962-3f7f-438e-9f16-0b0d0b602a54,0.470302203,0.6524023956920773,True
679ff150-3a77-4bd4-a189-2c931be91ce0,0.470184779,0.6524023956702274,True
6c4c7f45-873a-4b7b-8115-9f30df76d339,0.469764311,0.6524023955919878,True
c4dde0d7-b5be-446e-b106-e603546eed6c,0.469759794,0.6524023955911472,False
83b8035d-3c43-4231-8b37-944408d38796,0.469405114,0.652402395525149,True
99caba92-0847-4c19-9502-651fff210576,0.46889326600000003,0.6524023954299057,False
ba73bda2-2486-4131-8781-7b92791b77be,0.468494325,0.6524023953556718,False
e80d8b18-89fd-4434-9985-360746f4d705,0.46846767899999997,0.6524023953507135,False
3c160bb9-1690-464f-b976-32685533d92d,0.468206034,0.6524023953020273,False
c9ffbd6c-ff0e-4b7e-b251-7b96b79bacf0,0.468204981,0.6524023953018314,True
c1c8faa7-05d3-4f49-a3f9-5275882c7f91,0.46791352799999997,0.6524023952475986,True
3bc16104-669f-4815-8a37-0c9dcc524d6f,0.46715554200000003,0.6524023951065542,True
ff7d51ab-d17b-496c-bf62-680bd12e08d2,0.46707184,0.6524023950909792,True
ac06dc72-00bf-4700-ab29-e18da7690a3e,0.466373318,0.652402394961,True
22db3764-4859-4559-abcb-f8f5ff7ce343,0.466264475,0.6524023949407467,True
fb19da8f-ce22-424c-9063-14f2159dd7f6,0.466233312,0.6524023949349479,False
711369ea-1de8-4b06-a895-c3738618c80a,0.466160901,0.6524023949214739,True
7bb18677-9c6d-43b4-89a6-e63cb882c743,0.46577355200000004,0.6524023948493969,True
4ea711ce-dff5-41a2-81b2-b55d5a0aa2bd,0.465400806,0.6524023947800373,False
852fb7ca-2f67-49e5-8ce7-7930724e4a1c,0.465172131,0.6524023947374858,False
4b272aba-83ce-490e-9a5a-2981393736a0,0.46478658899999997,0.6524023946657451,True
c0c5192b-e896-4269-a15c-3da216620e7e,0.46459299,0.6524023946297206,True
5ef41b68-7bed-481b-86d8-3f81c08c7360,0.464253815,0.6524023945666079,True
7bcdbf53-96ee-47f8-b3e0-df431c669d70,0.463527443,0.6524023944314462,True
ce2b502a-3910-482a-acec-7a1a3c3dc909,0.463477914,0.65240239442223,True
0b5f8655-9e78-4a22-b397-b4d5c651f62a,0.463039531,0.6524023943406567,True
da5bee80-a624-4d76-b2e9-df614d56d81a,0.462836297,0.6524023943028394,False
700d7907-d2f9-4d6a-84cd-f792d9647377,0.462788575,0.6524023942939594,True
59279252-d079-4dac-b01f-835e0ba096fc,0.462356214,0.6524023942135067,False
33ffc3cb-1437-4328-8f69-0ca657fec1a2,0.46235591299999995,0.6524023942134507,False
ff73f87f-480a-41ef-b701-fa723d2c809c,0.462297653,0.6524023942026099,True
48ffcb56-93f1-4260-bf43-b7cc4c63bdcf,0.46192867,0.6524023941339504,True
66b0f7a5-b0a1-407d-a034-9ff34239044d,0.46182329,0.6524023941143415,True
bd325d72-e552-4905-b0cf-69ee17084472,0.461735975,0.6524023940980941,True
102ae476-3db5-4bac-8936-987b0215390d,0.46171068299999996,0.6524023940933878,False
38fb1e88-f02b-4136-ac10-80ad1bf59467,0.46155411799999996,0.6524023940642545,False
45f0c3d7-aac1-4c5a-9a81-90897435df81,0.461433081,0.6524023940417323,True
cddb4ec0-cee7-48ec-8eac-d7e06b2a6e61,0.46100869899999997,0.6524023939627643,True
879a11a4-fd86-4a38-a3b2-609cb12d90cb,0.46048435600000004,0.6524023938651958,True
5bcf4e8c-9770-4823-9257-4ce3f38dae57,0.459899193,0.65240239375631,True
b1a34e73-19ae-4a78-b878-9f0c8233bb43,0.459849664,0.6524023937470937,False
7a238d84-4582-47c9-bdd7-206d58615b77,0.45959464299999997,0.65240239369964,False
ed1bee06-d951-468a-9936-835799922a45,0.459305449,0.6524023936458276,False
b2057d71-7b01-413f-9772-8f44b4f91e15,0.459025739,0.6524023935937797,True
63b782c6-44a6-447c-b60e-febd5ec7edb0,0.45899999700000005,0.6524023935889898,True
177c8905-39de-4fc1-86f1-e8e6f6dc94ef,0.458257817,0.6524023934508867,True
d3763add-c7f7-42ad-a0f4-b730a6f4bdea,0.457935955,0.6524023933909953,True
50bda418-06f4-4158-8e69-ff3ebf075d63,0.457762228,0.6524023933586686,False
32932c01-17fc-4f4a-9697-be84dc488d44,0.45747107600000003,0.6524023933044917,False
04f5910e-753f-420b-825e-ea7dedf456c9,0.45687387,0.652402393193365,True
97fb9a77-08d4-41ac-9398-4358aa478aa6,0.456861676,0.6524023931910959,True
b5f94f1f-e85d-4424-800a-3388eb1d9273,0.456861375,0.6524023931910399,False
ec39d706-15d5-4c19-85a3-fbfd5870bf45,0.456365786,0.6524023930988219,False
9294623f-96d5-4016-bf99-1bc23861058d,0.455986416,0.6524023930282297,True
e0ddb001-ae2d-4417-bc38-91dc5f699b03,0.455697975,0.6524023929745572,True
9f0d2ce8-cd6b-4293-9ae5-6e636b9556e5,0.45559199200000006,0.6524023929548362,False
5dd6f7bb-2db4-49fd-b14c-045c16cae927,0.455374758,0.6524023929144137,False
4c463dc0-9fc8-4ba8-9971-22e970d9b190,0.455274195,0.6524023928957012,True
6e4f6d3e-64a1-4e0b-b4a0-2f50e01af769,0.455069004,0.6524023928575197,True
31a34fdd-d5de-4b6e-9213-04cf61796c46,0.454967839,0.652402392838695,False
bafc5f28-d6bd-49ff-887f-82bffc890a98,0.454936526,0.6524023928328684,True
d3da75c1-53eb-4478-843b-8a1e5a2f9eb5,0.45481579,0.6524023928104021,True
9de0cc16-7812-4898-a7cb-69f457937d25,0.45481142399999996,0.6524023928095898,True
f9aa8426-267b-4a5e-acd7-66338e2c894e,0.45436385799999995,0.6524023927263077,True
0108973b-0777-4722-a068-6d883bd0bacb,0.454040641,0.6524023926661644,True
0e1a09d0-b94b-484d-b841-0e998f0ca578,0.453824009,0.6524023926258539,True
84800760-faf8-48b8-a829-89dcfe2f8781,0.453746328,0.6524023926113992,True
a9dbcb4f-43fe-477f-8e5a-7d48cf7b110a,0.453614904,0.6524023925869441,False
f5bd902f-3d8c-4e0a-822f-14677d04c4aa,0.45338111,0.6524023925434402,False
403c2e90-c30a-47d2-8588-621cc93b60c3,0.452637726,0.6524023924051132,True
e8bb66f4-b9c8-4c14-b613-9c0b010406d8,0.45250223700000003,0.6524023923799016,True
7ba96fb8-7035-4163-8a46-628f0b75b614,0.45230773399999996,0.652402392343709,False
20c501fe-a4d9-4472-82c2-49faeb0b8f42,0.45206114399999997,0.6524023922978242,True
c5b391d9-aa15-4e83-959d-b6897da9d64d,0.451867846,0.6524023922618557,True
ca9de7a8-2d95-4599-9d3e-9f7ce575c407,0.451854598,0.6524023922593903,True
31363cdd-d893-4641-b0ca-19bdd9896e92,0.45185294200000004,0.6524023922590823,True
b7616720-b46d-4652-b882-83e8ae9fb8fa,0.4517581,0.6524023922414343,False
4a8d6115-eb6c-4020-ba9e-09ec46639514,0.451570673,0.6524023922065583,False
58793b38-ce80-471c-92c2-48cb5e0bae7c,0.451463035,0.6524023921865293,False
17c61d98-6c16-463b-ac90-370fb593f9a1,0.45122171299999997,0.6524023921416247,True
5a6c5949-af91-4f4a-8244-9bcbd9b6b90d,0.45117579799999996,0.6524023921330809,True
6a754f3c-f1d6-4855-a8b9-c24a4df2ec2b,0.451063041,0.6524023921120994,True
b7831394-7f83-4151-bda6-d663dacde7c8,0.451003275,0.6524023921009782,False
df83d1a0-827e-4dfd-bd52-324f5bf5af8b,0.45091550799999996,0.6524023920846467,False
707892ed-63cc-4dae-9a5b-0738032f0e13,0.45090271200000004,0.6524023920822657,False
192462e6-eba8-433f-bea5-3a1956aa1490,0.45023475,0.6524023919579728,True
7c2b3204-3213-43ed-9bdc-f747fc21f7cf,0.45010724,0.652402391934246,True
f1323e16-89d0-404e-b4a6-72ad1fae229b,0.449768065,0.6524023918711331,True
3fac8865-c162-4047-8554-6114cebe27f6,0.449647781,0.6524023918487509,True
6d5c5cae-0f55-41f6-be32-8c2644517f9b,0.44914571799999997,0.6524023917553282,False
da0c673c-edea-4ed6-8064-68d4d274bb76,0.448729014,0.6524023916777888,True
b1c4169b-183e-4b50-b190-dfcb0ed17b6c,0.44813798,0.6524023915678105,False
31fda820-44b1-4eeb-8e6f-0ffc679ff671,0.448125786,0.6524023915655415,False
69b94109-c981-4a24-96ec-85c6d639384d,0.447660606,0.6524023914789819,False
d26b2697-35bd-4d91-8d6e-a38aef2b1e89,0.44754062299999997,0.6524023914566557,True
b63257ad-2166-4442-9f72-0b2593e29b78,0.44743539299999996,0.6524023914370748,True
d9513109-d959-4a2c-bb52-2d75f9eec928,0.447246762,0.6524023914019748,True
a82badd4-9c7d-45a3-b25c-c09fcffcfe1e,0.44686769299999995,0.6524023913314384,False
4459712c-3c16-4ef5-83fc-ba33a39cfa64,0.44570564799999995,0.6524023911152077,False
2ce96b7b-348e-4f7d-b588-f25d20260a47,0.445698873,0.6524023911139472,True
9ab9428e-96ea-45b5-a1ad-b84ca97cd889,0.444788236,0.6524023909444976,True
a976a7d5-c2a8-4f00-959b-b1be76399153,0.44473780399999996,0.6524023909351134,True
078f638d-b943-4bb8-b4f7-e1d25ce0f0a1,0.44453743,0.6524023908978284,False
a096fd4e-ff3c-4e1c-919f-51febaefc2fd,0.444491815,0.6524023908893404,True
6e5b4b2d-6298-45a7-aa43-812a71b3482a,0.444367165,0.6524023908661457,True
06f947c7-3546-4f14-9a0b-07715a2a3d28,0.444253355,0.6524023908449683,True
67219d91-0e28-4a3c-910d-4a905928988d,0.443875189,0.6524023907745999,False
0f9e54ed-ab97-41e8-a5d3-2c258c97f875,0.443569586,0.6524023907177341,False
7d187837-4ba1-43bc-9ad5-c3981d8eb10d,0.443319684,0.6524023906712328,True
de42b835-e545-407f-a3ee-789b9c37e2e3,0.44326413299999995,0.652402390660896,False
e8f658a5-d7f6-4341-96ec-60bd7f30a8ee,0.44303560799999997,0.6524023906183727,True
7115e598-a91b-472d-af4c-720c236f0f24,0.44284697700000003,0.6524023905832724,True
810fa071-fd32-4f1e-a2d0-1a1dc6679c25,0.442661808,0.6524023905488168,True
52ff143f-ee72-494c-8b1d-135314721da2,0.44260430100000003,0.652402390538116,False
460004cf-0910-4db1-afd3-b0e07418fa1d,0.442315558,0.6524023904843872,True
f575a9cf-7b65-428c-adc2-c4f4b735ace9,0.442059935,0.6524023904368215,True
cd5ac22c-b0e1-4123-8f53-5ef559835156,0.44187612200000004,0.652402390402618,True
c0819f11-0af6-40ff-8f4e-c42f0a72bcd8,0.441759601,0.6524023903809361,False
c08c319d-f436-496d-9501-6cf750d33038,0.441599874,0.6524023903512144,True
8ee35e86-ca35-4c6b-bb57-be4176839779,0.441592949,0.6524023903499259,True
d9c562eb-516a-470a-9e79-df00cfe8b663,0.44131564799999995,0.6524023902983264,False
04b3b62f-65a4-49ee-a8dd-bb69ac4bc08a,0.441041057,0.652402390247231,True
150982cc-faa9-4b34-b2fd-0b24dd44989a,0.440867028,0.652402390214848,True
1e6b20a5-49ea-4946-ae3a-1d2885a0179f,0.44054336,0.6524023901546205,False
01350925-e619-4808-a7d0-b2c996193813,0.44038589100000003,0.6524023901253191,True
e57c7092-70ff-4d6b-aca0-cd37f2e2aa9a,0.43997912299999997,0.6524023900496287,True
3e5b665c-50e4-4514-95b3-e5a9dcb5f875,0.439586806,0.6524023899766271,True
eb6b51da-7b9c-4601-b727-681b7e068200,0.439577171,0.6524023899748344,True
a91b519c-4f75-4500-842f-7d46073cf3a2,0.439531105,0.6524023899662625,True
ed7e7c81-2649-48af-8b28-4c71de624520,0.43950551299999996,0.6524023899615004,True
cf3ee26d-98ea-4190-8b82-2e07770859e7,0.43826729200000003,0.6524023897310949,True
ad7e4390-f0b6-4666-ad3e-5d9e5e2f91d7,0.438240345,0.6524023897260807,True
44e9cb61-8d57-43e3-a20a-7613c6764b3f,0.43821324700000003,0.6524023897210383,True
a23bafd9-f030-4594-a0eb-66a33861c31e,0.438029885,0.6524023896869188,True
483b869c-5e0f-4232-8eab-c5202cecbbe3,0.43772383,0.6524023896299685,False
69bde343-10d7-4a21-a454-2bf5e669062a,0.43741295799999996,0.6524023895721223,True
b3c60cd4-9aa3-496a-9693-2bd6b4147705,0.437337385,0.6524023895580597,True
fbd07345-d10e-42f9-8fe4-266317c5d770,0.43730291,0.6524023895516448,False
240f0e04-e4b2-4600-8027-ccb4da3a4ff1,0.43720565899999997,0.6524023895335485,True
1a5d0259-aaac-4e9d-8f97-46a8d7e7db36,0.43587560700000005,0.6524023892860552,True
df2c3b6c-c3aa-4349-bb9d-7e46ff7a19e3,0.43582607799999995,0.6524023892768391,False
71c4bd36-939c-46df-a8b1-376c12dea968,0.435814185,0.6524023892746261,True
eaf1e64e-fc84-4c9b-a01f-96364abec2af,0.43557662799999997,0.6524023892304218,True
264be0e9-8a6f-4054-8164-d7e785629ca6,0.435333951,0.6524023891852652,False
c1d0a36a-eff4-40bd-aa96-9db0b4b85ca7,0.435281863,0.6524023891755728,True
57a0713f-f8d5-445f-8877-7194b3c7cd62,0.435038435,0.6524023891302762,True
295fe37b-1e5d-4918-bf01-56f22eb1cd5e,0.43491333299999996,0.6524023891069974,False
d2b3b8f1-4144-4f1d-b121-78c5054bc1f3,0.433074594,0.6524023887648489,False
8c9d630a-1e0d-438f-a4c0-71e1e68d4506,0.43197878799999995,0.6524023885609436,True
90d38008-3b2d-4f1b-a273-89f3f907c45b,0.43190983899999996,0.6524023885481137,False
553abddf-be11-47e3-ad56-fed89fb54e74,0.431903366,0.6524023885469092,True
5182ad50-e150-48df-a588-fdb01c6ac4c3,0.430155254,0.6524023882216242,True
0e6f2f4e-492d-4423-9059-a0a9ae40ce18,0.430078477,0.6524023882073378,True
875e4c5a-56d2-445c-a55d-e896bb77c426,0.429835801,0.6524023881621811,False
56b5655b-f414-403d-879f-98245c50ade5,0.429743066,0.6524023881449252,True
b233c6de-1d7e-4442-8fac-d5473ee7567c,0.429566629,0.6524023881120942,True
fcb4a796-72f1-46bf-969f-5d33fffae857,0.42931221,0.6524023880647525,True
d10f22aa-6baa-4feb-aaec-bb6bc5dac5d3,0.429080825,0.6524023880216967,False
7819f54f-c5bf-47e4-8bf4-ab1172214951,0.42877582399999997,0.6524023879649428,True
4d4ca7f1-10df-4664-a24d-b7356031d8e9,0.428561299,0.6524023879250245,True
1815cbf3-74c2-4cc7-baa8-eec1157d3aa2,0.428523814,0.6524023879180493,False
52a88aaa-25e8-4794-8e49-0363a378776c,0.42830387,0.6524023878771227,True
e8c69b71-c13f-4c4a-a28c-a376e10e32d6,0.42761091799999995,0.6524023877481796,False
fe92a443-47fd-4f17-afe4-0fede8afb9ec,0.427559432,0.6524023877385993,False
e2be2dd4-24da-404a-a4c4-5e93a64f02a2,0.4270104,0.6524023876364364,True
b57e0b89-7264-4816-be4a-4167e3197024,0.42622049799999995,0.6524023874894532,True
e1924ef6-0c4d-4037-93e5-c94ab177f584,0.42574222100000003,0.6524023874004563,False
0d065d5e-746a-46da-a86d-68a0280a964f,0.42539250799999995,0.6524023873353826,True
4482ef0f-0215-463e-9c7b-44307600d37f,0.42515163899999997,0.6524023872905621,False
ac272e7a-61b8-490f-bb5d-8b9380a2003a,0.42444634200000003,0.6524023871593219,False
abbdba63-8965-4191-8998-6d7e8164ae13,0.424412771,0.6524023871530751,False
508b1d27-afd1-4848-a7a7-8d1390f35bc5,0.424380404,0.6524023871470523,False
e1e00223-439f-456f-832a-723483676674,0.42377823,0.652402387035001,True
b3d7f619-5d3f-4135-881a-f59ba5eed0c5,0.42375339,0.6524023870303789,False
377e560f-a04f-43d3-8404-4a39732fe306,0.423142635,0.6524023869167308,True
0b21e142-1edc-44c3-9bd0-9af381fed5fb,0.422708618,0.6524023868359698,True
1207747a-05fc-4539-8c6e-bdbbefd5c49e,0.42245495200000005,0.6524023867887682,False
1da48d50-60f9-42ab-a1bd-61657984e250,0.422049689,0.6524023867133577,True
8a758fae-1874-4982-a8cb-da21c8b66ee8,0.421339124,0.6524023865811373,True
d6e66da6-5a67-4a94-8ab2-605c0d0964da,0.420865664,0.6524023864930367,True
378993d2-c12d-4199-bda6-9c8405ead0b9,0.420805146,0.6524023864817757,True
b39d6bad-e66a-4834-984c-911347fdfb62,0.420478316,0.6524023864209597,False
f048a68e-572e-448d-af96-2d1d895a9bbe,0.41975661,0.6524023862866661,False
b5f1d447-e1ce-4b1f-aeb6-a0416f9f67b3,0.419713555,0.6524023862786545,True
fb2b3444-0bde-4252-9347-a34c0533fec1,0.419686306,0.6524023862735843,True
62291b42-a3ae-465c-81ef-f608c4ac991e,0.419521311,0.6524023862428823,True
31ae0357-d49f-47ae-9c75-965d3acccaa0,0.419105961,0.6524023861655948,True
7a9d280f-7869-4c36-b164-6bd3c9e149c4,0.41850529200000003,0.6524023860538235,False
6d015a67-6753-408c-87c5-85556c99fe15,0.417057816,0.6524023857844802,True
682e3e47-a6d6-4c80-a2ca-bd89be194c93,0.416880175,0.6524023857514252,False
8b87abee-c6e8-432b-8d26-8ede6625c5d8,0.41680686,0.6524023857377828,True
c752098e-ce9a-48bb-8fa8-add9116a2adb,0.41649373,0.6524023856795161,True
73b09168-de4e-4657-852d-923c69f98a6b,0.416468137,0.6524023856747538,True
a29ac769-c4d9-4e29-b73a-eba211ad88b6,0.41632557299999995,0.6524023856482258,False
8c758d39-95a7-4a2b-b969-dd9854b07bad,0.416044056,0.6524023855958416,False
003dd59a-80fe-4b54-a6ad-e062f8a72afd,0.41528576899999997,0.6524023854547412,True
8ee82289-f27d-4405-8ec4-85918bd4b0af,0.41523458399999996,0.6524023854452168,False
716ec0d7-fdd6-4bd8-bea0-4342fc1e4d48,0.4150452,0.6524023854099765,False
2d24237a-2823-4525-8e45-a5a02179fcc5,0.41498694,0.6524023853991356,True
32ff9f42-3107-4bd3-9cb0-0b0b30449aec,0.414907001,0.6524023853842608,True
2fb3b70b-98e5-43c2-aab8-8f045841ff18,0.41462879700000005,0.6524023853324932,True
f86c8f13-feb6-4435-8969-200d0a94555d,0.41428254600000003,0.6524023852680636,True
040e3300-43b2-40a5-ab29-c74e52568409,0.413678566,0.6524023851556762,False
2dd80d13-1850-447f-8920-9f3d460c8a08,0.41265818200000004,0.6524023849658052,True
83e099f2-aab5-419a-b52a-aefe5956a83c,0.412188185,0.6524023848783489,True
b7e98291-dd09-4edf-83a4-7fa2b463fac2,0.41195439100000003,0.652402384834845,False
d61db08a-4bb4-4525-824e-097a17eac5e0,0.41168612200000004,0.6524023847849261,False
15ebd805-500a-4d73-afe7-54907e4d3008,0.410891403,0.6524023846370464,False
e681f921-95e7-4dfa-b85d-f36d3372b6b9,0.410727009,0.6524023846064562,True
540cc0ff-5525-4765-bf3d-c1dd8e2cd8f9,0.410336198,0.6524023845337348,True
0365c594-0cc0-4b5e-a887-ac70250a9fb2,0.409999282,0.6524023844710423,True
f21589b0-0408-4dc2-86dd-52c0497a4498,0.40953259700000005,0.6524023843842024,True
06d805e0-f122-4394-b9db-f8fad1a09a79,0.40942360299999997,0.652402384363921,True
2f2a3855-7c5f-4ba1-9e8f-18638d5a575b,0.408498664,0.6524023841918103,True
1c30106a-c636-4535-9baa-fc6782e3c982,0.40783913299999996,0.6524023840690858,True
97a2b17b-dc49-489a-b5d1-aec0c4e0ec25,0.407236055,0.6524023839568663,False
35035829-939a-4564-a465-45c7848877af,0.40721302200000004,0.6524023839525803,False
a07017bd-5118-4ffe-9423-a066a344a5f7,0.40720414,0.6524023839509276,True
a9de0fb1-2fa7-443f-87f1-e5d3ac3d708d,0.407058414,0.6524023839238111,False
605bcfd0-819c-45c0-ada4-4a4d3abb4431,0.406845546,0.6524023838842012,False
2e1c1128-b6f3-40d3-bb1f-918101fd0f7f,0.40680986700000005,0.6524023838775621,True
020b581b-986e-470e-aaa7-18e21c9bb2d9,0.406687776,0.6524023838548436,True
970fdc46-37f6-4866-a8ce-7ea459149f1a,0.406037428,0.6524023837338282,False
bca27194-3923-4010-a709-d4909947e3c9,0.405630509,0.6524023836581094,False
400f252b-6d57-46e3-bdcd-a46275c94351,0.405409962,0.6524023836170705,False
fac8ae12-23b4-4d66-98b7-c08a6f7ca5f6,0.404892996,0.6524023835208744,True
e22243f0-7657-4e4b-95c0-a645bfb70183,0.403500769,0.6524023832618115,False
6170505f-1105-41ae-a570-be22dacd84f9,0.40285809899999997,0.6524023831422247,True
8a76a3e5-fb3f-4301-b246-8ec1b910eefb,0.40246171799999997,0.6524023830684669,True
480b96fc-ddc7-4abc-84d8-11e15373fefc,0.402289044,0.652402383036336,True
13b3dcb8-e432-4290-8350-d9ce154f6292,0.401718786,0.6524023829302236,True
7b47fc62-26d9-4aea-ac3e-2a27c2950783,0.401715775,0.6524023829296633,False
6b03b7c5-5923-47b3-98de-a66af9f15c00,0.401591125,0.6524023829064685,True
61865990-41cc-4eef-bfcb-b33ffa441e0c,0.401527746,0.6524023828946751,False
b75cc785-f48a-4171-9c37-af51623de036,0.4010719,0.6524023828098523,False
23c9da2e-7eb9-4038-9ff0-5ba8eaf2b6b8,0.400895162,0.6524023827769652,True
fd1e1855-8ae9-46a9-8948-55888d8f8f5c,0.400507813,0.652402382704888,True
c006349d-873b-481c-88a4-96f5208742e0,0.400210942,0.6524023826496468,True
45569a35-5778-45ad-aa1f-17c3ed33fb2f,0.399353145,0.6524023824900296,True
03151688-7fe7-4e31-8fb4-7ff758da8898,0.39854909200000005,0.6524023823404129,True
28e1e120-1527-41fc-abf4-a54303359bb6,0.39841962399999997,0.6524023823163217,True
05bf155b-f554-4b07-a526-0ed3cb307d70,0.39790115200000004,0.6524023822198455,True
bc32deb5-5623-48d2-b655-23c238937a46,0.397586065,0.6524023821612146,True
f0cee88c-370d-4fdd-baf1-47dd7ce88a00,0.397502061,0.6524023821455833,False
4bb020f4-a518-426d-8eed-628ee2261c85,0.397473759,0.652402382140317,True
c7745a88-3827-4763-bed6-afbd3ff07abc,0.39713127299999995,0.6524023820765877,True
2af842b5-2df6-43d1-bf4a-827fb81b3b09,0.397012795,0.6524023820545416,True
90816ec7-9741-4852-babc-ee27f13b5247,0.396852315,0.6524023820246798,True
c150d7dd-b63d-4a67-9863-07470ee9f4df,0.396843885,0.6524023820231113,True
8529c2bb-e303-4eb4-8e29-70a3603c1983,0.396617166,0.6524023819809237,True
8c08b446-d860-4c00-bff9-ef81708a7b07,0.39522765,0.6524023817223652,True
35487de3-6e25-4e1c-aae5-6425ca525557,0.39444753299999996,0.6524023815772024,True
b1b0291c-6eb5-4fe2-94fa-873c2bb12355,0.39387938200000006,0.652402381471482,True
e9202392-d813-4661-89ca-8bdf8b78ac3e,0.393717548,0.6524023814413682,False
658df017-765e-4015-82dd-2c07a2e17088,0.39326004600000003,0.6524023813562371,True
87812e87-c8ed-4786-aff2-6f80e6d98a89,0.39299222899999997,0.652402381306402,True
974c154f-b068-4075-8d49-7f2f12ed792d,0.391695898,0.6524023810651833,True
ae6a5f0c-dadb-4624-b263-6bf98a08bfec,0.391458341,0.652402381020979,False
7e3ec0b8-106d-416b-9475-c182b3d23f0a,0.391003549,0.6524023809363522,False
4aec05e3-dc5d-4f19-a10b-acbda2b01580,0.390751991,0.6524023808895428,True
b1adf239-b6ba-4fa2-ad16-246a3ef55fbc,0.390706677,0.6524023808811108,False
f276ca2e-53d5-4ea6-acf1-be2954174bdf,0.39059678,0.6524023808606615,False
f3f03517-dbce-4a29-acb5-06a47da83865,0.390559596,0.6524023808537422,False
cc57a766-692f-4172-a7c2-c59c9c6eeead,0.39052843299999995,0.6524023808479436,False
db6cdb11-82a7-4264-a695-2250a6208a96,0.389998671,0.6524023807493664,True
9dd8fe91-3fd2-4929-b377-fb8947fe3d5b,0.389819524,0.6524023807160311,True
9308130c-b53d-4584-b011-664d945773bb,0.38964037700000004,0.6524023806826956,True
e162e07d-da11-4c4f-b269-0b67107893fe,0.38959641799999994,0.6524023806745158,True
210e0828-d4cb-4ed3-8416-39b9626d910e,0.389404927,0.6524023806388835,False
cc1dd378-f766-4542-9829-572b78c54193,0.389249265,0.6524023806099183,True
d6392a93-401e-4a00-8e74-899e4b9173b6,0.389145691,0.6524023805906454,True
9df0689d-4e6e-4364-9da3-e23e1885f857,0.388596207,0.6524023804883984,True
8c4a2644-dcb1-4ccd-8f53-9a087a8d876c,0.388457557,0.6524023804625987,True
bb33b03b-b47f-4645-846b-268a357d7bf1,0.388082252,0.6524023803927625,True
acf3ec67-d712-4c44-a1ba-e3a2640d388d,0.38778011100000004,0.6524023803365407,False
4db54818-6e42-4623-a181-170a7c92bb67,0.387470142,0.6524023802788621,True
f046ddbe-f5e5-4436-8dae-2175e27519e4,0.38732682399999996,0.6524023802521939,True
4c784c09-41a8-4fba-abed-afb02bc048c9,0.386193081,0.6524023800412291,True
cca030cc-d833-41d3-ac73-d7e75cbee61a,0.38573588,0.652402379956154,True
850d53d1-5bf8-438d-b403-3fb1c62bab1b,0.385663318,0.6524023799426516,False
60a04e37-73de-4886-a37d-55f6b9b34659,0.385566519,0.6524023799246396,True
011ee29e-fa45-42ed-98ca-235bc3e61245,0.384509101,0.6524023797278771,False
5759df60-71ab-47dd-99b5-30716c49edd2,0.38430406100000003,0.6524023796897235,False
04525867-84bc-4357-9de7-b38f9819d8a2,0.38321924399999996,0.6524023794878627,True
1db30af1-09aa-4cb0-bf1d-7478a960a5ae,0.38299373,0.6524023794458995,True
0f31a443-6dde-44bb-bc97-0fc14d5fd30e,0.382614059,0.6524023793752509,True
11d3a667-2a83-4589-abdd-347e611af6b5,0.382471645,0.6524023793487508,False
935845ec-d250-47cb-9731-f720e86d70c0,0.382261185,0.6524023793095889,True
48cc5e25-7c9f-48da-bf30-1527af2c4757,0.38221526899999997,0.6524023793010448,True
6a6edee8-fdd8-452e-848a-0666403fd341,0.381836351,0.6524023792305365,True
b5694467-dfde-48c7-9959-3f2f85138a88,0.38171968,0.6524023792088265,True
16ee8cca-e2dd-435a-8719-4f4d8e04fd13,0.381527135,0.6524023791729981,True
f76a53f5-4794-402d-ae19-607ae0e750b6,0.381256307,0.652402379122603,True
3ea8777b-4d0e-4600-bac2-beedc4e03b4e,0.380836591,0.6524023790445028,True
ce2e9336-dc95-446b-bb2d-e06019db3999,0.380834935,0.6524023790441947,True
5be7efae-8b53-4480-9d0c-f482a2adf831,0.380427113,0.652402378968308,False
2b99e310-9ec2-4610-a7cb-2e6e3d4a04ce,0.37959280100000004,0.6524023788130605,True
4f5b6087-a656-4d45-99a4-23c472177fb5,0.379035037,0.6524023787092728,True
31b9da6e-4253-4d77-8a17-2948a388f7ba,0.37703446399999996,0.6524023783370096,True
9b7aaf43-77e5-427a-92a0-aa08e6a3cedd,0.376750539,0.6524023782841774,False
00db31d0-b2ea-400c-a8f6-03acd966b82b,0.375885365,0.6524023781231874,True
6f5bed37-a502-4167-b803-939a8d61c257,0.37577953299999994,0.6524023781034943,True
6f74d839-7f79-4683-9b0f-82e8b53e4c93,0.375551911,0.6524023780611388,True
4437ce2d-fccb-4924-b731-20d4bfdbca83,0.37531887,0.6524023780177748,True
1abdd456-c4cd-4d3d-ab2b-083d03cc6593,0.374123253,0.6524023777952965,True
1c3f6703-13e5-43ae-93f3-d249191ff043,0.37230002100000004,0.6524023774560326,True
12b30e4a-724c-4e7c-988d-21b3bfa25195,0.371121114,0.6524023772366636,True
7a2c1672-804e-4c34-b2f4-f2970abf216d,0.370525865,0.6524023771259005,True
92f89450-f8af-484d-ab5c-2a1f7d57fc4b,0.370074235,0.6524023770418621,True
82cee36e-76b6-4cb1-9222-7f3fcabb8f9d,0.36983020299999997,0.6524023769964529,False
acd34519-fae8-492d-b1b0-195a416144d9,0.36948305,0.6524023769318553,True
998a0c47-4ac0-41f2-96b0-88a67b418cf2,0.36921433,0.6524023768818523,False
2165ccc8-0e9f-4e45-bbfe-5861162a9cf9,0.36918181200000005,0.6524023768758016,True
417f82f1-f45e-4fc1-8a8a-56412fd1f3fd,0.368951631,0.6524023768329698,True
5c20aa52-91c2-419b-9867-177dd8bac69c,0.36871783700000005,0.6524023767894659,True
cb972ddb-f435-4968-94e7-947b38dc9079,0.367991465,0.6524023766543037,True
7c7e3eda-65b2-493b-8904-5d10283d75f9,0.36673262,0.6524023764200599,False
551d4f32-f843-495b-8502-53f373d41b61,0.36655648399999996,0.6524023763872847,False
285cced7-52d6-41c1-bfd6-0fa1cdbff697,0.366416629,0.6524023763612609,True
8b07d646-637c-4990-8a45-23a839c4f44c,0.366108165,0.6524023763038624,False
1059d5d6-345f-4fa7-855e-a6cfede71c12,0.365842004,0.6524023762543356,True
c230166b-f565-4406-8ea6-3c3b1bb36b24,0.36432859,0.652402375972722,True
aeeac8a7-0b26-4b9c-8a6d-c59d78eb488e,0.36080737700000004,0.6524023753175002,True
572999f5-e25c-4668-a4eb-bc11f9180b17,0.36071328700000005,0.6524023752999921,True
53ade9cb-fcca-40ce-bff5-2d4d5cd6b3ee,0.35934258799999996,0.6524023750449347,True
2e835bb9-b5d5-4f88-a0c4-fe1eac3abbde,0.35931759799999996,0.6524023750402846,True
f034a34b-b6b1-4468-882b-52ba2198b6b5,0.359282823,0.6524023750338137,False
d8d351a4-5f9f-4a26-91ad-70013c3e74f0,0.35901831799999995,0.6524023749845951,False
698c154e-583d-4fda-b25b-418e8c3c887a,0.358711209,0.6524023749274487,True
a488fb5a-318f-4c8e-920d-4dc2a4c4a41a,0.35848765200000005,0.6524023748858495,False
52f02719-8476-4261-ae21-8d8ec7bf26a7,0.35788066,0.6524023747729014,True
0082a619-5f40-4147-bdab-fc0d592be457,0.35582619299999996,0.6524023743906094,True
d0093cf3-da77-4038-9f56-112f6156932c,0.355644336,0.6524023743567697,True
5d7cb5c5-e79b-4af9-85a1-f530c619b2ab,0.355538956,0.6524023743371608,True
077f9c49-4d20-4df3-8fd9-3b6cbc5f5484,0.35491751200000005,0.6524023742215235,True
4e247486-8a03-4a40-9954-f4447ffac18f,0.354243529,0.6524023740961097,True
80aed5d8-7945-42f7-b6e8-302b37de222e,0.353608837,0.6524023739780073,False
56bcae44-bc69-494b-bb70-07fc93069d81,0.353187466,0.6524023738995992,True
9c359f4e-e567-447c-9635-cec65d0a200a,0.352293388,0.6524023737332304,False
9533492d-d680-4e01-b97b-a2313418e972,0.35224190200000005,0.6524023737236502,True
ca60a249-a432-4e9d-b41e-6d0fe1247db9,0.35190694200000006,0.6524023736613211,True
28117120-7d37-430b-8339-5cdff4ddee3c,0.350423486,0.652402373385282,True
167811e5-a3de-465f-ac1e-c2196d3b7655,0.350161541,0.6524023733365397,True
4b26615f-ee70-4c5e-a82e-e9c26f2f3908,0.349821162,0.6524023732732025,False
8194f61e-690c-486e-b6a3-38a367936d69,0.347456876,0.6524023728332596,True
65b79966-f474-4779-9e66-37e675f7beea,0.34733779600000003,0.6524023728111015,True
d0fbe80a-88a1-45b5-ac8d-8102976d6e24,0.34684913100000003,0.6524023727201715,True
e1be30ae-7b24-4aba-9335-dcc92a06a9a1,0.343349898,0.6524023720690394,True
23ebab92-7602-41c1-bbbf-ade9c53a5a44,0.34316126700000005,0.6524023720339391,False
2f79192c-fbd3-4b0f-b5f0-a175b18b8f13,0.342802822,0.6524023719672402,False
215c100f-1370-4532-9f2a-39fde9d5e4a7,0.342621267,0.6524023719334566,True
734315ec-f7cf-45b5-98e4-feff11e99eab,0.342442873,0.6524023719002615,True
5a672582-e807-4615-8bbb-a893035b874f,0.34221766,0.6524023718583541,True
9686c1e8-cb79-409c-852d-9f498a5242ac,0.342124624,0.6524023718410421,True
8ae74006-596e-4e34-8f8f-f819482647f9,0.342120559,0.6524023718402856,True
b12dfe86-ffd4-4bc6-b39b-f4cda55fbb4b,0.34185846299999995,0.6524023717915154,True
ded0a575-7508-4e3c-917d-e78eaa3f609e,0.34147984600000003,0.6524023717210629,True
acc8b023-8278-4bb4-953f-e9160e6286df,0.34094240600000003,0.6524023716210566,True
68d4c4a3-b34c-4067-8949-075a74a483f5,0.340549035,0.6524023715478589,False
406536f7-e2f7-47fe-8bd3-c84477e306eb,0.34028678799999995,0.6524023714990603,True
88562717-74ef-437a-a178-8e195eb1d9ff,0.33971984200000005,0.6524023713935638,True
51130a2e-dd1a-477d-a30b-99ca48fac53b,0.33863577799999994,0.6524023711918427,False
bfca5e2c-c7b0-4f2e-a0fd-8c19ec705768,0.33606615,0.65240237071369,True
929dc871-95a8-41bf-a5fb-193b50ffdee9,0.33572155600000003,0.6524023706495683,True
1571f727-96e8-4ee7-9c28-d6e788c32221,0.334693494,0.652402370458268,True
faf0439b-9668-4ee3-9d58-9027efecd27d,0.334384729,0.6524023704008135,False
9d5312e2-9596-46c5-9e4b-cca1a0f59490,0.332422997,0.6524023700357772,True
8a049c49-41d2-47c0-8cd2-a9702aeecf89,0.332179568,0.6524023699904803,True
e5d55c74-b822-4bd1-a224-11c83f731978,0.33150438,0.6524023698648422,True
697bdaf3-8bbd-4107-8f2e-500f2b68b836,0.32917998800000003,0.6524023694323225,True
38ea8ef4-cedc-4a35-8ca1-7a059d2c05d7,0.32802923300000003,0.6524023692181915,True
fe2e2b83-8f5c-466b-a7e3-4174b0b7740f,0.328015684,0.6524023692156704,False
d4c3dea8-9375-4403-ac45-4b805072b786,0.327386563,0.6524023690986044,False
2c97a768-0ebb-4b4d-a97e-b359e099081e,0.32689549,0.6524023690072263,True
a1f0f239-7902-45e5-ad51-e8e8c8cf961d,0.32660735,0.6524023689536095,True
ac7d9b4b-4ac3-4675-b6cd-188a989d293e,0.32644431100000004,0.6524023689232714,True
252ac784-a010-45a4-98d6-a1b3c79243f7,0.324985092,0.652402368651742,False
ff4d9e8a-7b9c-405a-b79b-9fd84a66ce73,0.324724803,0.6524023686033077,True
6513da33-39f8-44cf-8462-fe9baed33b78,0.324053981,0.652402368478482,True
8a13713f-c45f-4f7a-9d1e-66a58f7cce92,0.32151958,0.652402368006884,True
9fb6e082-fce0-46a3-8d90-74b00814bb71,0.321287292,0.6524023679636601,False
ff7ea4e3-4fca-4e00-beef-b99a3f9ddc18,0.321267721,0.6524023679600184,True
1217aee4-00a3-4b7b-bd62-b0a33d9560d0,0.319772222,0.6524023676817379,True
5037e019-589b-43eb-8e23-fa99ca014a43,0.318677469,0.6524023674780277,True
c255070f-997c-4b93-b8bc-30cfcf53c580,0.318214548,0.6524023673918877,True
40578da3-4b12-4e41-ab42-7ee7aa34834f,0.313577205,0.652402366528977,True
8d8feea1-34c0-4e22-819d-19624ab606d2,0.313264225,0.652402366470738,False
3d647615-70ed-4f26-9719-aeb5f5e89fe6,0.311683367,0.6524023661765739,True
044e149b-e6de-4bcb-907d-f588116c1f3d,0.308354699,0.6524023655571793,True
17b2a46f-c856-4beb-817b-b9d18223b4f8,0.304378544,0.6524023648173012,True
52acb05a-bfb9-4e78-8567-e1a35b9c2853,0.304112383,0.6524023647677742,True
0852096c-d8c2-4813-8e17-5e906b3bfc0c,0.302777664,0.6524023645194114,True
0782d379-46a7-4245-8bac-596590e41c0e,0.29995542399999997,0.6524023639942522,True
89a07d95-2bfd-428c-b4fd-93296e61d9ae,0.299708834,0.652402363948367,True
1fc4450d-40ef-489b-b667-71c8669d3941,0.29960797,0.6524023639295984,False
b17df54b-9bff-4557-9947-6d2dc5b576b8,0.298936696,0.6524023638046885,True
415c062b-9a00-4d95-a82f-6140038011b1,0.298226883,0.6524023636726073,False
c22f354d-7cf1-43a7-94fe-9307c10c1001,0.296942596,0.6524023634336287,True
03d92196-7cc2-48bf-a0aa-48325ac82e40,0.295476604,0.6524023631608383,True
207a90d9-b1d8-40a1-ac9c-ea745dea57fe,0.295208787,0.6524023631110034,True
0712c39c-f829-4f37-8ce5-ce1318e64210,0.292837575,0.6524023626697707,False
f6ad3e19-5730-4366-a519-6d6921766a83,0.292255424,0.6524023625614448,True
4ba55334-a1a3-406d-82b4-ed1a27110116,0.290205322,0.652402362179964,True
be46fb48-bd9d-42c2-b936-b4125b813171,0.289901676,0.6524023621234619,True
f3e4773a-0c6f-4d5a-9b9c-66f49ac29367,0.284637168,0.6524023611438476,True
d988c2f7-8357-4773-ae69-47ec3e18c92d,0.28449656100000004,0.6524023611176837,True
b59a2fb7-0896-4b0d-af88-b0fb75b4194d,0.283589686,0.6524023609489333,True
cc2ab429-e2f7-4ff5-9180-47a2cc04a3d5,0.283094097,0.6524023608567147,True
5ea80ba6-a93d-4f4b-81dc-ef14a5649c2a,0.280983627,0.6524023604640006,False
cb9f8ad3-fc2c-48ce-be8b-3471647e0eb6,0.279451847,0.6524023601789684,False
0bf7aaf9-a133-4402-ab43-b5a7662554b9,0.276063865,0.652402359548536,False
1d9784af-ac70-429c-81fe-6c68923123fb,0.273862918,0.6524023591389859,True
ca958c74-2cf8-4e4c-b054-ae13fc637ef4,0.273537895,0.652402359078506,True
94fa311b-3aac-4790-b816-b22fc15ef6a7,0.25385989800000003,0.6524023554168413,True
be288f89-d8e8-47fd-9836-5409ea73554c,0.252884979,0.6524023552354292,False
23ead4bd-849a-44cd-b096-f003ccde0d92,0.250770896,0.6524023548420422,True
2dcd14e2-04c9-4bb9-a7bf-683ed2ffbddb,0.219231725,0.652402348973254,True
e9506bef-0d57-4dff-ade7-bf812b5a1d54,0.201593443,0.6524023456911306,True
16ddc61e-1d0d-4f53-a5b1-8500bb0597a0,0.184613638,0.6524023425315342,True
