2ad924c4-ee8c-4868-bdf9-9ba538da27dd,0.7902802170000001,0.5435510832818133,False
53eda700-d059-4547-a173-b581b0f6bfb8,0.761418313,0.5435510797065086,False
77d011df-4333-4149-acef-616176502c31,0.744449197,0.5435510776044191,True
77d2ee4c-436b-4d41-915f-d5600c8b5b19,0.731606027,0.5435510760134317,True
4b2ad052-9592-4fce-91f0-fc10ab4697d8,0.72302068,0.543551074949891,False
e6468cf0-29fa-424c-9f26-fd2d81386db4,0.72145307,0.5435510747556971,False
a68c708e-8b7e-40d7-a152-915f23703b56,0.7126011109999999,0.5435510736591244,False
a897fc3c-20bd-4f68-b6ec-8eeb51d10b46,0.7114599909999999,0.5435510735177633,True
6f32682a-fff9-4d78-b521-1e5d4fe5fb79,0.710031333,0.5435510733407819,False
96928bf0-cd54-49e8-9663-ef65d6d1894b,0.700277015,0.5435510721324202,True
d3c9f668-9ca2-4662-a28e-c85762fa3c4c,0.6969018290000001,0.5435510717143022,False
b76bb4ac-0e45-4f00-b17e-4ea9d6381b84,0.694348159,0.5435510713979531,False
4d075faa-ff7b-45b9-82c4-5e2dd1470fbb,0.6936091409999999,0.5435510713064036,False
d309f38c-9954-451f-9596-eb2488723bfe,0.6930685390000001,0.5435510712394336,False
1a10a57c-3ca8-45f7-ac96-0832ac1ee110,0.691957378,0.5435510711017826,False
c7b39d95-4bb6-4977-970e-8125cd371d0a,0.689963428,0.5435510708547713,False
3fba2e56-a7bf-4e69-8dab-2683237863a5,0.686877437,0.5435510704724772,True
d3305139-1608-46c9-943f-b4079d2afbd6,0.6862383790000001,0.5435510703933104,False
3266f862-39db-4439-9ef9-822568157bf0,0.6814902359999999,0.543551069805107,False
928c749b-af88-4213-a740-25d827038d10,0.6725840809999999,0.5435510687018034,False
1b22f36f-b338-4a75-adaa-4e2429e1714d,0.671984466,0.5435510686275222,False
2ea5e068-ea78-4c0c-a138-11649ababdc5,0.670373801,0.543551068427991,False
2db4771f-ac1e-4158-8f1f-fb4951933709,0.670258184,0.5435510684136682,False
f21d2593-bdf2-4814-becb-427e85a815c7,0.669780358,0.5435510683544744,True
8e6399e3-0f9b-4c3f-a454-c29f59ea89ab,0.668269955,0.5435510681673635,False
e129ab6c-6d0f-4b15-8919-37a32b37264a,0.664675126,0.5435510677220305,False
4c8f1285-28b0-4c8c-8513-3c0fe9fba420,0.663366,0.5435510675598539,False
f76ef815-c2e3-4877-87d5-e9130a3551bc,0.663230962,0.5435510675431251,True
b2a9f8b9-44d6-4ee0-83ed-004237ac99c3,0.662869959,0.5435510674984034,True
bf2cc754-ab6c-4f24-8712-15b46fd00b54,0.662783246,0.5435510674876614,False
d484b46c-2e24-4111-8653-a201573d6790,0.66152139,0.5435510673313404,True
9ecf8463-36c5-4e1d-a28b-68585876719b,0.66134977,0.5435510673100798,False
2654b86c-fa4c-4e05-a33e-1c9bce643c96,0.661154365,0.5435510672858727,True
9dc391c3-6cef-4ca6-9b19-51d63bc1c151,0.66050206,0.5435510672050639,False
bf6ccebb-fa02-4f58-b4bb-13ed12fed769,0.66044109,0.5435510671975109,True
adf2dd12-432b-472a-8216-5b5af7dd2875,0.658365245,0.5435510669403514,False
017aff66-be6f-494b-a85b-e4f737f9e8c1,0.6570643979999999,0.5435510667791998,False
f85b011e-689e-4710-a272-5b3c19bf5753,0.656994847,0.5435510667705837,False
1609eb90-e718-4c4e-81f2-2da7dce7da0d,0.656019024,0.5435510666496968,False
267d4907-540e-43f9-a299-1f614b051a2c,0.655801338,0.5435510666227295,False
b809a0a9-b55d-488d-86e4-18e3931e92c0,0.654590065,0.5435510664726744,False
4aa7c290-5f44-4d47-8f8b-d1fd1320921d,0.654033957,0.5435510664037824,False
a1fb4d30-70f5-4627-a476-1a05aa9d5c66,0.653960793,0.5435510663947188,True
ed0d13e3-3d0b-4625-b948-aff7cd6d40b8,0.653749881,0.5435510663685905,False
c5fc48c6-3b59-406a-b2fc-078a2e51e2e4,0.652919935,0.5435510662657751,False
75a546f0-6891-43b6-80f6-0a9b83e33827,0.652528221,0.5435510662172487,False
aba97108-441c-454a-a895-b4f579699f67,0.651747502,0.5435510661205314,False
0f6065d1-f96d-479a-bd59-5f18c98e7176,0.651513105,0.5435510660914938,False
976a0485-38a5-4a2d-a0d4-386a88e21825,0.651267418,0.5435510660610576,False
083dacf1-bfbb-4333-a071-3fdff52d8d5c,0.6509157489999999,0.5435510660174919,False
65989fc8-2ac5-4a64-8384-3d5af3c1bed3,0.650863811,0.5435510660110577,True
16c60b8b-d6f5-41c6-b20d-4c83ff1929c0,0.6503102629999999,0.543551065942483,True
73c53e66-6dd6-4295-8746-a21bdfb4b252,0.649756714,0.5435510658739081,True
5521d07d-b5a9-49f3-aefd-b3679c14726b,0.649524576,0.5435510658451503,False
7f450843-2a7e-4756-8e31-786fd2fc3079,0.648754997,0.543551065749813,False
bc93f351-ca39-4fd3-aa76-bf5c99a132ab,0.648647509,0.543551065736497,True
74b19359-fa24-491e-a055-9c93952ad8a2,0.647876727,0.5435510656410107,False
75f61763-a315-4850-9a9d-96aeb3263c49,0.647751023,0.5435510656254382,False
afa479f6-dca9-4dfc-9c9a-ae3d38a499af,0.64558154,0.5435510653566773,False
845a3793-c264-4b80-8dae-799d7fe16b2b,0.644284306,0.5435510651959725,True
c1682284-cec6-4633-a17e-7605e94ddba8,0.642729342,0.5435510650033394,True
c58c5147-c412-4333-b971-e734fcc4acc0,0.6421214470000001,0.5435510649280318,True
d8f573d3-d0b6-4e07-9765-33653752674c,0.641770831,0.5435510648845965,False
b54de807-e808-4127-9fdb-087e4bbe8bdc,0.64145198,0.5435510648450965,False
8caa0b0a-9af7-4914-9ebe-325cccc058d2,0.641267564,0.5435510648222504,False
f4e18d8a-4cc5-4a5a-a9d4-4a79bad2b6a7,0.6411284620000001,0.543551064805018,False
e45158f0-6ea7-4837-b82a-43adfb92a185,0.639214452,0.5435510645679053,False
a22a9f79-a75f-4849-8bc2-1266f10957b7,0.639173203,0.5435510645627951,False
8e8f288e-bffc-44af-a8b4-1ee7d64f1665,0.638944678,0.5435510645344848,False
ef0f68f2-c6dd-4a90-a8da-363660f0ec93,0.638712841,0.543551064505764,False
1dc2444b-f342-4f55-9c76-3833bccce508,0.6379944470000001,0.5435510644167674,True
81feda66-5a25-40e2-938f-7e8846d9fa55,0.637115574,0.54355106430789,False
830ad906-97c9-4329-83a3-a7a6fb01126a,0.636732441,0.5435510642604264,False
ebb05fb7-5563-43f3-9c35-dc7b07b4b4f6,0.6365627779999999,0.543551064239408,False
e63843f9-a306-4f75-ab29-0fd4e5155639,0.6355579,0.5435510641149208,False
e781679a-2cd9-4d02-8f72-fe4937736f27,0.6348906910000001,0.5435510640322649,False
19c80930-b878-4fc4-867e-2d6d79e81138,0.634188255,0.5435510639452449,False
fcf87477-27c1-4d5f-aa98-28395f229f0f,0.633835833,0.5435510639015857,True
23919992-0170-4265-a15c-a9fcbd561f77,0.6323302470000001,0.543551063715069,True
93ba7cfe-495a-490d-bd78-5a886718175d,0.632172327,0.5435510636955054,False
1c2cf086-1da6-4aa0-863e-2a98353d5a8f,0.631666199,0.5435510636328046,False
ed9b1443-8af8-4f27-94ca-8db60ca92920,0.631659274,0.5435510636319467,False
0ff63f90-7f0a-4173-91a5-0c3be8d387dc,0.630227906,0.5435510634546242,False
d7841407-19b2-47bd-a3c3-f2900306e891,0.629634464,0.5435510633811066,False
ba15a2ce-4b57-4c41-abde-ab281bb69840,0.629319226,0.5435510633420538,False
dd72ce3d-3c88-4392-bda6-e4e885de43d9,0.629316215,0.5435510633416809,False
afaf4164-f516-4a19-a5b0-3a9fea8ae1ef,0.6286739960000001,0.5435510632621205,False
c2d97483-acc2-4a26-803e-73023eabc169,0.626400036,0.5435510629804147,False
b5e886b5-7da5-40e0-aee8-32ce9cb4443c,0.6255737029999999,0.5435510628780457,True
8cb1166a-4a1e-4dac-ba41-419c74602663,0.625389136,0.543551062855181,False
cfe2bfd0-d90b-45c4-b3ad-ca7c68c5cef5,0.624902881,0.5435510627949418,True
ce250e42-873c-4716-99d4-434cde99ee1e,0.624868105,0.5435510627906337,False
a7facbbb-e5a7-423e-99b5-8b90747c4e9d,0.624867352,0.5435510627905404,False
661317fd-ed4d-480a-a5c9-a660ec6a0461,0.624715303,0.543551062771704,False
62cccd9e-275d-4bbc-abe8-9df79391dc0c,0.624326299,0.5435510627235127,False
634b03b2-0458-4056-be32-bccad449a5d6,0.623754535,0.5435510626526806,False
d956da36-71ff-430c-882a-3785a8d0c9af,0.622272735,0.5435510624691099,False
a1d5b91f-3991-4d71-b3dc-3223aa807b18,0.6221834620000001,0.5435510624580504,False
3f71766a-673b-48c7-ae38-7024f67c4b6a,0.622175935,0.5435510624571179,False
cbc1d5ea-befc-43b8-8de5-0ce7afd61619,0.621571954,0.5435510623822946,False
cdbca251-46ce-4c8e-815b-70cbbae0a3ed,0.62137956,0.54355106235846,False
f8ecc85d-6983-409f-a89d-d461bab3e636,0.6201393820000001,0.5435510622048221,True
c0218659-1aa9-4387-8e2e-f5e285c72d8b,0.619199991,0.5435510620884468,True
f209650b-619c-4972-908b-872f81ed4726,0.619106955,0.5435510620769212,False
6353f15e-9db4-4102-9d51-c97fb30bf36a,0.619056974,0.5435510620707293,True
aefe9bee-aaa0-4902-a377-2333a325b714,0.6187765120000001,0.5435510620359847,True
4792ee04-66f8-4577-8f96-ad4991aab2ba,0.6185827620000001,0.5435510620119821,False
610c6ba4-fdfa-42a9-bc82-8456cafffbc5,0.617943404,0.5435510619327759,True
1325d9d0-e381-4ff8-afa5-c1b770268148,0.61791465,0.5435510619292139,False
a9ca42a0-17a7-4fc5-bb23-3756023a5f19,0.617870089,0.5435510619236934,False
3bc3da88-13d1-4f1a-95a0-0e95e2dadc4c,0.617663694,0.5435510618981243,False
0075d67b-532a-4389-a449-bee021c003e2,0.617404307,0.5435510618659906,False
661f50cf-a795-484b-bcf6-3a2d65af88d7,0.617366973,0.5435510618613654,False
5363e32e-5a00-4c15-a8f5-f15dfda33ea2,0.61702554,0.5435510618190673,False
0dadc688-fd14-41ca-8802-07dd899599ed,0.616820801,0.5435510617937035,False
533ab008-52e3-4374-9963-a977ff5d674e,0.615819235,0.5435510616696255,True
424c0006-1b0e-4bfd-b874-86fa03c0e5e8,0.615689918,0.5435510616536051,True
07b7bbc9-0204-4acc-88e2-8b4d561c1ec0,0.615631206,0.5435510616463317,False
0851112a-2975-4069-a325-558146284004,0.6155694829999999,0.5435510616386853,False
e3f3ecb2-a9a8-4cc5-a378-ec366a3f241a,0.615135917,0.5435510615849733,False
1eb18409-9edb-4082-9ee6-6fabb66d3586,0.614407287,0.5435510614947079,False
4fb61e97-30d0-44ae-a118-e5adc04aa37d,0.614383501,0.543551061491761,True
b2818742-8e2b-4b47-b08a-763d37f988b9,0.613570265,0.5435510613910141,False
2e55326b-c44d-40be-af96-69209972d8de,0.613179755,0.543551061342636,False
796729d9-f48d-4e01-9289-ea83cf1653fb,0.6127218010000001,0.5435510612859028,False
6c86e8db-0c38-459a-8647-1e40d34d8bc0,0.612692747,0.5435510612823035,False
fc956653-fe74-4f66-a3fa-63543d1a6de7,0.612430199,0.5435510612497779,False
0bbc58ae-d708-47f2-9feb-169fd506c497,0.612305398,0.5435510612343172,True
cee85a96-40b2-4d25-a820-bf0e09237915,0.612062421,0.5435510612042163,False
27fca118-97a1-40f6-831c-1eca8790d40e,0.611341468,0.5435510611149015,False
038868c3-af87-4f3b-b801-2f916cd63639,0.610528382,0.5435510610141728,False
119c9518-a7b9-45cd-842e-02a8a102ad17,0.61050279,0.5435510610110024,False
fb8c43e8-30ee-4a61-8df2-e82825c76784,0.609222267,0.5435510608523657,False
d558151d-0668-4d91-b558-8efcf9d9ab13,0.608427246,0.5435510607538752,False
b312a47b-5eba-4cda-9400-a6f0fab9811e,0.607180144,0.5435510605993786,False
ab337690-c27b-4ca2-8ae8-b989124d2400,0.607144615,0.5435510605949772,False
ee76baaa-c023-4108-b48c-6574fa59a996,0.606811764,0.5435510605537421,True
3de94aac-4475-4c79-8623-5ba4680998f4,0.606624939,0.5435510605305974,False
54ec84b4-6f5a-45c1-94e9-9ba5c88e6a4b,0.605516487,0.5435510603932774,False
a0383848-52cc-4e85-af17-7b41692f1dc6,0.605119504,0.5435510603440974,False
7280fc78-a606-4ba6-abe3-4b8f228d37b3,0.605055974,0.543551060336227,False
df69a2c0-ff94-40de-abcf-00639aa624d6,0.6050482970000001,0.543551060335276,False
ec10314b-a14a-434f-9246-559e02bb9a69,0.604918076,0.5435510603191436,False
5b53222d-3cbf-4875-b672-d262bc5b171a,0.60394963,0.5435510601991681,False
8eeaa682-4bd6-4fa8-91fe-4df1c8503f8f,0.60250652,0.5435510600203891,True
9ac34ad6-95cf-4ed9-b252-7a209707f343,0.602251499,0.5435510599887958,True
8147ed30-bfa0-4268-9dab-82b8e330e4d4,0.601901184,0.5435510599453971,False
747db1da-66dc-43b6-9bd1-6248271dc928,0.600949297,0.5435510598274729,False
29cd84b6-a1b9-48c8-b6c3-120eadac51bd,0.600715353,0.5435510597984908,False
697529b5-770f-4704-9315-2d8f0479fac1,0.600660404,0.5435510597916835,False
c0285ee7-4d2e-4346-89a6-90fe55820c2b,0.600656641,0.5435510597912173,True
4099b20c-46ae-41d8-85da-d762c200bb05,0.5994821,0.5435510596457096,False
000fe0b3-0663-4d9b-822d-319335d66f4c,0.59900849,0.5435510595870365,False
e5904614-c9f6-4c4e-b189-b7e105ac9280,0.598015505,0.5435510594640207,True
8a6743a0-2d81-4cad-905f-985e659f3618,0.597849004,0.5435510594433939,True
3522e32a-4180-4db3-96d6-05ff3dd689bd,0.595558635,0.5435510591596516,False
9df98076-f49a-411f-86fc-ab9230c2ca44,0.595282237,0.5435510591254101,True
8dfb73de-4cff-4ba3-9a59-47e7ae1653ab,0.594970009,0.5435510590867297,False
8123dc17-47c2-49d1-8a7a-037eebce535e,0.5945489389999999,0.5435510590345655,False
e9e15a4d-38fb-4722-a715-04f171a12c2c,0.594328694,0.5435510590072803,False
c6074e4e-ebec-4caa-a993-a4e8914b8da5,0.593932765,0.5435510589582307,False
b5b9fb89-fd41-4850-b03d-93154fa90ef5,0.593623398,0.5435510589199049,True
521b97cb-18c0-4772-a901-8ecabbd46f9a,0.593034321,0.543551058846927,False
7bcc174f-a7f3-4c39-a83b-86b03e619613,0.592995029,0.5435510588420593,False
2b2d8525-e4a0-499a-8517-42c27ccb0803,0.592927736,0.5435510588337227,False
1d89b273-bb85-489c-aefb-28d943006142,0.592701017,0.5435510588056356,False
59677601-6476-42c7-b4cc-34cf51c0ae97,0.592648628,0.5435510587991453,True
7d0aafe7-270a-44f8-a545-b61d8edee647,0.591672353,0.5435510586781993,True
4ade690e-6fbb-4a8a-9bb9-88c394bb8620,0.5912539929999999,0.5435510586263708,False
3053f7cc-4439-4fd0-a111-f5bdc942e6f9,0.590810793,0.5435510585714648,True
4f7198cd-d243-4f08-80a7-2729e48662c9,0.590602139,0.5435510585456157,False
ce7735c4-d044-47e3-b809-9f60a03f475a,0.5902610079999999,0.5435510585033546,True
b14af26c-4ae8-43c4-a3b1-8f23cb016782,0.5899529960000001,0.5435510584651965,False
b43bd010-12d2-4964-9dd7-02195a464149,0.589479687,0.5435510584065605,False
b26f344a-7510-479d-8421-ca5d082e8152,0.588689634,0.5435510583086847,False
c9787e9f-5433-4407-b62b-0cc7a7e6b142,0.587833343,0.5435510582026026,False
c277dd78-dfcb-4086-b95c-eb266c868694,0.587474297,0.5435510581581221,False
adc1f4d0-ff21-447c-9cf5-b5e0646b8c52,0.587415284,0.5435510581508113,False
1cbc1108-b39c-46d3-8be4-3de365b80da2,0.587164327,0.5435510581197214,False
f6f29be9-ce95-4f24-a139-534c440e2556,0.587015741,0.5435510581013138,False
bffb6944-06c5-4953-9f35-5f42b59da159,0.586558089,0.5435510580446172,True
0f0adf7e-d982-4895-8c05-cf25cd74d030,0.5865559810000001,0.5435510580443563,False
6efe1aaa-7b3d-4e52-b611-af7a44df08e8,0.5865508629999999,0.5435510580437222,False
b97b30ad-f6c7-44db-b8d7-50dadeb63eab,0.586495764,0.5435510580368962,False
4cf2c4e6-1da9-4b31-aa02-0d443b6a1e00,0.585360364,0.5435510578962366,False
112875d9-881d-45ad-b4de-7d4ab137ff95,0.585328901,0.5435510578923388,True
80f81ab2-a604-4b15-be2d-de36c3c6e557,0.585217499,0.5435510578785376,False
54e6d4ae-aa14-4aad-ae34-b6b1a3d9c193,0.5850759879999999,0.5435510578610067,False
af25f301-b695-442f-a0ba-9c9662fe24a0,0.584899701,0.5435510578391674,False
46b80736-5ae1-46f3-bd37-8c2ad19ec9e3,0.584831204,0.5435510578306815,False
ec7dd69b-2fec-40f6-9084-f699d9013316,0.5841367470000001,0.5435510577446483,False
6f9da065-32c2-4d76-aacb-f527163f3b2d,0.584006978,0.5435510577285718,False
5aec8cf5-0692-45a1-8982-6f9967b64cc7,0.5840011070000001,0.5435510577278445,True
9ac7629a-b7ba-4417-8065-99f51ee15383,0.583785227,0.5435510577011,False
7a5ed1b1-cc64-49f8-9b7d-9ea4afea612c,0.582305083,0.5435510575177316,False
2323bbc0-b1d0-42d1-872e-b34a3573bdcf,0.581069422,0.5435510573646509,True
efba5c10-3cb9-44a8-9c86-0bf4e521b3f5,0.579885698,0.5435510572180045,False
e12a5a64-ee1c-448a-acea-a1d26f802975,0.57972823,0.5435510571984965,False
4ead2518-b307-402e-b313-0f6bb4e7736a,0.5793649679999999,0.5435510571534934,True
2601b232-f453-4635-b884-a4c2c2eb83ab,0.578932005,0.5435510570998555,False
8e86cb13-ef4c-425f-be2c-7dd67436b5e0,0.578791698,0.5435510570824735,True
aab9a1e3-65f2-44f8-a09d-904e7504317a,0.5785148489999999,0.5435510570481757,False
58e283b2-ad10-41b1-9db7-c3e7c9be81c0,0.578320497,0.5435510570240982,False
f16676f5-e7c0-42fb-be50-572fe5b94316,0.578292195,0.5435510570205921,True
e09ef82b-1a5f-4514-8505-9387a54dc22a,0.578260731,0.5435510570166942,False
4ced108d-5a0d-48a3-9d92-f2619a1e10a5,0.578237698,0.5435510570138407,True
1b9a1911-2784-4fd2-a8c3-afeb308b04aa,0.578129307,0.5435510570004126,True
59156c60-06f5-4ffa-be18-8ab0f663e080,0.577957988,0.5435510569791886,True
8690fb50-2241-4e11-ad7c-8d0581311dbe,0.5777577660000001,0.543551056954384,True
e3ca9f51-6c1e-4124-99a4-3d39746e9eb9,0.577486486,0.5435510569207762,False
bace03a4-fa92-4987-ace1-039d1dbac97e,0.577204066,0.5435510568857883,False
2c495f88-a0e5-4608-93d4-85d3ed7bdd72,0.5771244289999999,0.5435510568759224,False
6eadedca-2d51-42ed-9965-0427176cda31,0.576958078,0.5435510568553138,False
22ae2292-42fc-4c7a-98bb-d61418d94a38,0.5767765229999999,0.5435510568328218,False
93dfe576-f978-45bd-9f48-f29966db6baf,0.576260158,0.5435510567688515,False
55864f4d-3065-47ca-9926-d902bd9a13b6,0.575912102,0.5435510567257322,True
91e3343b-89b2-41f4-94d3-80ed83eaebde,0.57551286,0.5435510566762718,False
c2740f36-b7c7-41bd-a22b-27b23ea4c5c3,0.575376468,0.5435510566593749,False
f7c1555c-263a-4637-bde0-44c55cdedbee,0.575234355,0.543551056641769,False
eefd9ba3-219b-43ab-8874-84c5635e0d39,0.575051294,0.5435510566190902,False
6b0f63a8-ecbf-405b-9510-b5f529c74f86,0.574951333,0.5435510566067064,True
8daf7dc5-20c9-46a2-b847-78f283f84b25,0.574832253,0.5435510565919541,True
efada4cf-7dfb-49bf-a6db-a8c923d82405,0.574650698,0.5435510565694621,True
6cf5a96e-50fc-44c8-a2e2-64af95f90b19,0.5743560839999999,0.5435510565329634,False
cb49b39a-80fc-4a3a-928e-27487fdd0e73,0.574196658,0.5435510565132129,False
9d890700-1920-49cd-8c7c-05054078e7c5,0.5736244420000001,0.5435510564423233,False
69c6b508-18da-4399-b470-321c5417d7be,0.57337183,0.5435510564110282,True
e89137b1-c656-44c1-a998-a01fe97b91c5,0.572851251,0.5435510563465358,True
64c51557-7218-4e94-a669-ee2c2392b93a,0.5724402670000001,0.5435510562956205,True
dac88aa1-d84d-41d8-a0d6-2e7bd66a9517,0.572390588,0.543551056289466,True
3fceaf41-813d-4607-ae5a-78a4704038eb,0.572022358,0.5435510562438474,True
ca999875-abb4-42a0-bf8b-4464dfda6f27,0.571963496,0.5435510562365552,True
1ba7f2f8-1754-4bfb-b88e-eeb84d886e06,0.570600173,0.5435510560676584,True
abf05e77-b05e-4824-a30d-244c4b04a78e,0.5700667979999999,0.5435510560015806,False
23a32606-0cae-4965-9ccd-64193e8a8a99,0.569672374,0.5435510559527169,False
fe7d0706-c0dd-4235-bf2c-fce03d9121dc,0.569325521,0.5435510559097466,False
72a7ef6f-aca2-49b5-836f-a99d4aceb534,0.569094286,0.5435510558810998,False
f3d3a975-387a-4c44-ae2a-ec427fe08186,0.568889848,0.5435510558557727,False
0e923bec-28c4-431d-8f36-59feefdcd21e,0.5688744929999999,0.5435510558538703,True
7ef62e27-b9b5-45d4-90a2-fbdfc85ec3b9,0.5678620879999999,0.5435510557284474,False
ccc0871a-2457-4f17-a28d-e3c63c897c4c,0.56775761,0.5435510557155039,False
27b5216a-f02b-4f51-b5a2-11225c791bb1,0.567667585,0.543551055704351,True
eb44f16a-2b4a-4051-80c8-9cca9cfe8554,0.567104854,0.5435510556346363,False
599e860a-053c-4943-b3b1-2b1c8740b791,0.566846521,0.5435510556026324,True
3ea7022b-f136-453f-b23e-03f87565a49d,0.56682951,0.543551055600525,True
cb5bd548-8c12-4106-bed7-3a16ae73940a,0.566726086,0.5435510555877122,False
e1598a66-4454-4b98-aa12-f8884568fa82,0.5665309820000001,0.5435510555635414,False
25fc7918-072b-45d9-9f2e-9e299c531fa0,0.566225378,0.5435510555256813,True
fca5819e-ca7a-4962-b064-994a0e308138,0.565601074,0.5435510554483385,True
f8d20bf9-6a9b-4e08-bac4-de621e4c0edb,0.565438487,0.5435510554281963,True
a42d8648-d8f7-40a1-a045-d44b2e25cf27,0.565027654,0.5435510553772995,False
beaf6b62-67c7-404a-ad21-1cecac6e57b8,0.564207945,0.5435510552757489,True
0a0777a9-16e5-431b-8f44-344268e5cc79,0.563862297,0.5435510552329277,True
08c6d797-80f1-4db2-b28d-6ffd7b18d6d7,0.563552779,0.5435510551945826,True
691865c1-69aa-415a-9179-6935112bed3c,0.562921701,0.5435510551164005,True
7d8a4d57-9478-40a1-995d-7d2a1dede468,0.5627494789999999,0.5435510550950644,True
727e474a-5d1f-4671-8289-6c11e27b00ae,0.562697993,0.5435510550886861,True
420b3818-b295-4966-a637-3b9777ce6d4b,0.56240353,0.543551055052206,False
815c4dbd-70f8-4895-a2a1-a1f048860ddf,0.562279482,0.5435510550368381,False
217ea547-5eda-40d8-84df-10f4c74f9a93,0.562204963,0.5435510550276061,True
0281f990-db34-43dd-91aa-ea9b9cac8a0e,0.5620328920000001,0.543551055006289,True
81cc2d07-0dfe-4b21-928b-a0abfd659209,0.561168019,0.5435510548991427,False
25c89854-d959-43dc-b0b9-4d0b265b4c74,0.5609849579999999,0.5435510548764639,True
b3938f59-f348-4cc0-958a-7bdb9e8b9680,0.56096343,0.543551054873797,True
5b78df32-28c3-4e0b-9958-1990793932ce,0.5606924520000001,0.5435510548402264,True
c4405842-3d07-473a-bcd1-d04e9f9765a3,0.560609653,0.5435510548299687,True
12add09f-9222-416b-a529-0507115ccdd2,0.5596994670000001,0.5435510547172087,False
609e0d6d-6a2b-42e6-99f9-5f86b8fee251,0.558679986,0.5435510545909087,True
20468c2d-6b40-440a-8789-cadb76a8bfc5,0.558461698,0.5435510545638657,True
e6cead24-8723-4a83-b20c-c14ce88f9b3b,0.5580197020000001,0.5435510545091082,True
4f2a647a-9621-4243-a95c-e66c253a42f6,0.557923053,0.5435510544971347,True
db1366b9-2604-4d4a-98a6-4598eb61ff1f,0.557914924,0.5435510544961275,True
ea58afbc-eb7a-4f73-bef4-775c681df897,0.557763778,0.5435510544774025,True
9e0aa04a-90a9-419d-b556-4133312dced1,0.557418732,0.5435510544346559,False
492e1ce7-7931-410c-96d2-53abfc3fd83e,0.556900562,0.5435510543704615,False
7e938dd7-586f-40ae-b5bf-18fddd70c927,0.556520289,0.5435510543233507,False
a849930e-45ed-487c-8575-33f8decc9465,0.5561430270000001,0.5435510542766129,True
a7ab3f64-37a5-4649-905a-87fd9dcea553,0.555752216,0.5435510542281965,True
2a7e05cf-4b19-42e6-b371-9b611a38f7d3,0.555475366,0.5435510541938984,True
b6a679d1-36a5-445a-ac84-b04a1444a925,0.555237658,0.5435510541644494,True
4951b9f7-74ed-4463-bb77-66438ecf88a6,0.554784672,0.5435510541083305,False
06888f45-ab92-4f26-aaf2-a265e4d2d876,0.554683507,0.5435510540957975,True
08e4ccac-ffad-4741-b2b3-7ffacfb30475,0.554312116,0.543551054049787,True
85eff46e-c1e8-484e-9305-bb5732e60808,0.554073655,0.5435510540202448,True
92bc9c1d-eca7-4d7a-aec7-f3a314c1bc1f,0.553906853,0.5435510539995801,False
76e2f673-611c-4244-8b81-573548f00fde,0.553740653,0.5435510539789901,True
1ebcaa8d-18f7-4b7e-9a75-bcfe895222fe,0.552947289,0.5435510538807026,False
a9d54900-89b0-4736-bf75-04663f72453b,0.5527305060000001,0.5435510538538462,False
4ce779d4-041c-4af1-81c7-7fc5e481013a,0.552681128,0.5435510538477287,False
87302791-07e2-47ac-bb69-8b13f622ebf4,0.5525659620000001,0.5435510538334611,False
712b83d0-03a3-4f04-9763-0b4ec1f20f4a,0.5525329929999999,0.5435510538293767,False
f0802e22-0b4e-460d-9ade-495c149738b1,0.552473679,0.5435510538220285,False
a9a284d2-3354-4ef6-b590-e805b34ecb28,0.55242701,0.5435510538162468,False
a68b6f0c-f4c0-4435-b903-2f2baa36b3a6,0.552072781,0.5435510537723625,False
084c9958-f203-4cc8-8009-dc950210c271,0.5519704120000001,0.5435510537596803,False
5fb0a13a-ed92-4e57-bed5-bc15faa0d501,0.55177064,0.543551053734931,True
4a592775-fcd3-4c0a-a811-bf9fc611588f,0.5516624,0.5435510537215216,True
5038bd1a-54b2-4932-8a1f-9d8621b0e9b3,0.55147693,0.5435510536985442,True
0e1159e4-48ea-4535-b680-bc359a3f8fa0,0.5513935289999999,0.5435510536882119,False
4f8ae720-8a84-46b2-ac53-3e7f3230540a,0.5503007329999999,0.5435510535528285,True
3984ebc8-c63f-4009-aa17-8c59f882fc16,0.550262495,0.5435510535480913,True
34350d55-80e8-4807-bfc8-d696dab5bd3c,0.550240365,0.5435510535453496,False
37690c8a-36b9-493d-a353-995dcce1d873,0.550060466,0.5435510535230624,False
295a5d7f-cefc-41ee-b7ee-488862fad7f6,0.549805746,0.5435510534915059,True
17aa4f2f-d56f-46a9-8e5b-747a5220d78b,0.549678386,0.5435510534757275,True
0cb8252d-93bf-46b8-abd3-a8229ddd9ee9,0.548822396,0.5435510533696815,True
f306242a-c9e5-42c1-9ec3-40413d8148db,0.548791083,0.5435510533658022,False
dcbaaf15-802b-4f79-b206-bf0aecbaac00,0.548772415,0.5435510533634895,True
6c983a2d-d165-49c8-bc7d-6602698c08eb,0.5483808520000001,0.5435510533149798,True
7e8e07ed-80ac-4cc5-8867-b5a6c37e1c67,0.547689104,0.543551053229281,True
549093ae-d6e7-4253-917d-24405da28bdf,0.54762151,0.543551053220907,False
3ed0e76c-b9b3-4d97-a456-b14d47bd48d6,0.546943311,0.5435510531368868,True
3efb2f54-d94b-4ef4-add6-173c9996cc39,0.54658833,0.5435510530929092,True
f169e05b-ad31-4be2-b0ac-9882a7b1a70a,0.546553705,0.5435510530886195,True
7c82b4cc-27c3-45d7-b4f9-88ee3c566f15,0.546513961,0.5435510530836958,False
0db7dc7f-809c-47eb-9a4d-bf82e8ef6f36,0.5463912679999999,0.5435510530684957,False
bff7f4ee-5d5f-4681-88c2-05e523c5740b,0.545424327,0.5435510529487039,True
4b0667c0-ade2-4fc9-b330-91844491c56a,0.545294258,0.5435510529325899,False
9cfe6a89-83bc-4074-8de7-9759dcec53fc,0.5449115760000001,0.5435510528851805,False
043e8eab-9de2-4e0b-ad4d-1165282c9c50,0.544890801,0.5435510528826067,False
f1164810-6d5c-4df9-a855-9b1ec9319961,0.5442835079999999,0.5435510528073708,True
c80f6a8a-b3be-4670-85cd-823f5aebb6c1,0.543693077,0.5435510527342238,True
cf3d0b45-22bd-44ac-9641-64ed84c1ccc3,0.543542082,0.5435510527155173,True
3b5cb9f8-2706-4bc2-9b8c-f68d4d6dc8ee,0.543519801,0.543551052712757,False
2eb9b9b2-92c2-4a3f-b015-dae940eccee7,0.541916964,0.5435510525141856,False
b31000a5-a622-4cc9-a405-8b0737025c75,0.540813932,0.5435510523775335,True
36b51c41-4c15-4159-ab32-77867b871184,0.540394216,0.543551052325536,True
964e399a-07ff-4b52-a2ac-5e7b41032016,0.5401680999999999,0.543551052297523,True
da22a31c-7eee-4471-b854-8df2323188d3,0.539987297,0.5435510522751237,True
b864d9ce-a6bb-4dec-8427-5291c103f059,0.5395871520000001,0.5435510522255507,True
f580b38b-7e77-4675-aa8c-6bce80a0852b,0.539043991,0.5435510521582597,True
926cc769-7463-4e9f-bfcf-4c1a7279a94b,0.538553972,0.5435510520975524,False
7e3a610b-c103-4233-8fa6-2b1b6d370dca,0.538455065,0.5435510520852991,True
3b7666d8-35e5-4b51-84f3-69710aaaaec2,0.5384210420000001,0.543551052081084,True
41bade68-0e64-4b34-86aa-7f274f491b70,0.538183936,0.5435510520517095,True
8cfcee89-3db1-48d6-a425-921d8ab0deb2,0.537790867,0.5435510520030131,False
30f45088-73a6-4ff4-b978-362cc99e0687,0.537757747,0.5435510519989099,False
eeb8d18c-185d-4bb7-9596-c2d65dce041c,0.5375611379999999,0.5435510519745524,True
43785247-41f0-48a0-9091-9a00ecb4d015,0.537533739,0.5435510519711579,False
81760c2b-5474-44ba-8959-e07757bbc059,0.5375048339999999,0.5435510519675771,True
4f93e2fb-f6fe-4f91-9501-46b455aec198,0.537136003,0.5435510519218834,True
0ddd9edb-33ba-4960-b8f5-b69a82eac73a,0.5370504939999999,0.5435510519112898,True
8d4cd0bd-b882-4f56-af27-2f44a1951292,0.5366057879999999,0.5435510518561963,False
ef089809-eff5-4038-9718-70289255f6bb,0.536072864,0.5435510517901734,False
55e05448-2022-4f27-9a9d-1a9ada835cce,0.535975613,0.5435510517781252,True
7d45dac2-6908-458d-9431-f68f5e5c1898,0.535500498,0.5435510517192643,False
1cf4029b-2f28-4e86-90b3-118cb01fc0e0,0.535318641,0.5435510516967343,False
cd0739f9-8624-4382-ae91-b5f95709bf6e,0.535099149,0.5435510516695419,True
4ffab91d-98dd-470c-8d76-d3ddcdbd4d30,0.534563966,0.5435510516032392,True
34fc3ce2-58c2-4271-858e-78d6998b5e45,0.534227803,0.5435510515615928,True
d511b271-73df-4be3-856f-8d692644e012,0.5332248820000001,0.543551051437343,True
576153f9-8789-4f8c-9314-e576471c30b1,0.5332111820000001,0.5435510514356456,False
5c10110f-2178-48fe-b4b2-c0a9a66f0926,0.5331736970000001,0.5435510514310018,True
d14a7446-20f4-4561-a413-b0ac5881dc2d,0.5321807120000001,0.5435510513079828,False
948d46d0-5f22-49a6-afed-d4f0919a4dca,0.532143678,0.5435510513033947,False
55f06b18-3402-417a-8f06-b43ff3daa0e0,0.531865474,0.5435510512689286,False
b9494482-066f-406d-98b7-f47c555a9bfe,0.531758437,0.5435510512556678,False
2ed9e68e-0b06-4eda-b182-018439f7a95b,0.5316613370000001,0.5435510512436383,True
6b47ab76-111a-49f5-b7fe-4033a27beaef,0.5313638629999999,0.5435510512067849,False
aa9c540e-bf50-40b5-b23e-04cfbc4530b2,0.530747537,0.5435510511304295,True
5ae86e93-227b-425c-aaa4-de10be4263ef,0.530719536,0.5435510511269606,True
cdf84e4b-09c4-4938-aea9-b184bcc00795,0.530304789,0.5435510510755783,True
53ecfcfb-e451-479e-9874-9c8bef05472c,0.53008635,0.5435510510485162,True
8538dbf9-b2bd-4d63-a1e4-6c95412ba92c,0.529960044,0.5435510510328685,False
62a560f8-6fb4-4fbc-90d7-050a55988108,0.529824555,0.543551051016083,True
c5128074-5fa4-4c68-ac11-3d111fd3a648,0.529224338,0.5435510509417232,False
a249f405-84f3-4947-b6e0-4779b035b2bf,0.529113689,0.543551050928015,False
7c921a9e-7752-4939-89b8-f1f3bd4c2811,0.529093365,0.5435510509254972,False
27a3382a-c304-4244-87a8-c663f9d2eac1,0.52878731,0.5435510508875806,True
7d66d239-3a02-4972-860e-e2168c902820,0.528759911,0.5435510508841862,False
da2f3e05-f9da-43e8-a45f-3a7f0a8aedea,0.5286604020000001,0.5435510508718582,True
754cd4b2-eb0a-41df-abe0-6bb5640436f6,0.528453856,0.5435510508462695,True
5750bdd2-748d-43ec-b61c-1502ec3e031b,0.528349981,0.5435510508334007,False
071c897b-1e55-4c5a-a9c5-e2d70d93b151,0.527883898,0.5435510507756586,False
32df2f78-a820-482a-b125-05dc3320dd40,0.527807874,0.54355105076624,False
f2d45965-831d-4af5-a738-9156aba6493c,0.527645739,0.5435510507461535,False
ceeecd5e-7bf7-4315-b78f-15c65db4082a,0.527171828,0.5435510506874414,True
6dbe095a-7076-49d4-aefb-01d4a4f22876,0.527033779,0.5435510506703387,False
b1d0dd53-6526-4de8-8ae8-5e6f323a7455,0.5268456,0.5435510506470256,True
01a37e39-2098-4737-b035-5d0229955628,0.5268412339999999,0.5435510506464847,True
4bb39b1f-3500-4c39-b2b3-df771f68c93a,0.526462466,0.5435510505995598,True
47d3ba34-d980-4bfe-969f-ffd90ded2717,0.526358591,0.543551050586691,True
00498563-5e21-4360-b83d-e48ece507500,0.526190434,0.5435510505658582,True
4a8cbfb4-47a4-4934-924b-295088fe3c79,0.526055547,0.5435510505491473,True
93ad336b-4656-4fe6-90f0-8ed08af69bac,0.525874744,0.5435510505267479,False
e9229dc4-9993-473e-89b1-5aafa9b2505f,0.525619724,0.5435510504951538,True
109c3ef9-95f4-493e-ada4-8c87e87290f2,0.525328723,0.5435510504591022,False
002f9030-5cca-464b-a1aa-2e4abca2931b,0.524998581,0.5435510504182015,False
7b48d1ea-9f15-4a30-83e0-e026a5b97961,0.524896212,0.5435510504055192,False
866f89f0-6f65-4662-b1e1-8473304474ec,0.524783605,0.5435510503915685,True
4a8e1767-7c7c-4a91-af81-64634ef35b97,0.52473242,0.5435510503852272,True
4549e774-9439-4eab-b053-730a58f655d8,0.524042329,0.5435510502997329,True
bb070eed-5272-4b56-a777-2bfab1718814,0.523707219,0.5435510502582168,False
e4523286-dbc1-4c17-8a98-02f1359f5a48,0.5234699620000001,0.5435510502288232,False
ef70a4ae-b687-40f1-91b3-0dc813bce1f7,0.523381141,0.5435510502178194,False
139e5967-96c0-4705-b382-26d391277458,0.522582809,0.5435510501189152,False
61bd019a-50aa-4f4a-8288-03205856e496,0.5225100970000001,0.543551050109907,False
85a1a871-6f87-4720-aac9-3b024ae15c5e,0.521651095,0.5435510500034866,False
30771984-eb60-444c-896a-c565f7914bb1,0.52145855,0.5435510499796326,True
8a7ba3e3-1ddb-4bc9-921e-ffff49b3ebf6,0.521424377,0.5435510499753988,False
2873eb94-2fcb-4f3e-8973-a84daeaa3992,0.521310716,0.5435510499613176,True
ba9a8382-08b1-48f9-b4d7-974209337138,0.521014898,0.543551049924669,False
2c23700c-b9c9-4261-a91c-618f6cf26675,0.5208416229999999,0.5435510499032024,False
5d28d054-1cfa-403f-9bfb-ee9b9e524ded,0.520612947,0.543551049874872,True
ba68844d-976a-44d1-b6f7-35c823a6d88e,0.5200797220000001,0.5435510498088114,False
5286f54c-adff-44c7-9b0e-c118484c29a2,0.519977051,0.5435510497960916,False
3b61e558-03e7-47e2-a006-2b36c0cc7790,0.519950254,0.5435510497927718,False
043a7d99-dbe5-4712-9369-d2cbd7d27dc8,0.519805733,0.5435510497748673,False
fbb03a1a-1206-483a-b9cb-af06f97d94eb,0.519665426,0.5435510497574848,False
600837e2-99c5-4099-9fcf-0ffe1c2ae129,0.519606262,0.5435510497501552,False
b7592780-f579-420e-935d-a2c61ddec4d9,0.519398512,0.5435510497244174,True
29e55ef3-2111-48b1-89ad-40cb27cafa5c,0.519141535,0.5435510496925806,False
11b7719c-4afc-44d5-8d40-521b4c03f717,0.518951549,0.5435510496690437,True
cd6ab1c1-0560-40c9-aebb-b004d4e7b20c,0.5184249470000001,0.5435510496038036,True
eca3d79d-c74c-4610-8bb1-f9975254e602,0.51829006,0.5435510495870925,True
785b4a38-64b6-4843-a8d2-6096e9a666b1,0.518285243,0.5435510495864958,False
333d8404-33ce-449e-932c-27b2e769573d,0.518252575,0.5435510495824487,True
549b21c7-9d2a-4dfc-9849-779a15569071,0.5181937120000001,0.5435510495751562,True
1965a972-026f-4579-8e76-23b8fbae1e16,0.518169023,0.5435510495720974,False
d61593cd-4592-4497-97b6-d95544713554,0.5170944439999999,0.5435510494389694,True
89df9c83-3303-4c07-a847-feb14a8b343d,0.516480678,0.5435510493629306,False
f65a60bf-a678-47a2-ae34-71f204cc2266,0.516454333,0.5435510493596667,True
4bb99e09-9364-47f0-ab08-342f22712568,0.516384179,0.5435510493509753,False
386d9050-944c-476e-8945-c0e524805236,0.516356479,0.5435510493475437,False
772b8f41-f9b1-49a5-804c-311f9b35dd5a,0.515686561,0.5435510492645483,False
92c0b9b6-78f3-4a24-822a-a5ecf7bb1093,0.515444938,0.5435510492346141,True
bca5684d-2577-4785-a2d1-ef8ba450af77,0.515214155,0.5435510492060226,True
15de612f-51a4-4f82-8a28-3dfa835d5375,0.515125936,0.5435510491950932,True
7a93f2a2-4e1c-4691-aa35-d60416def468,0.514442619,0.5435510491104378,False
32d58ac2-795c-40b6-b5f0-0a8faf90428d,0.513424795,0.5435510489843407,False
4079ce59-a5a8-41d0-88d9-ea361772f2e3,0.5133007470000001,0.5435510489689725,False
fc6e8f5c-e584-446d-8a25-57b1a780f4dd,0.5130282629999999,0.5435510489352148,True
94e7af6b-5a58-4d25-a558-5bd32314657a,0.51288344,0.5435510489172729,False
6585ae02-7add-4be3-9781-6b424ed6a548,0.51270068,0.5435510488946309,False
f63015a9-c37e-47db-9388-02c587eb1d87,0.511871486,0.5435510487919029,False
6e72840a-1023-4dc5-9a51-863da367df62,0.511608637,0.5435510487593387,False
93a1e1b6-cc1d-45e5-ac25-90d41afbf633,0.511408264,0.5435510487345147,False
f4497d40-facb-4e03-a3cc-ef00beb4a70a,0.51124101,0.5435510487137938,False
68da19dd-c42c-4bb0-8a90-ab028c4f1c29,0.5101823879999999,0.5435510485826421,True
c5d7adf0-197d-4d0c-ac2f-71cc9aac7197,0.509946938,0.5435510485534724,False
989bfa01-0cb5-4436-9f86-465159cee48b,0.509436896,0.5435510484902839,True
b4416bd4-bbb2-49d0-b6ab-9d3e0705b6cc,0.509301106,0.5435510484734609,False
d74f0d62-6345-4790-ad6f-d1adf6057f16,0.509117293,0.5435510484506885,False
4cb9e5ce-1f50-419b-980a-5033667db3e4,0.5089744270000001,0.5435510484329888,True
37e5a26a-5b0b-4e71-80db-24a305e62e81,0.508634499,0.5435510483908755,True
737e7789-2dac-466e-aeaf-b17ba8b565a4,0.508360209,0.5435510483568939,True
8998a5a9-f706-4a39-8ee1-78f668943f75,0.5082987870000001,0.5435510483492845,False
fa6f8009-93ff-4aaa-9cd4-22bf26c9bd54,0.507398838,0.5435510482377905,True
e8bcb510-a3e9-44ed-9018-1b0477c1b0d8,0.507293759,0.5435510482247723,True
e5f3627f-a616-4bf7-a7e2-b94d63b5214c,0.507159775,0.5435510482081731,True
da805042-3bd4-45c9-805a-72b26c7f6fbe,0.506975209,0.5435510481853074,True
1b95bcc1-779f-4119-8cf1-3e30bb841a5e,0.506866366,0.543551048171823,False
d6369a6a-d291-40cd-acd8-c034c55cd5da,0.506783717,0.5435510481615836,True
761c026d-fd49-42cd-8cc5-82ddac8a48b8,0.506212103,0.5435510480907667,True
a356d7ea-bcb2-41cb-a535-87c5ac279c45,0.505400222,0.5435510479901834,True
10a92aa8-687c-4f76-83ad-6ab4d560247e,0.505259615,0.5435510479727637,True
39471970-b546-4f8c-812d-aa24cb7bdf66,0.5050636070000001,0.5435510479484803,True
68544ca1-c6c9-4e7f-8bd4-d4db1f8b763d,0.505041929,0.5435510479457948,True
497646b9-ba13-44bb-8011-c07531d5735a,0.504919085,0.5435510479305756,False
459351ca-c3f4-4dd3-bf10-a087466d2e2e,0.504660301,0.543551047898515,True
612eabdb-26af-4e43-87e5-f88a4847e408,0.5046017389999999,0.5435510478912599,True
ad60eda6-1f33-4046-8af8-1412d9077c3d,0.5034464679999999,0.543551047748134,True
90c18904-6258-46ee-bbee-56f24679c704,0.502939889,0.5435510476853742,False
8e4b14d3-10dd-4a0d-b23a-23d14f659cae,0.502756226,0.5435510476626204,True
beec1a12-cb9a-40e1-8d33-d25bc5e58e70,0.502689987,0.5435510476544141,True
d235bcef-5c28-4b9c-834f-df110ca28506,0.502322962,0.5435510476089436,True
660480d2-b246-4477-b680-0eb946e5a68f,0.501695948,0.5435510475312632,False
383eeb13-b174-4f78-87f4-043c3cb2149d,0.501290835,0.5435510474810739,False
48748489-3f67-426d-9d5f-a4e2cff32f3f,0.501189068,0.5435510474684659,False
c3853cbb-aea7-4f5c-b7e4-b5af22d80850,0.501163626,0.543551047465314,False
9a46d078-06e1-4daf-a8b1-ec587eefc511,0.500905595,0.5435510474333467,True
7e5dc9cc-6d43-42fe-ad68-5f05ea3b944c,0.500814064,0.5435510474220069,False
c4116416-c216-4827-acaf-88dceaf9a1d2,0.500661564,0.5435510474031138,True
cad5cf19-f18a-4ba7-96f3-9e092c3a62f1,0.499520594,0.5435510472617595,True
9a2f56b0-c388-4d3d-876f-96bf2ee63d50,0.499504486,0.5435510472597639,True
36c2f138-c928-415b-bf6e-85aea6878159,0.49924254,0.5435510472273114,True
b1f24762-682b-44e4-afe3-4f2a90b1844d,0.498775554,0.5435510471694567,False
534f7f58-6c22-4620-a2b1-87a7a4e72f00,0.49869983100000004,0.5435510471600754,True
afb3eb2f-6382-4d05-bec5-2c4eafd23b31,0.49767959700000003,0.543551047033679,True
f34746ef-602e-4694-aa63-a9651a0e57e2,0.497529806,0.5435510470151214,True
5dae2638-aab7-4f38-9842-0af4dca369e7,0.49697671,0.5435510469465985,True
fdddb66f-7bbe-423a-999c-96e3417b8fd3,0.496964064,0.5435510469450319,True
ff55d2a3-c72a-4b3b-a021-955f6b4156f2,0.49687343700000003,0.5435510469338041,True
a10344a7-58e8-4fe1-8f96-e33a0a35d1cf,0.496667042,0.5435510469082339,False
96a19aef-e26d-4d7f-b0ad-dff9b903f7a0,0.496398622,0.5435510468749793,True
62276156-d6ed-4771-8f99-5cf277799c14,0.496130655,0.543551046841781,True
cefee45f-e87a-490d-b0f1-7d8769fd24fd,0.49591041,0.5435510468144948,True
94704b43-927e-4ef4-be88-ea91c6de0457,0.49582309399999996,0.5435510468036773,False
32fe37f7-e51f-4236-a25f-53c14328681b,0.495455618,0.5435510467581507,False
49d82805-0748-4a33-91fa-c1e634f9930c,0.494216946,0.5435510466046919,False
fd6d0ff1-6d58-457b-a446-b75056336a83,0.494012206,0.5435510465793267,True
b2301753-092f-4deb-ac5f-36638f767594,0.493871448,0.5435510465618882,False
2ab35e28-58d7-4db0-978d-4cc1719ce630,0.493444958,0.5435510465090504,True
6c9b2461-76b0-43ea-ae11-479f54595ad6,0.493437281,0.5435510465080994,False
40018f16-bb19-4148-8448-8d96da9ae352,0.49329561899999996,0.5435510464905488,False
6f003bb0-a463-42cf-be74-a41094ce9b39,0.492961563,0.5435510464491626,True
9b8a72b8-05d1-4945-af0d-fe81a8681daf,0.492724005,0.5435510464197316,True
fffea734-3e61-4e80-8bda-98058a28b4b2,0.49269751,0.5435510464164491,False
3fdcf936-0643-472d-9d5c-4064d9e643c0,0.491922662,0.5435510463204533,False
ed8bfb87-685c-4602-ab6f-4813febf887f,0.49184016399999997,0.5435510463102325,False
0b25ac16-9ba5-406a-8bcb-8b7ebe719fc8,0.491702116,0.5435510462931299,True
872e9bb2-8246-48e9-a8f0-3e9b47a3060e,0.49166628700000004,0.543551046288691,False
d33d5094-3174-4cc6-9f12-1b4b6d752285,0.491540432,0.5435510462730988,False
48e9803a-de15-4f71-b462-def880697268,0.490629343,0.543551046160224,False
e44188d4-b8f7-45e1-9ffd-57e8f559338b,0.490594718,0.5435510461559343,False
37302706-9cf9-45b2-a158-cc6c63fcac72,0.489916519,0.5435510460719121,False
2b6d24f8-88cc-4f04-a35e-cc7d2e8b0eef,0.48985871,0.5435510460647501,True
03c512f4-d2d1-47a9-9a74-3809edc09b15,0.489442307,0.5435510460131621,False
ac32e6dc-13c1-41d9-b12e-d6612e4e341a,0.48879015200000003,0.5435510459323665,True
4a4195e2-2260-4723-bf6b-030dda474d91,0.488483345,0.5435510458943561,True
6e346f3f-7312-4ad6-8bd4-741e98124946,0.48821718399999997,0.5435510458613815,True
82b8a21c-69f8-4fc1-9fca-81b0ac53e542,0.487776242,0.543551045806753,True
c51d7fb5-ff4b-459f-b1a6-7057e0347db7,0.48732671899999996,0.5435510457510615,True
c5abc6d0-84ee-4ddd-9795-cfc985892233,0.487164583,0.5435510457309745,True
654866af-341e-41dd-bd39-b19d5bafe5e8,0.486283452,0.5435510456218109,True
2442ca07-5b92-4f74-a383-e569a8dc0bcf,0.486229708,0.5435510456151527,True
e74be259-241e-4cb5-bd8f-b96766f901ae,0.48605643200000004,0.5435510455936854,False
00b95b22-2cdf-4d13-8fbb-fad9bc5677c1,0.48545757,0.5435510455194923,False
03d1f03b-f4c8-4864-84b7-63f1e56a8cd0,0.485380793,0.5435510455099803,False
630761d0-f384-4082-9d1b-5630ba4dfee3,0.48485359,0.5435510454446649,True
fd9a4b91-b07c-4dfc-ac17-6474731e1fc5,0.48474023,0.5435510454306207,True
2fe1199c-5879-468a-966d-ca36df2cfe29,0.484501619,0.5435510454010593,False
1efcff72-8a33-4bcb-b793-4af94fb734c8,0.48440617399999997,0.5435510453892345,False
205788d5-5094-4821-aa33-13f036025733,0.484269932,0.5435510453723554,False
3ee6a282-53e9-4b9d-b581-a3c56c7230b5,0.48425277,0.5435510453702291,False
00581935-0898-4ace-b3af-04012875bf7d,0.484161842,0.543551045358964,True
9dccbf46-614f-4637-a8ae-65caa024865c,0.483730083,0.5435510453054733,False
c618bc5a-1269-4ef0-b37a-f29508fb3483,0.483416351,0.5435510452666049,False
ea0aef6c-0a1f-4d3a-a3ea-633c3ba4d33b,0.48327032299999995,0.5435510452485134,True
8b78119e-bc0d-4000-9a2f-e5186d7ce5ae,0.483101715,0.5435510452276244,True
20f2b1bf-53f8-4ae4-9ac4-075df2fd0ef4,0.482849705,0.5435510451964028,True
b3501f00-f0b4-43ec-aad7-804aec1af76f,0.482641051,0.5435510451705527,True
5a723751-7b23-40e6-8991-cbf966fec141,0.482267402,0.5435510451242611,True
c5544aec-2087-4897-aab0-a086e98fb5ca,0.482064771,0.5435510450991571,False
cef37963-0124-4e51-bbb7-d69486f5d1da,0.481966014,0.5435510450869221,True
755fb415-8221-4de7-9ab8-ebfecc040aa8,0.481228803,0.5435510449955886,False
9401127b-85a2-42bb-9858-1850053a0caf,0.48094292,0.5435510449601705,False
2056f7f7-64fa-4fcc-900e-0f9ff486ef6d,0.480838895,0.5435510449472828,False
22173d61-3696-43d6-a41f-05c5f9a85e70,0.48041767399999996,0.5435510448950974,True
ef866675-bc68-4ca9-91c2-fca642ab378a,0.48003785299999996,0.5435510448480412,True
f2564431-29e0-4b82-8e34-6a751590195d,0.479898449,0.5435510448307703,True
4b81235e-4fc5-430c-b046-16e7a57548d4,0.479733454,0.543551044810329,True
e22a0ece-a9ea-4955-9cd8-de9b7e44b9ad,0.479717195,0.5435510448083147,True
2f70d889-6d71-403e-bd47-8650cd7cf09d,0.47959600700000005,0.5435510447933006,True
cfbc374b-8bb6-40e2-bb63-6f69ddaa1aea,0.479137903,0.5435510447365458,True
7dbdc555-ce3f-480e-bc56-9f8cddd4d5f2,0.478968994,0.5435510447156197,False
eaab25d3-8f1e-4c6d-b542-db5bc494270b,0.47884615,0.5435510447004004,False
31b3988b-f335-4cd2-a579-29fedfd9715f,0.478728425,0.5435510446858154,True
5c5092ed-a5f8-496c-9883-87451513964f,0.47856026799999996,0.5435510446649823,True
5a1bf2f0-9d23-4d57-ab7d-099cbe01b5b4,0.477770065,0.5435510445670836,True
a44b34fe-33e4-4709-8cf1-4e6534c9ef56,0.47765775899999996,0.5435510445531699,False
5b12714d-c7ec-49c3-9efd-48c4c0a00dfd,0.477512334,0.5435510445351532,False
85b1468d-87e9-48f9-a4bb-753424a5a012,0.477278992,0.5435510445062443,True
d3cc9f1f-2283-41e6-855c-dd1a9bbb4c39,0.4772397,0.5435510445013764,False
0a16e5a9-bfa5-44ef-86d8-8a48ed76b818,0.477127244,0.5435510444874441,True
30ffdea9-10fc-4ccb-b9d5-da74b2889310,0.476973539,0.5435510444684015,True
89270496-2581-465d-9ccf-f115cd1f13d4,0.47654750100000004,0.5435510444156193,False
8f0a0f3b-271b-4e1d-95d6-006991ba56b9,0.476348482,0.5435510443909627,False
f46acdc8-23e6-4e91-9373-25ca956898d2,0.475944725,0.5435510443409409,True
c1c89032-bc13-443d-a620-6e3b69d9a03e,0.475396295,0.5435510442729956,False
f46f9bc5-d2f7-4a0d-a6d5-daf75db6bc36,0.47518508200000004,0.5435510442468282,True
9f408382-99fd-4397-87de-4549c5711269,0.474985913,0.5435510442221531,True
274a35be-7b20-45a9-ae74-df03e0979096,0.474939545,0.5435510442164084,False
54801e49-a748-4386-b418-f7284d4131af,0.474812788,0.5435510442007044,True
cd77c3db-10ba-49f1-93fc-ad47a405320d,0.474665255,0.5435510441824264,True
e4df1a8c-364b-463b-90a2-56251144b72e,0.47456363799999995,0.5435510441698371,False
c9337ed9-8e0e-4025-aaac-94457c4b51f1,0.474177193,0.5435510441219601,False
fcfef7d9-fa55-4736-b36f-695b4b474c28,0.47353587799999997,0.5435510440425069,True
c7b1833c-3892-47f9-a023-9c649ec8e706,0.473304041,0.5435510440137845,True
9ecff907-ec60-4d8d-9df1-1181008854cb,0.47308786,0.5435510439870016,True
a0f3f144-b72d-4ffd-b8ed-af39342463b4,0.472803935,0.543551043951826,True
3c0249f3-b058-4d18-828e-5e6d4965d6cb,0.47245648100000004,0.5435510439087795,True
fb1a5759-ecee-445e-945f-b2b335d462ea,0.472066272,0.5435510438604361,True
0cb2f0a7-e241-4260-8563-0c576cddb16c,0.47196962299999995,0.5435510438484623,True
121fa2a2-c177-49f1-a831-da30996194dd,0.471681181,0.5435510438127269,True
fa42db54-d2c4-4fd6-8965-4204f5606cbe,0.471538165,0.5435510437950086,True
c04e6df6-0cb7-4a65-8a87-6b9897a11e79,0.471388675,0.543551043776488,True
b6016ab0-9b6b-48ce-856c-6425be86f7fd,0.47132966200000004,0.5435510437691768,True
1c101af1-10dd-490b-8920-c6d4d0bb35dc,0.47099078899999997,0.5435510437271935,True
89fe9738-b51f-428e-970f-34b17cad76d0,0.470757296,0.5435510436982658,False
1e0abd3a-819d-4c72-bcd7-559c1b112352,0.470479091,0.5435510436637989,True
93327645-36b1-42d0-8a6c-5af6d308cde1,0.470302203,0.543551043641884,True
6c65cd28-1240-4ee2-b19b-d4aa644cc9db,0.470184779,0.5435510436273363,True
8ca86ade-2863-4ded-9148-09cc6364bb24,0.469764311,0.543551043575244,True
2576b1eb-8b55-4f7d-a051-c7ecdfbfeb20,0.469759794,0.5435510435746844,False
964f294e-d467-4a0e-b809-9314d61a1181,0.469405114,0.5435510435307427,True
f559664e-0f10-48e1-acd7-512594fbf012,0.46889326600000003,0.5435510434673293,False
df284cd7-a9f8-485d-bc12-72a125f44cab,0.468494325,0.5435510434179041,False
27cddb33-a117-4e2e-b317-053411fbaab1,0.46846767899999997,0.5435510434146029,False
fc1e97ce-f4a4-4be5-b9b6-43cc653ed665,0.468206034,0.5435510433821873,False
a6cad68c-ab7f-4905-be29-a40452137777,0.468204981,0.543551043382057,True
807d41be-6c78-4a6c-b6b3-e2bc12a88277,0.46791352799999997,0.5435510433459484,True
61a76ab0-6f4e-4266-a5a3-76baa202b603,0.46715554200000003,0.5435510432520407,True
fb947518-eb41-4ebb-b2d3-a707a4e94d9a,0.46707184,0.5435510432416708,True
5127a133-e08c-4c56-920a-fee6519d22b0,0.466373318,0.54355104315513,True
1145b962-98f5-4935-9125-098b458f7283,0.466264475,0.5435510431416454,True
408e19a8-9121-4bf9-b4ac-0c9fd1cd4940,0.466233312,0.5435510431377846,False
4f81ee95-7fcf-41be-b170-ccfe1e2b19c9,0.466160901,0.5435510431288134,True
9faaea61-1162-4772-af76-dd44c74e922d,0.46577355200000004,0.5435510430808242,True
ecb1117a-e8fc-4713-8bb8-22071a5549a2,0.465400806,0.5435510430346443,False
5851e557-b05c-4e03-a763-474f9d1005d4,0.465172131,0.5435510430063135,False
d30c259e-a680-4909-8460-7ce29d52f13c,0.46478658899999997,0.5435510429585483,True
044f6499-3aba-453b-b082-86d08fee7084,0.46459299,0.5435510429345629,True
53a96f15-8ea5-43bf-a8f7-38c684b1734d,0.464253815,0.5435510428925421,True
e611714a-7d49-444f-be62-3db027310a11,0.463527443,0.543551042802551,True
1ce6a37e-8c29-47ad-916e-6f7b3d708cff,0.463477914,0.5435510427964148,True
e6df666c-5296-4a73-a6c2-0d718eae71ea,0.463039531,0.5435510427421029,True
a0023034-2ffd-47f5-8138-7eac9533354d,0.462836297,0.5435510427169239,False
3b38dac7-59b2-4527-9144-0c91b79f127d,0.462788575,0.5435510427110116,True
cdca6e89-6be4-40f4-a8d2-4d628a722ad1,0.462356214,0.5435510426574457,False
8110a94d-8b7b-47d3-a3e4-e9c889b7237e,0.46235591299999995,0.5435510426574084,False
be454127-d9aa-4ae9-93e9-760038c377ff,0.462297653,0.5435510426501906,True
197ecfd4-d6d4-4616-80aa-cec1168cec1c,0.46192867,0.5435510426044767,True
5340719f-8e93-46f5-a416-17585c4b1766,0.46182329,0.5435510425914212,True
50d5a07b-3823-4d54-a18a-c8bab493cfa3,0.461735975,0.5435510425806035,True
bcb1a5b5-bc7f-4b3e-8cd2-de7aacc9205f,0.46171068299999996,0.5435510425774701,False
176cc00a-c1df-4980-9098-51ce42282a99,0.46155411799999996,0.543551042558073,False
33cd559e-f327-4cc8-9d5f-f35bf0ed09e8,0.461433081,0.5435510425430774,True
d1227782-18e1-4d13-a793-87c278a774eb,0.46100869899999997,0.5435510424905002,True
e09fc2cb-9532-447e-9de4-c1218f80af79,0.46048435600000004,0.5435510424255386,True
7796ef70-3950-42ca-87e0-f3788f93d85c,0.459899193,0.543551042353042,True
ed5ce9d4-e02f-4603-9a56-e3ea64d6972f,0.459849664,0.5435510423469057,False
355bb0c7-d1ab-47a4-ae83-6577972b1f3f,0.45959464299999997,0.5435510423153107,False
c50ae0bf-64a1-44a0-b6fc-4efae1f47c21,0.459305449,0.543551042279482,False
fa9c77ff-0a2e-49bd-ac74-09af7bad6f63,0.459025739,0.5435510422448283,True
1aff22e1-ecc6-446e-97dd-405dd468e193,0.45899999700000005,0.5435510422416391,True
fd01fff9-3d45-416d-b2d6-85d343fdc8e0,0.458257817,0.5435510421496892,True
1f9fd89b-7b02-43b1-9e5f-80da1bf33f6e,0.457935955,0.5435510421098133,True
9ec10d99-3c27-437d-a99c-7a4694a63f17,0.457762228,0.5435510420882901,False
836bc11b-6659-42ec-9cea-2f88a64edc03,0.45747107600000003,0.5435510420522187,False
b2749302-ec89-4d39-ae7a-a85a1ccc9a1b,0.45687387,0.5435510419782299,True
6cadb821-5f8e-4560-a56a-2ade3d3d8a74,0.456861676,0.5435510419767191,True
a95ac45e-a2fd-4bfd-bfea-6bce239f506d,0.456861375,0.5435510419766818,False
5964d425-65f6-4fa8-a4b7-80f8fc370dc0,0.456365786,0.5435510419152825,False
81264400-a55c-4df0-9d18-7ca978fc2ea0,0.455986416,0.5435510418682816,True
e46e4ae2-f7a4-4e25-aaa7-77e06a89367c,0.455697975,0.5435510418325462,True
bfc1ba0f-8078-4a61-8e5a-a547a04be8bc,0.45559199200000006,0.5435510418194157,False
b4e10e38-9f0c-4162-a306-3b3e6de9b374,0.455374758,0.5435510417925024,False
d4a499e4-a72b-4851-b64c-9024553db904,0.455274195,0.5435510417800433,True
c6721a22-025a-439d-905d-77f3793091a6,0.455069004,0.5435510417546219,True
e2fad891-f558-468b-b6a0-83044c00e3ca,0.454967839,0.5435510417420885,False
d5a0e635-baaa-483f-b9bd-cdd68c20cfec,0.454936526,0.543551041738209,True
1fcb75ce-4fe1-4ec7-878b-f431355355ca,0.45481579,0.5435510417232507,True
27068a48-3b23-4e9d-a487-bdfbf0d57057,0.45481142399999996,0.5435510417227098,True
c8a56f4a-d115-4dd6-8f90-efcd846c89cb,0.45436385799999995,0.5435510416672601,True
fef1431e-df4d-495e-adbe-edf2aed151a1,0.454040641,0.5435510416272162,True
c1911ad9-4509-433d-893a-fafaf88ca260,0.453824009,0.5435510416003773,True
ce1285c7-c610-4499-9734-6cc5f46c212e,0.453746328,0.5435510415907532,True
90e866bd-d852-4596-a52d-d50023eae9ff,0.453614904,0.5435510415744709,False
0fedaf34-06d1-4b8c-94b6-2d0f865d7ff2,0.45338111,0.5435510415455056,False
38249d3e-e01d-4115-9c47-42b218973a16,0.452637726,0.5435510414534064,True
016db528-7955-4d09-bfed-c2ec2e4892f9,0.45250223700000003,0.5435510414366204,True
99bbfb8b-891c-4260-859d-0907b7cdf049,0.45230773399999996,0.5435510414125231,False
715ff457-0cf7-4502-9ddc-a625b9121e56,0.45206114399999997,0.5435510413819727,True
ab4cfd83-daad-4454-a341-fa6287f6fc50,0.451867846,0.5435510413580246,True
e993f7c5-8626-436d-9e45-a9a5685014bf,0.451854598,0.5435510413563833,True
f0e9a7c3-12e3-49bc-b12b-f0c661f92a6c,0.45185294200000004,0.5435510413561782,True
c2f14390-ac13-419e-96c1-e309a4cd27f5,0.4517581,0.5435510413444279,False
b7b7da0e-d846-4eec-bfc6-d411a08d516a,0.451570673,0.5435510413212072,False
1a9934f4-f276-4e38-a59e-cccc91cd195d,0.451463035,0.5435510413078718,False
26003ce2-c921-4cb8-ad80-def8c70ab98c,0.45122171299999997,0.5435510412779738,True
5134e9f4-4a3e-4c8a-a96f-19c06a523762,0.45117579799999996,0.5435510412722855,True
45971968-59e2-4d8e-8b0b-c9817145d6ec,0.451063041,0.5435510412583158,True
b36c9eb7-5610-42fc-8968-09799957abaa,0.451003275,0.5435510412509112,False
4d302411-6361-46f8-82c3-b77c2f9d3cfa,0.45091550799999996,0.5435510412400375,False
155f5a0b-6c10-4739-98d0-120cc3667408,0.45090271200000004,0.5435510412384522,False
378e0869-bddc-4aca-be2e-8da37fb2450d,0.45023475,0.5435510411556972,True
d3c34331-106f-4e35-84aa-233e94d137d8,0.45010724,0.5435510411398997,True
cab5467d-c91b-4b13-a465-4173d4665fb8,0.449768065,0.5435510410978786,True
017fd9a6-4498-47b3-8ca9-84a826635e47,0.449647781,0.5435510410829764,True
c0c37771-de38-48b3-bc56-79172f44774d,0.44914571799999997,0.5435510410207748,False
c76dd1f5-f390-4a32-9921-b0f8a1ad63d4,0.448729014,0.5435510409691484,True
f6b4b8ff-5f65-4e66-9028-9e05df4ced01,0.44813798,0.5435510408959241,False
235b4b74-169b-4cc9-9030-f5032fe3f6e5,0.448125786,0.5435510408944133,False
b2be6c4d-a6f1-4bc4-bc2b-80a62a14f872,0.447660606,0.5435510408367812,False
cf475272-3214-4315-8527-4dd05c484252,0.44754062299999997,0.5435510408219162,True
d3b71adb-e008-4054-a9bb-b7a52d486de0,0.44743539299999996,0.543551040808879,True
6ea79dc7-88d4-4065-8137-f309433a060c,0.447246762,0.5435510407855091,True
3b69d047-fc0e-47a8-b0a1-d1dba06602b2,0.44686769299999995,0.5435510407385454,False
5a74d593-a9fe-4a81-9df6-4a1618db397a,0.44570564799999995,0.5435510405945772,False
5f13d194-e961-4ad7-b7b8-fe787d8f47ee,0.445698873,0.5435510405937378,True
6bc607d2-b4e5-4cfe-b77d-a1f9d2effd26,0.444788236,0.5435510404809171,True
570231a2-ff35-4647-baa7-b5b86d338ad6,0.44473780399999996,0.543551040474669,True
90e1c1fe-0b4b-4b9e-a271-4c3edf511bc0,0.44453743,0.543551040449844,False
1dec26c1-5ad3-4f04-a448-39214878b016,0.444491815,0.5435510404441927,True
21ee1684-25d4-451f-a742-57f796b8c1e1,0.444367165,0.5435510404287496,True
f8725273-5ec0-4a52-82ed-09e2a5ac41dc,0.444253355,0.5435510404146493,True
55e6de49-a418-4a34-957b-4fd9b8e48824,0.443875189,0.5435510403677976,False
f5a7ca88-ac2f-4c95-b5c1-e3c1fe59f99a,0.443569586,0.5435510403299357,False
f4c4b20f-88d1-4ba4-a6eb-067959c2fb5d,0.443319684,0.5435510402989747,True
27bb2eda-9f7a-4189-ad3e-35b13bc8a970,0.44326413299999995,0.5435510402920924,False
c968b280-6cda-49b4-8d31-7fcfbe5e58d5,0.44303560799999997,0.54355104026378,True
cb1cf809-7564-42e1-8563-96d1786306c2,0.44284697700000003,0.54355104024041,True
6c7361e3-7c85-45c4-a379-ecadcf870a18,0.442661808,0.5435510402174689,True
a820a3f8-840b-416b-9572-6071e7b84458,0.44260430100000003,0.5435510402103443,False
e6aa9c09-a1e6-4dc7-a218-5b805d97a280,0.442315558,0.5435510401745711,True
bbe20948-a449-4a77-98f2-ec32a1438eaa,0.442059935,0.5435510401429016,True
9e56a4b0-5e0e-42f9-9be8-b8192bb246a4,0.44187612200000004,0.5435510401201284,True
b7e21192-36ad-4a90-988d-95a09126558b,0.441759601,0.5435510401056924,False
1516a5f5-f649-4bb1-9fcb-b09989e9c7fd,0.441599874,0.5435510400859034,True
56ee2544-6b09-4ce6-a943-490d1c774137,0.441592949,0.5435510400850455,True
a8a390d4-0a16-4384-a6cb-a4398fc88de9,0.44131564799999995,0.54355104005069,False
9b94ea13-8b30-4db5-bda3-13da73bc3878,0.441041057,0.5435510400166702,True
138cfa3c-24d3-4e29-af7d-691b4ab81638,0.440867028,0.5435510399951095,True
f3f9e7f3-a4c2-42eb-bb3e-560c55832059,0.44054336,0.5435510399550093,False
74574321-cb48-4647-897d-264409e9e952,0.44038589100000003,0.5435510399355001,True
7cd26592-7616-435a-a66d-2e24082beced,0.43997912299999997,0.5435510398851047,True
bcbce95f-2c8a-4299-810b-561e072edb8e,0.439586806,0.5435510398364995,True
1740db18-9fed-4a0a-851e-48e216f20f32,0.439577171,0.5435510398353058,True
8bb86b48-2865-452d-9ea0-c3e45d0fe7d1,0.439531105,0.5435510398295986,True
f8129f9b-32d7-4cfb-8526-6e9ee3e2d657,0.43950551299999996,0.5435510398264278,True
417c2f1b-6dd8-47e3-9d74-85543b73c90d,0.43826729200000003,0.5435510396730215,True
a507ac63-44db-4bae-9a3a-e107704b879d,0.438240345,0.5435510396696831,True
03dc6379-dc39-4471-93a2-ca666396d6bf,0.43821324700000003,0.5435510396663258,True
8ec59c3e-2532-4a68-9bcb-40cf8cbef7a7,0.438029885,0.5435510396436086,True
1e2c4782-512b-4f67-bbc6-abdd864ccf65,0.43772383,0.5435510396056907,False
92ebb312-0603-4857-9dd0-5dabfb2d024a,0.43741295799999996,0.543551039567176,True
e447487d-2428-4376-b0d1-86a2dae5d1e2,0.437337385,0.543551039557813,True
d08262f7-9545-4e59-af81-e582fb922524,0.43730291,0.5435510395535418,False
e2586b29-d554-4d97-8eee-6ea2d866cbd1,0.43720565899999997,0.5435510395414931,True
5b14a1c1-c9cb-4ecc-9ba2-0e2ce44cf9d1,0.43587560700000005,0.5435510393767093,True
59173417-fbec-48df-bf8c-5f3af762567e,0.43582607799999995,0.5435510393705731,False
e1b82dc6-0264-4a0f-ab9b-41f372ef5f4a,0.435814185,0.5435510393690998,True
024704d7-72c5-4ede-b35c-a48bade2ef72,0.43557662799999997,0.5435510393396681,True
47e7f04c-afb7-432b-ae26-b7cbf24b2bbb,0.435333951,0.5435510393096024,False
7f138332-e28b-4898-a147-d00497baf720,0.435281863,0.543551039303149,True
ab22d107-abf6-4128-a268-43f15ed485c1,0.435038435,0.5435510392729901,True
cc01b1f7-bfd8-4b97-baf1-badb0e56bd5f,0.43491333299999996,0.5435510392574907,False
22c437ec-2959-4d08-b8d4-cf124547425f,0.433074594,0.5435510390296843,False
ebb87be8-1848-4f4f-8852-5413ee511648,0.43197878799999995,0.5435510388939218,True
6378d7ca-fc71-4bd0-a65f-6dd505381780,0.43190983899999996,0.5435510388853795,False
d827533d-6749-48e7-9809-ce20df1c73e2,0.431903366,0.5435510388845775,True
40e90292-1fd4-48eb-af44-64f047df7600,0.430155254,0.5435510386679988,True
2a70ca46-91dc-4392-999e-8541faa153bb,0.430078477,0.5435510386584868,True
4cd2e7ba-9d63-4666-983c-ff961a43dadb,0.429835801,0.5435510386284208,False
47b38bcf-9a96-4e45-8719-176729683ccc,0.429743066,0.5435510386169317,True
52aa48c4-fe2e-4e78-b4f7-41c9d8ada0c1,0.429566629,0.5435510385950724,True
99e033c0-e9ff-43c6-89f6-ad4ee4403813,0.42931221,0.5435510385635517,True
27347965-ebf3-4c75-9740-b8f01a08bef7,0.429080825,0.5435510385348847,False
84cc55ee-6afc-427c-864b-e9b03b9c3417,0.42877582399999997,0.5435510384970972,True
284d659c-ab8e-43d8-8a04-794aa8770678,0.428561299,0.5435510384705189,True
aa3163ec-4761-4a38-9d7f-ffaa5014be86,0.428523814,0.5435510384658748,False
1838ad8f-2cc3-4bbf-988b-9c05b6b1390c,0.42830387,0.5435510384386253,True
e8e07533-0a54-425d-892e-2753081208f3,0.42761091799999995,0.5435510383527734,False
1dcfb6b1-c16b-4288-85aa-e0a9f9cb04e3,0.427559432,0.5435510383463946,False
7bbc4a5d-8f4a-413c-a266-0365c4d87524,0.4270104,0.5435510382783733,True
b3766d91-08b9-4c50-a57b-3e6c8249247d,0.42622049799999995,0.5435510381805099,True
e5386afd-edb8-41c1-8da6-f84a45255874,0.42574222100000003,0.5435510381212547,False
f60a15a8-27de-459f-93ff-13035ae428a6,0.42539250799999995,0.5435510380779277,True
1f86ff6b-c7f3-4af1-9b14-5ce9e7683891,0.42515163899999997,0.5435510380480857,False
12557efc-6864-4007-800d-f7e72593ccbf,0.42444634200000003,0.5435510379607041,False
b3a31ee4-b27a-45b6-8c23-5274b08a3d20,0.424412771,0.5435510379565449,False
0b955838-4aa5-4615-a581-d0e39648e0e4,0.424380404,0.5435510379525348,False
0c46146f-6d53-4ade-ade5-e41da35aed4e,0.42377823,0.5435510378779296,True
023497cc-737f-4cf0-867f-93b2a5066c3f,0.42375339,0.543551037874852,False
e185e2c5-173e-4b33-9aeb-b1179b4ce107,0.423142635,0.5435510377991837,True
330f7599-b6d9-4fa7-8711-81ab714d6247,0.422708618,0.5435510377454118,True
b9019f34-fd18-4754-ba7a-d1d5140dd2b3,0.42245495200000005,0.5435510377139844,False
2834e26b-b2e8-4762-b107-2286eff7cdc2,0.422049689,0.5435510376637748,True
3a1e4869-6a76-4bae-8430-0e60fd212ed7,0.421339124,0.5435510375757406,True
551e8dd0-46ec-44b9-8fa2-b3547320c549,0.420865664,0.543551037517082,True
102fa9bd-4f0c-4897-9173-ed97c8347eb4,0.420805146,0.5435510375095842,True
4357cf76-06c5-4174-911b-263cec4feb53,0.420478316,0.5435510374690922,False
1d42d3c3-8ea0-4330-8761-fd0bf3b2164e,0.41975661,0.5435510373796775,False
de13b540-1032-4529-bed4-9916fa0c9010,0.419713555,0.5435510373743433,True
d6cb5cb7-3df5-4f0f-8311-fec715ca9905,0.419686306,0.5435510373709673,True
7194433f-48d4-4dbf-9767-49b0ce367654,0.419521311,0.5435510373505256,True
b5326e2a-50c3-4405-9369-1a666fb390c7,0.419105961,0.5435510372990664,True
f32e49fa-0ce6-47cd-8c23-120d0db1b308,0.41850529200000003,0.5435510372246474,False
3d3060b8-d4ef-49bb-9053-8cfb44008d60,0.417057816,0.5435510370453145,True
2d3b40da-3bc5-4bcb-93cd-2902eeb63ea0,0.416880175,0.5435510370233059,False
70941144-9446-4350-a33e-0fbb9997c61c,0.41680686,0.5435510370142226,True
4c4a7d66-7b64-457d-9c44-800dbbcf5e6e,0.41649373,0.5435510369754278,True
498420cb-1aea-49a6-a28a-c29af8c59e1d,0.416468137,0.5435510369722569,True
fcabfa1f-0aa7-4653-9e98-644bea70ef9a,0.41632557299999995,0.5435510369545942,False
6ffe22df-0f41-408a-9370-f3f961ca4b2c,0.416044056,0.5435510369197161,False
bd0a352f-263c-4817-a0a5-8da267389eac,0.41528576899999997,0.5435510368257691,True
2ef6df88-f6a7-45e9-bef2-a32d617e72fc,0.41523458399999996,0.5435510368194276,False
1997525c-5893-404f-88b6-27a9fdbb080e,0.4150452,0.5435510367959642,False
f162fab8-e375-4364-ba07-485833fba125,0.41498694,0.5435510367887461,True
a28436df-3f68-4343-94ae-39deee264dd8,0.414907001,0.5435510367788421,True
27d667da-978e-4421-872b-64763203ceb8,0.41462879700000005,0.5435510367443745,True
09b75aa3-9e0d-4faa-88c0-254d0b920678,0.41428254600000003,0.5435510367014762,True
e62b67ab-d165-4402-a63a-c33369de1735,0.413678566,0.5435510366266468,False
d8b52112-2c81-459a-ba70-519fcf24e554,0.41265818200000004,0.5435510365002275,True
c54c4b58-eaca-4bd4-94e9-340e1fcacbfb,0.412188185,0.5435510364419979,True
c983458d-0640-4670-a89f-186cad7aabff,0.41195439100000003,0.5435510364130322,False
d35d2374-d94d-4628-9b54-b09befd6bab6,0.41168612200000004,0.5435510363797953,False
0dfd54fb-2708-4c7b-91a6-34761703bd2e,0.410891403,0.5435510362813345,False
84831ccf-ab39-42d9-884f-6989a552b872,0.410727009,0.5435510362609671,True
a1cc20f3-e0b0-4efb-9013-4c98a0fd8427,0.410336198,0.543551036212548,True
befe0867-6ac4-4bb3-b593-eaf2e4881f7c,0.409999282,0.5435510361708062,True
ea189138-fca2-4e1c-8884-60e2424b568d,0.40953259700000005,0.5435510361129868,True
94981f52-c53b-43c5-8941-1e333c800909,0.40942360299999997,0.5435510360994831,True
ebab8d2e-b588-44e7-9f8f-ef96d978d585,0.408498664,0.5435510359848886,True
27716565-26c4-4e9d-862b-143c875dd27f,0.40783913299999996,0.5435510359031767,True
f12b5ced-855b-4abc-9836-1e744bdffdcb,0.407236055,0.543551035828459,False
66fe5abb-0bf2-4d6c-989c-552dbdd69519,0.40721302200000004,0.5435510358256053,False
364ba490-97e3-42ce-8821-a996d84d189c,0.40720414,0.5435510358245049,True
aa065aa1-ef31-4249-9377-81f2a9ad93fb,0.407058414,0.5435510358064503,False
d647c4ef-341b-4768-9498-44e0cab19353,0.406845546,0.5435510357800772,False
d04a1947-e01c-44f1-9402-df159af3827d,0.40680986700000005,0.5435510357756568,True
46b64f88-8b5f-4a53-9448-8939fe3305dd,0.406687776,0.5435510357605304,True
c29e7094-08cb-435d-8480-dce4ef4724d9,0.406037428,0.5435510356799562,False
b019cf86-6e77-45c9-bebd-ae6abdaefae0,0.405630509,0.5435510356295412,False
f47a2650-cf51-4097-9240-542bebac2c28,0.405409962,0.5435510356022168,False
e9fce8c0-8ee1-4ebc-88a4-57a50955e63f,0.404892996,0.5435510355381677,True
4bedb13a-16b8-4b5a-ac89-5a565b88a450,0.403500769,0.5435510353656788,False
d70a2625-eecf-4074-a92b-44b25f67b366,0.40285809899999997,0.5435510352860558,True
186eeab1-74c9-4356-a4ec-5b7c1d4b068a,0.40246171799999997,0.5435510352369465,True
0d433253-63d8-482d-a3e3-05cb8d896ced,0.402289044,0.543551035215553,True
837198b6-d4a5-4eaa-957f-ffc8c15f4090,0.401718786,0.5435510351449014,True
bf4200aa-c38f-4dc8-a7f1-cc494ffd58d4,0.401715775,0.5435510351445284,False
c2a9533b-2c31-4b98-b34f-74477208d2d6,0.401591125,0.5435510351290849,True
56071758-ee99-4910-b278-bc5af65ffe93,0.401527746,0.5435510351212326,False
d36faa2f-3a1f-4f9b-9119-56c8e09bf953,0.4010719,0.5435510350647559,False
c6cc9eec-bdc2-45c7-b28b-d5b5549d805b,0.400895162,0.5435510350428592,True
0b55f04e-c96d-41af-9bea-ce927b96a9fb,0.400507813,0.5435510349948687,True
241f56ca-2efd-4bab-b810-0cc0ef59708a,0.400210942,0.543551034958088,True
e82bd164-c84b-418b-873b-96476244b55b,0.399353145,0.5435510348518118,True
2c3c8cb1-86b2-44a1-b8f3-78faa0fcec8b,0.39854909200000005,0.543551034752194,True
407197a3-5ddf-44f3-9060-b1174536c1c3,0.39841962399999997,0.5435510347361537,True
f0ded9fc-c621-4122-b472-26755b59f51b,0.39790115200000004,0.5435510346719177,True
5eb9806d-209b-4278-955a-d5df32a959c3,0.397586065,0.5435510346328803,True
d44ae3d2-ad1b-4933-a1c9-ae1bf6d287dd,0.397502061,0.5435510346224726,False
4f4e87ff-4569-4ea8-a0f2-11a8d6b1aede,0.397473759,0.5435510346189661,True
1d62caf3-4709-4de5-a158-074072dcc3af,0.39713127299999995,0.5435510345765341,True
ba84e37d-da70-4923-8089-f1a66b0ff2ab,0.397012795,0.5435510345618553,True
5f183036-4696-41eb-b94a-1cca1e5ebc3c,0.396852315,0.5435510345419727,True
b4f14b38-0b39-4c36-af30-62949f648aa4,0.396843885,0.5435510345409282,True
4a34fcd8-6c18-4ddb-85a4-2ef31b24467d,0.396617166,0.5435510345128389,True
84515232-1d67-4b6f-b028-47404eefeaea,0.39522765,0.5435510343406855,True
26a19c8a-289b-4463-9322-cc4130d49cfb,0.39444753299999996,0.5435510342440332,True
d4bdc615-203d-4182-8cc8-823ab47d1093,0.39387938200000006,0.5435510341736423,True
c02ec2e6-da1c-4152-9c1e-96f23acd0dca,0.393717548,0.5435510341535918,False
ead5a5b5-3a28-4613-b3f1-2734c1dc399b,0.39326004600000003,0.5435510340969099,True
7ce18b49-daf3-42e8-ba6d-757b3e80dbfe,0.39299222899999997,0.5435510340637286,True
8c7e5096-7a5f-4443-8678-188db8d55800,0.391695898,0.54355103390312,True
3cde0a90-fc8c-4a59-a8a6-4caecf91d9c1,0.391458341,0.5435510338736879,False
d733695d-b920-46b2-9ab1-1d72120c3db5,0.391003549,0.5435510338173416,False
a08849ae-66b8-4563-ba32-85607770f4a2,0.390751991,0.5435510337861749,True
deb0401f-e41e-427f-9611-6556d216e059,0.390706677,0.5435510337805606,False
35b77c0a-6498-4c3e-a876-14195db1250e,0.39059678,0.5435510337669449,False
d7041c1a-0971-4d2a-82fb-4c7c644cd342,0.390559596,0.543551033762338,False
eef7d142-c284-458c-8c21-2269b06ebb0b,0.39052843299999995,0.543551033758477,False
ff348b26-7f17-4e24-b007-6a069038d489,0.389998671,0.5435510336928423,True
6a12f451-f3ec-43f9-aa30-a30952c279f4,0.389819524,0.5435510336706469,True
41ac46e7-1b05-415b-9244-2e7f02b622b9,0.38964037700000004,0.5435510336484515,True
a201ebc7-8a61-40c2-9047-cbdf1a95e959,0.38959641799999994,0.5435510336430052,True
cb604514-93cf-4e94-98ed-ae2558571995,0.389404927,0.5435510336192805,False
0468bb34-f738-4607-b008-fdb279bc01f3,0.389249265,0.5435510335999948,True
fd9fda7b-84de-4dcd-ae28-43ef15de5f0c,0.389145691,0.5435510335871625,True
fe2c4ea9-51ae-4ad9-80e8-433170d82de7,0.388596207,0.5435510335190842,True
4a8d81a4-7271-4572-a7d5-f39056ad61b0,0.388457557,0.5435510335019061,True
455a237c-7cdd-4f43-a85a-37d1f8faede4,0.388082252,0.5435510334554077,True
7a2e1fed-c29d-4a17-b6c7-b638f111a27a,0.38778011100000004,0.543551033417974,False
a20e9ee0-b1ee-4be6-984f-44f079266a76,0.387470142,0.5435510333795703,True
13be4300-3061-41ae-a305-0a2289719c90,0.38732682399999996,0.5435510333618139,True
cd78589c-54a3-4f87-9679-92d753fd41dd,0.386193081,0.5435510332213488,True
f89f7cdb-7a1c-48f1-9eeb-915616570227,0.38573588,0.5435510331647039,True
c27b73b6-9f23-4456-a553-f6807ef7e96d,0.385663318,0.5435510331557137,False
3bb79008-0d11-4f7a-bd14-36630433d3cf,0.385566519,0.5435510331437209,True
a6e925aa-f651-4d7b-9d46-8b8d48b6c6e2,0.384509101,0.5435510330127119,False
4ef17e38-0875-4e55-ad1c-56ecaadb2412,0.38430406100000003,0.5435510329873083,False
2cdd5e3b-c3e0-446c-b642-9190c5c46ee3,0.38321924399999996,0.5435510328529048,True
8d58e84c-b1a9-4db8-bbeb-f6c46e01df74,0.38299373,0.5435510328249649,True
a6f42453-2f43-43de-96ad-8afb47608c06,0.382614059,0.5435510327779254,True
819d6e3a-e247-45ca-b9d2-b0ac4d388689,0.382471645,0.5435510327602808,False
320fa284-445f-4666-82cc-23d44eb8e2d3,0.382261185,0.5435510327342059,True
68b68446-64dc-458a-ad57-1c2e6ffbeaad,0.38221526899999997,0.5435510327285171,True
6afcc141-d9d4-4802-82da-058a55e30c3b,0.381836351,0.543551032681571,True
c93c38f6-856a-435a-aaff-2757373cb4ae,0.38171968,0.5435510326671159,True
179465a9-574d-41f9-8ada-f507cbc56c9a,0.381527135,0.5435510326432605,True
fd2701ee-d04f-464f-9022-b1fb6e55552f,0.381256307,0.5435510326097063,True
a6da026a-38dd-41df-8156-a6392d8c32d1,0.380836591,0.5435510325577054,True
129308c5-4460-42ae-b05a-f26ef33831c9,0.380834935,0.5435510325575001,True
5182980b-e90d-4880-a665-0359a600ad3a,0.380427113,0.543551032506973,False
13ec1726-371a-4b05-840a-7838e5ab4ac2,0.37959280100000004,0.5435510324036057,True
ef6343a4-c725-47cc-bb28-e6adabd8c4b1,0.379035037,0.5435510323345012,True
89f77c35-6760-45bb-802d-9fc287883523,0.37703446399999996,0.5435510320866394,True
125d220d-7224-4667-b479-e66a8b299910,0.376750539,0.5435510320514623,False
ee562f30-53a8-4ce0-86bb-446fcd307865,0.375885365,0.5435510319442709,True
2502c9cd-59e7-430e-923e-df970a996a9b,0.37577953299999994,0.5435510319311588,True
757bf34a-762b-482b-8e58-86d526a2c9fe,0.375551911,0.5435510319029576,True
796fd272-8a42-4569-aa66-d0de613d3927,0.37531887,0.5435510318740848,True
9fc44133-8a10-4ee3-814b-b102b972f4e3,0.374123253,0.543551031725953,True
952c34ec-4c50-43ca-b01d-d9e40d677d82,0.37230002100000004,0.5435510315000625,True
670ade2e-74c3-4024-a922-b8acc3f0c357,0.371121114,0.543551031354001,True
d29c6272-378a-4775-af83-cffa38bad540,0.370525865,0.5435510312802521,True
56fb08ef-90d8-4548-b601-013d32daa024,0.370074235,0.543551031224297,True
2c46d311-ae91-410f-b5ee-b1c07b077530,0.36983020299999997,0.5435510311940623,False
a7f7a3a0-63b3-4cb6-ae2e-93e1c7341f2c,0.36948305,0.5435510311510516,True
4e0a711a-f90f-41a6-bf48-c8c04b0aad6f,0.36921433,0.5435510311177583,False
724c7294-f7f7-4829-a320-cf2cc4342bb5,0.36918181200000005,0.5435510311137295,True
da31b14f-f83a-49f9-9623-bbc1e6185046,0.368951631,0.543551031085211,True
e463c7ab-66c0-47af-ac0a-c02e95d78c74,0.36871783700000005,0.5435510310562448,True
b521b1d3-08f8-49fa-b13e-d3f21cd1f1c0,0.367991465,0.5435510309662503,True
9ceb1d3d-48b1-4776-9f8e-15755d634076,0.36673262,0.5435510308102844,False
7ff077bc-3289-4fbb-b03b-32745c7c5d0e,0.36655648399999996,0.5435510307884619,False
38318f0c-fe0d-4f02-b2d7-8c49c993b9a2,0.366416629,0.5435510307711344,True
652be4ed-41d6-4f76-8a4f-2d5567625bc2,0.366108165,0.5435510307329169,False
b83322ac-91f1-4784-9262-dcde3cbb483a,0.365842004,0.5435510306999407,True
b0c251cc-0b95-439c-a5fa-9b56d6c8a210,0.36432859,0.5435510305124345,True
9be31d14-661a-4795-a54f-9c64de32d855,0.36080737700000004,0.5435510300761697,True
8bba974b-d1b2-4134-a833-7f59687ac238,0.36071328700000005,0.5435510300645122,True
68607165-c350-41a9-a242-9f880ea27da9,0.35934258799999996,0.5435510298946875,True
1292fd9d-f6d3-42c5-a097-f1121021a98b,0.35931759799999996,0.5435510298915915,True
f19a0f92-694d-4fa9-9cf0-045a333abae9,0.359282823,0.543551029887283,False
c28ae9f3-0622-415f-8a7a-db84592f497b,0.35901831799999995,0.5435510298545118,False
710c82f3-3d39-49dc-a051-48bffe21d949,0.358711209,0.5435510298164621,True
223d1866-827c-43ff-9f7b-92df3e8393e4,0.35848765200000005,0.5435510297887642,False
0f0d6e74-d32c-4264-9e41-a9b1ef871294,0.35788066,0.54355102971356,True
515b2917-5abc-4a52-9aa5-3c74b48a98b5,0.35582619299999996,0.5435510294590188,True
07f9bc1a-9cce-4cc6-823d-e1a6ed5172fb,0.355644336,0.5435510294364873,True
df78a111-d87c-4539-8f84-e28c21ee59ee,0.355538956,0.5435510294234311,True
ed390f97-404d-47a3-bdf8-33512ab1dc8a,0.35491751200000005,0.5435510293464363,True
becb684f-8bc1-4f58-b583-b8e29a5c55cf,0.354243529,0.5435510292629321,True
a599bdb3-657a-408c-b0b0-bd70234ed404,0.353608837,0.543551029184296,False
4d9233b5-cf43-4393-98fd-2b808549c1dc,0.353187466,0.5435510291320894,True
4e5e9d1d-6ec9-4c6b-b06b-1342a656afdf,0.352293388,0.5435510290213161,False
ba062f8f-3037-46ba-a72c-f17d82e584fb,0.35224190200000005,0.5435510290149372,True
c2ec290a-29b1-4274-9f5a-8657b57b38e7,0.35190694200000006,0.5435510289734367,True
5c13a1a1-f008-41ad-8ac7-e1ab306f25b3,0.350423486,0.5435510287896413,True
36e88a12-3391-4037-a4ef-08cb7636efee,0.350161541,0.5435510287571872,True
dfe7f705-a67a-4082-bb7b-c0558fda045f,0.349821162,0.5435510287150154,False
7f063ab7-65f0-46de-905b-7ec5903d84a3,0.347456876,0.5435510284220877,True
d50f6040-d895-4d4a-96a5-0d1cb0a270b6,0.34733779600000003,0.5435510284073339,True
8f8e7cce-e1e4-433c-8248-34782379a0b2,0.34684913100000003,0.5435510283467898,True
8e23ab2c-6e9e-49e4-ae8d-e9d6369369e9,0.343349898,0.5435510279132452,True
bdd9cd88-37dc-4d1a-be18-93c42c540ed3,0.34316126700000005,0.5435510278898743,False
cbb89d8f-56ab-4a5c-8bf9-597d9b1f944e,0.342802822,0.543551027845464,False
bd1423d5-315a-4c2c-8629-798762bdad7d,0.342621267,0.5435510278229698,True
65a21358-14f8-4afe-bc31-a578a0b129dd,0.342442873,0.5435510278008675,True
46dc9d95-6642-413e-8c88-e2f496807010,0.34221766,0.543551027772964,True
065b878c-6a1a-40a5-9213-b14a17bcae25,0.342124624,0.5435510277614373,True
bba3ee92-30ef-4d7f-b292-6cf28241e7b4,0.342120559,0.5435510277609337,True
2d9ff68d-1529-43f5-bf24-035e4bde6f4a,0.34185846299999995,0.5435510277284606,True
6081458a-ea4b-4e62-8e78-1ca23362911e,0.34147984600000003,0.5435510276815512,True
9cbd70cf-8ee3-4e29-af6b-340aabe5a044,0.34094240600000003,0.5435510276149637,True
cb6d2ece-a930-458a-974f-993f977ec03d,0.340549035,0.5435510275662261,False
94d0c2e6-9a50-4aa9-99f4-d349d3eae237,0.34028678799999995,0.5435510275337344,True
2a49b969-e5a4-4312-9588-026a5b1abd72,0.33971984200000005,0.5435510274634914,True
61ef87c8-5811-4d1a-a0e4-6bdb896d2ab3,0.33863577799999994,0.5435510273291787,False
de607ceb-9607-49a0-9c50-2b0db56b49cb,0.33606615,0.5435510270108084,True
616db447-83ea-45b2-9ec2-7a6e8c3c0d0b,0.33572155600000003,0.5435510269681141,True
37dd4ddd-8b47-4334-9231-4e75af64a18b,0.334693494,0.5435510268407397,True
a0674852-f27c-427a-8152-5aed6ea1d49e,0.334384729,0.5435510268024845,False
a69cb056-1fff-428b-9a75-f9ba5083544a,0.332422997,0.5435510265594306,True
3648098d-3a73-493b-bee2-b92760eb7f83,0.332179568,0.5435510265292702,True
c95e7a5c-ff4d-4880-9993-5c8f1cb5f48a,0.33150438,0.543551026445616,True
ead5f374-afd8-4b58-915e-a9d8f721a7ba,0.32917998800000003,0.5435510261576291,True
4bc87ec8-f0c0-4de8-8194-f7ebd7381bf4,0.32802923300000003,0.5435510260150529,True
34a6b46c-3d00-4306-a26b-be721cdf5d15,0.328015684,0.5435510260133742,False
e3fc3f97-3e96-4a08-9f98-dfc107fdd1aa,0.327386563,0.5435510259354275,False
ad444bce-945f-4869-81d1-c580fc4e6b86,0.32689549,0.5435510258745846,True
5544dd0d-81f6-4e53-8a03-88434e2aaae7,0.32660735,0.5435510258388845,True
e940dac2-4173-46a0-a5b4-887f5b26ced1,0.32644431100000004,0.5435510258186844,True
556e5748-9e58-444f-b1f4-0bfc18e39f5b,0.324985092,0.5435510256378902,False
c218105a-5ede-4210-9a59-2d37490d0ae4,0.324724803,0.5435510256056408,True
9e06b1b4-0370-44f3-841a-ab60395c70b1,0.324053981,0.5435510255225273,True
48b4a2d8-14df-408a-9152-9f56db3c8161,0.32151958,0.5435510252085197,True
169336de-20b1-4647-81da-8a801667eb5e,0.321287292,0.5435510251797396,False
702f14d8-938e-43ef-b1d3-a144944f2353,0.321267721,0.5435510251773148,True
a0a3f45b-0936-48a7-9996-88db01d23604,0.319772222,0.5435510249920252,True
05e27b6a-b22d-41d4-bba1-be138fda7013,0.318677469,0.5435510248563871,True
d54a3cbd-f520-4d9f-af92-102371c21d23,0.318214548,0.543551024799032,True
9622f4c9-1a8e-45bd-8ae8-f53cab8cfea5,0.313577205,0.5435510242244723,True
60e9dd39-5bb7-4689-adb6-571dda9ca4d0,0.313264225,0.5435510241856945,False
16f91422-8f2f-4146-9917-bfc455a9a0e2,0.311683367,0.5435510239898282,True
1affdc03-a84e-4022-800b-ce9eabf0843e,0.308354699,0.5435510235774104,True
c2b3410f-7286-4b62-83e4-9bbff7471e73,0.304378544,0.5435510230847692,True
e3395306-4ead-4c63-bb1a-f04aee3fde27,0.304112383,0.5435510230517921,True
27de8b80-4aae-44ce-8d3a-6b565a8e0c5c,0.302777664,0.5435510228864218,True
2b55a689-cf57-4daf-8b5c-07bd5c8a0d82,0.29995542399999997,0.5435510225367485,True
592f1167-b61b-4cfe-93fe-d85205560fce,0.299708834,0.5435510225061961,True
cc1389bf-9c75-499f-92f7-6275da0921c5,0.29960797,0.5435510224936992,False
d003ef8a-c6d8-4361-bfcd-088a5ed21b13,0.298936696,0.5435510224105288,True
1e49ae0c-fb50-4739-872c-bae7e7f70b99,0.298226883,0.5435510223225836,False
a4d242a5-35f2-4c84-a763-3e30a4c72cac,0.296942596,0.5435510221634612,True
cf6157b8-6a69-4e9e-b15b-61725ff9f176,0.295476604,0.5435510219818256,True
d950e33f-e779-481e-86ff-7cc3a0702ec3,0.295208787,0.5435510219486432,True
d6979217-c107-45b8-adfe-b7aea8923bbe,0.292837575,0.5435510216548513,False
aac32da9-464d-40a9-bef8-763ea3080586,0.292255424,0.5435510215827231,True
792402ce-62a0-42e2-b6c7-901f7e86d8e0,0.290205322,0.543551021328716,True
3278ee94-10bf-46c2-911d-165a0165aaef,0.289901676,0.5435510212910943,True
e23eacbb-d5d9-4d8e-b776-2d118255fd08,0.284637168,0.5435510206388227,True
064ae0db-089c-4001-a853-874b330d6a88,0.28449656100000004,0.5435510206214014,True
a240a02b-caf0-444a-ae51-b38e19d111f2,0.283589686,0.5435510205090396,True
def9cdf2-f588-4b2f-9208-cc657345a052,0.283094097,0.5435510204476361,True
fd51edb8-df33-4e77-a4de-4540264c7daf,0.280983627,0.5435510201861486,False
e456ccc9-c7a2-49ac-ab87-0bf5caf4713c,0.279451847,0.5435510199963608,False
e585e7b7-fa2c-4dfa-b93b-cbf72bbb3a5a,0.276063865,0.5435510195765888,False
cdd2656e-c3ce-4c2c-8174-640c273ce598,0.273862918,0.5435510193038905,True
3d8b7107-2bc9-4e10-ba4d-5ced733132e7,0.273537895,0.54355101926362,True
fe7e51a5-6991-46b4-aecf-a9569dcdcbc6,0.25385989800000003,0.5435510168254969,True
2fe97787-c888-445d-9f2b-83c49d79364b,0.252884979,0.5435510167047028,False
67fd582d-7972-40a9-8cec-8daea5213a72,0.250770896,0.5435510164427646,True
83365763-2e84-4d11-b2b9-e614ca6b0c0d,0.219231725,0.5435510125349867,True
8b18b345-1e43-424b-9207-b6dcaf2b86bd,0.201593443,0.5435510103495408,True
06776e05-b0fc-4fd6-bac8-5d941a2a8bf0,0.184613638,0.5435510082456683,True
