2.498032227926242e-08,2.545156097826367e-07,4.254948741275042e-06,0.9999889639366217,6.089767038916463e-06,1.8108292901029949e-07,8.556519649667003e-08,5.600518772724401e-08,4.212532567509603e-08,1.1602427327690065e-08,5.011457023794472e-09,3.2758910496313275e-09,2.4892955846896387e-09,2.033262936201751e-09,1.7351589882928155e-09,1.5263568519489295e-09,1.371810926581002e-09,1.252613365816488e-09,1.1570162030417024e-09,1.0788399862953876e-09,1.0138625016550184e-09,9.585094444241129e-10,9.106502076724814e-10,8.690768187006666e-10,8.324882767051341e-10,7.998278312309974e-10,7.70601129609738e-10,7.444297995316918e-10,7.208678841201632e-10,6.995630913167481e-10,6.801891862632682e-10,6.624209593565857e-10,6.460744827584329e-10,6.30984495666529e-10,6.169995720883384e-10,6.040248492609054e-10,5.919558745851984e-10,5.806507709654821e-10,5.700375023417225e-10,5.600606674983944e-10
2.4053000229087525e-11,1.2703210260484505e-10,2.504920449122381e-10,4.0595489978316416e-10,6.11821380993411e-10,8.989380355384615e-10,1.3324215047906853e-09,2.06432425656133e-09,3.5916160386674933e-09,5.8385185620220955e-09,7.170141566080251e-09,8.63754013665069e-09,1.0468035468595532e-08,1.2599608369294182e-08,1.5070776135768173e-08,1.811067082920225e-08,2.19493903111479e-08,2.6931533020368326e-08,3.314702924347293e-08,4.1269917983558805e-08,5.265148834740558e-08,6.797555313314264e-08,8.826424168969695e-08,1.1784787507519734e-07,1.604581377482645e-07,2.1309060357860358e-07,2.7689762450866235e-07,3.653168679803746e-07,4.972082813303628e-07,7.326356579354191e-07,1.2657196039155252e-06,2.5340020720618047e-06,6.615378017092324e-06,0.0001979135513136844,0.9995582488495633,0.00021282751136876663,1.116373865052738e-05,3.736059963352949e-06,1.8050322283709425e-06,1.091618870273704e-06
2.160340227261094e-11,1.226891245085774e-10,2.434770503392288e-10,3.949415107783614e-10,5.944046538976825e-10,8.70569168591118e-10,1.2831956806152663e-09,1.9681312621912822e-09,3.351601646109132e-09,5.300880807256406e-09,6.451448759865894e-09,7.70667251769477e-09,9.24526960281432e-09,1.101088054821551e-08,1.3028196286231746e-08,1.5460379119371942e-08,1.845669077668985e-08,2.222812559163109e-08,2.6789296032582602e-08,3.252024253293916e-08,4.012883196905538e-08,4.977730664406922e-08,6.173597746941883e-08,7.771921543754529e-08,9.858085241488975e-08,1.2253403152934219e-07,1.501401930913467e-07,1.8547554196860387e-07,2.3265129507512488e-07,3.015583011111788e-07,4.1069333990983385e-07,5.733114658813813e-07,8.323680975947341e-07,1.2774597034538859e-06,2.0667638436155474e-06,4.114652178275352e-06,1.774234188371539e-05,0.9999397472518773,2.564702098306618e-05,6.054961628372416e-06
2.6316191451398012e-11,1.310390254898467e-10,2.569596376708549e-10,4.1610855807921695e-10,6.278928445655491e-10,9.252123391019565e-10,1.378379728802839e-09,2.155511233096969e-09,3.828232617292975e-09,6.396347869694795e-09,7.924536613302304e-09,9.624059675549593e-09,1.178025150327306e-08,1.4325735768696553e-08,1.731701211207486e-08,2.1068776049549253e-08,2.592383987633188e-08,3.242485839713141e-08,4.0800212591642915e-08,5.22150234683478e-08,6.920012846136262e-08,9.37367049875572e-08,1.2897184672830838e-07,1.865674695151976e-07,2.82703999149291e-07,4.170219721986031e-07,5.929551199720423e-07,8.699165766660548e-07,1.366309977745226e-06,2.660297575301059e-06,1.0090033288278402e-05,0.9999066988677305,6.330083913903874e-05,6.205832850496251e-06,2.5427762973922266e-06,1.503020016385326e-06,1.0407705375009702e-06,7.348695250353204e-07,5.398034125730194e-07,4.1565298917979215e-07
3.9462932696784344e-11,1.542181327275489e-10,2.9426666952350763e-10,4.746605545801937e-10,7.209365333434103e-10,1.0789128196762757e-09,1.65339919816889e-09,2.730096014566543e-09,5.543257063438497e-09,1.1451534880622907e-08,1.514019517950053e-08,1.947849976221765e-08,2.5697400599142833e-08,3.375081421992436e-08,4.404361799769195e-08,5.8804182437695124e-08,8.169033801823616e-08,1.2144136206339295e-07,1.8823975768803596e-07,3.220993947476396e-07,7.339467063201862e-07,3.173633024962204e-06,0.9999625759276198,2.7975740634135536e-05,2.254764887792869e-06,6.878324175468568e-07,3.669364620465319e-07,2.444426837764485e-07,1.8163439947665354e-07,1.4483120049672055e-07,1.2060974162231694e-07,1.0241098032485292e-07,8.857304940449726e-08,7.782149471502352e-08,6.921986087533172e-08,6.240593863956241e-08,5.6898656587426615e-08,5.2123719635889925e-08,4.7976791516238784e-08,4.439724511855913e-08
3.0246430555070496e-11,1.379834877160468e-10,2.6815309462182345e-10,4.3367657133200363e-10,6.557426947858614e-10,9.709354466262963e-10,1.4591007447469164e-09,2.318997274979561e-09,4.27506492110836e-09,7.530474755847896e-09,9.484947219432737e-09,1.1693579272000544e-08,1.4584947431592307e-08,1.80838905146838e-08,2.2296015678102144e-08,2.7773004691777987e-08,3.5200255546654096e-08,4.578323976270406e-08,6.032763185956935e-08,8.198810271001787e-08,1.1899109624518598e-07,1.8280858649819536e-07,2.9819745228902467e-07,5.83601749958347e-07,1.7431691841672533e-06,1.1976100210397479e-05,0.9999436253200746,2.8501727917787902e-05,5.050606839312647e-06,2.4781426375200533e-06,1.5451075604694737e-06,9.663392179968877e-07,6.553324584882676e-07,4.780589789188072e-07,3.6606879502360084e-07,2.9528405576641884e-07,2.4678354186259635e-07,2.076859721237863e-07,1.7662361650216848e-07,1.5234733367946108e-07
2.885096179487979e-11,1.355228182344317e-10,2.6419402657078815e-10,4.2747156663136293e-10,6.459133347258339e-10,9.547932284892308e-10,1.43053965471316e-09,2.260762125480979e-09,4.112747733689138e-09,7.1064794176422726e-09,8.898677515099953e-09,1.0913402975310332e-08,1.3522312338383949e-08,1.6653600647137876e-08,2.039388402869742e-08,2.519888616124534e-08,3.1612359786013743e-08,4.05576698072749e-08,5.258847927040538e-08,6.997049800392743e-08,9.824314337838987e-08,1.4400370889331755e-07,2.200348306980629e-07,3.7872277360497337e-07,7.922061290831657e-07,1.851469620366878e-06,4.515536441529834e-06,1.791191183072004e-05,0.999878333412025,7.516943009221575e-05,1.2123029285392376e-05,3.3381998042271944e-06,1.5824777524525331e-06,9.472791631851748e-07,6.412702621400555e-07,4.811920907748555e-07,3.8327245163934054e-07,3.088028675790329e-07,2.52907993747651e-07,2.1149991586643222e-07
5.722428852370513e-11,1.854078844513779e-10,3.443491723777705e-10,5.534030703157945e-10,8.472121440398888e-10,1.2918439839968973e-09,2.05160844669062e-09,3.6554133325286097e-09,9.445614653387742e-09,3.8594546651812e-08,6.749035624453347e-08,1.1375462253589318e-07,2.581213097555784e-07,8.069261946641194e-07,3.884248637695198e-06,0.9999815467323403,9.95298906359559e-06,1.5607736927689139e-06,5.304898392030865e-07,2.829509958040513e-07,1.8676494814539055e-07,1.308189305351057e-07,9.605765803719482e-08,7.504563411934999e-08,6.072731589173644e-08,4.99898666414384e-08,4.216558611774851e-08,3.65268241118813e-08,3.230588140288664e-08,2.906393055518269e-08,2.6487355734403272e-08,2.4329550565473037e-08,2.2511020849608015e-08,2.09630312707061e-08,1.962627488249842e-08,1.8477903372695354e-08,1.748318992739369e-08,1.6588933612168025e-08,1.5782560039322388e-08,1.5056878807123036e-08
2.95478145012374e-11,1.3675251132242728e-10,2.661738869974006e-10,4.305763987922623e-10,6.508337510994172e-10,9.62875081100749e-10,1.444834508384809e-09,2.2898639198948834e-09,4.193442455929471e-09,7.315568074205729e-09,9.18748933458807e-09,1.1297554989597387e-08,1.4045077475854993e-08,1.735679653967385e-08,2.1328817315652492e-08,2.6463543007622236e-08,3.337345246186597e-08,4.311776291625578e-08,5.6372495325071035e-08,7.582808435361881e-08,1.0828590324101122e-07,1.625936457434602e-07,2.569517044229478e-07,4.717722611414664e-07,1.161956576281347e-06,3.919567588926283e-06,2.3220722336335756e-05,0.9999315727550717,2.3650752638602025e-05,6.765541468929781e-06,3.296465976990385e-06,1.6458077613337546e-06,9.771459693058847e-07,6.580647181963317e-07,4.782010923306967e-07,3.735597362755023e-07,3.05435701800532e-07,2.519436008072916e-07,2.10536826427513e-07,1.7896777510938085e-07
0.9999998530228452,4.289223264492888e-08,1.8213772797979665e-08,1.2976562329053623e-08,1.075307787258167e-08,9.059097769275987e-09,7.91993677836448e-09,7.11649969774519e-09,6.53982510400248e-09,4.484811537143543e-09,2.8946532424333396e-09,2.173867058508355e-09,1.77080200458033e-09,1.5091677030538172e-09,1.3253521310194084e-09,1.1899567433143494e-09,1.085976365071242e-09,1.0034816178305122e-09,9.35836505024236e-10,8.794999647018763e-10,8.31954708184519e-10,7.909358895742764e-10,7.55083022476256e-10,7.236369662125406e-10,6.957286719251899e-10,6.706344932939104e-10,6.480283695505436e-10,6.276602217388205e-10,6.092201778079479e-10,5.92461421478263e-10,5.771509036209849e-10,5.630513885166351e-10,5.500304699187349e-10,5.379678681835877e-10,5.26752136504144e-10,5.16314343660154e-10,5.065771138905354e-10,4.974326572205156e-10,4.888269782534509e-10,4.807186568070786e-10
5.4118638316875113e-11,1.799861568480437e-10,3.356926628519713e-10,5.398536162140896e-10,8.255253075192667e-10,1.255197334021331e-09,1.9822674063965083e-09,3.4875615622315954e-09,8.608813933684429e-09,2.9325665888902116e-08,4.683400805297311e-08,7.18655735403334e-08,1.2887586971298466e-07,2.5098998580038144e-07,4.966956157115473e-07,1.215084231161999e-06,6.524092914481874e-06,0.9999871128018822,2.028610351164812e-06,6.617540459316712e-07,3.666448451312691e-07,2.245243315143955e-07,1.4923467248424275e-07,1.0942351986874762e-07,8.450680817292932e-08,6.69012790046739e-08,5.476816431323985e-08,4.642714954752262e-08,4.039946801209802e-08,3.5895689133281716e-08,3.2390400585953685e-08,2.949551641637448e-08,2.7086572798370926e-08,2.5058888228059115e-08,2.3324496231570437e-08,2.18488915929746e-08,2.0581589297205236e-08,1.9448159385013206e-08,1.843126775305896e-08,1.752095190122817e-08
4.97033512100704e-11,1.7224907437649446e-10,3.2329223726397023e-10,5.203780832317766e-10,7.942794026605193e-10,1.2023601020643618e-09,1.8826545659868545e-09,3.250823339396861e-09,7.533103150234783e-09,2.1022579726886112e-08,3.0882623062596974e-08,4.373330602447128e-08,6.700047098438105e-08,1.045068069905997e-07,1.628407316791554e-07,2.795371904699518e-07,5.883598763995807e-07,2.3976426741613904e-06,0.999973446323349,1.8246322597025564e-05,2.438907898915456e-06,7.483668826168705e-07,3.5413567491377395e-07,2.1923737428517537e-07,1.5142642522836893e-07,1.0987533632546842e-07,8.451889301061639e-08,6.867202845808361e-08,5.796468135268781e-08,5.0358586854964234e-08,4.465424613665158e-08,4.005356345354901e-08,3.630659405527799e-08,3.321179107886594e-08,3.060652062828607e-08,2.8425922059791514e-08,2.657956122901372e-08,2.494181935713398e-08,2.3484388838166972e-08,2.2190933549875567e-08
2.0506388831970855e-11,1.2074448251799552e-10,2.403381481781931e-10,3.9001923569342754e-10,5.866335988454851e-10,8.579631437051535e-10,1.261486140965844e-09,1.92621501020355e-09,3.2502494835380498e-09,5.0823124901320645e-09,6.1618409263213815e-09,7.334484755088759e-09,8.761567354007256e-09,1.0389512827274091e-08,1.2238748943144312e-08,1.445095376112e-08,1.715087218219944e-08,2.05104902795902e-08,2.4528040014328812e-08,2.9504185233675714e-08,3.5983903105470735e-08,4.403384778912549e-08,5.3798635532255245e-08,6.649287631331304e-08,8.258585553306835e-08,1.0071099854454438e-07,1.2131432709817363e-07,1.471324121596561e-07,1.8072019835592517e-07,2.2775396665347673e-07,2.9750503270576823e-07,3.946884365791576e-07,5.372454478457336e-07,7.587323760410973e-07,1.1128723832702404e-06,1.8638761935199798e-06,4.365740650442335e-06,1.9108414869810568e-05,0.999924544938368,4.571079910148802e-05
2.8155198812244907e-11,1.3429274988642462e-10,2.622101153952969e-10,4.24355592422355e-10,6.409692973130841e-10,9.466670934739614e-10,1.4161711317413287e-09,2.231589843821509e-09,4.032656337465422e-09,6.902117105743146e-09,8.61687589501477e-09,1.0538818580077409e-08,1.3013322847090063e-08,1.596960162704732e-08,1.9484797755454204e-08,2.397022140257006e-08,2.990469029928852e-08,3.808520252195321e-08,4.895114164715092e-08,6.4382654795689e-08,8.881527781338825e-08,1.2697704455166675e-07,1.8742331044702077e-07,3.0310631138124315e-07,5.545362473140797e-07,1.0338056456452638e-06,1.8591379126777337e-06,3.719998547889596e-06,8.517604759677793e-06,4.377318941300287e-05,0.9999250658069372,7.575149666158354e-06,2.631049614249864e-06,1.374384489366416e-06,8.600705707872938e-07,6.193950601122892e-07,4.807056629284708e-07,3.7808708156898604e-07,3.033062993498765e-07,2.494710483227328e-07
6.121889716857874e-11,1.9231681370227844e-10,3.552694734075762e-10,5.703145956430898e-10,8.739837161529835e-10,1.3365622544197686e-09,2.135329232061415e-09,3.857862097246372e-09,1.0521528334681116e-08,5.6501329493123504e-08,1.1511666044259225e-07,2.2486873861833562e-07,8.739349208614498e-07,0.9999904511752606,5.652568092358784e-06,9.821625413479688e-07,4.5324310576309366e-07,2.7052022737828454e-07,1.7121405179139362e-07,1.2012636542053293e-07,9.174922442903905e-08,7.198772820097498e-08,5.776666987272086e-08,4.800326125647709e-08,4.074238036213346e-08,3.493579130743184e-08,3.043948521611452e-08,2.702365301785862e-08,2.4360210258956337e-08,2.2246192398433377e-08,2.052231640121507e-08,1.905229816387166e-08,1.7792959588439806e-08,1.6705316805387832e-08,1.575435609171915e-08,1.4927257370705542e-08,1.4202937146812971e-08,1.3547069783292794e-08,1.2951564976081864e-08,1.2411881764623706e-08
6.887856459146548e-11,2.0545422457513166e-10,3.758401178131521e-10,6.018492309897632e-10,9.233746687159478e-10,1.4181238043427394e-09,2.2864305646878728e-09,4.2238762007961305e-09,1.2672951793756608e-08,1.6113693070244305e-07,8.975297431954797e-07,4.5944858411482685e-06,0.9999924578696282,8.258578256698397e-07,2.600925503430835e-07,1.4664816769011975e-07,1.0047030195290215e-07,7.572354437164089e-08,5.889862187795992e-08,4.771378571800747e-08,4.012433384685294e-08,3.422471278986809e-08,2.9530233942998255e-08,2.5947531400755823e-08,2.307094506731856e-08,2.063558678014332e-08,1.863072186178139e-08,1.7016095520798815e-08,1.5695776415275364e-08,1.4605067579865975e-08,1.3686549295262626e-08,1.2885220765810951e-08,1.2184054513109234e-08,1.1566802755268098e-08,1.1018086941307202e-08,1.053272061477587e-08,1.0101146812370732e-08,9.706435542747006e-09,9.344574958525355e-09,9.013369812937588e-09
2.8619364022576113e-11,1.3511396459293607e-10,2.635355407705774e-10,4.2643873019974127e-10,6.442765948590195e-10,9.521060550346188e-10,1.4257922550894165e-09,2.251124041291446e-09,4.086225814978577e-09,7.038528283648021e-09,8.805040246446064e-09,1.0789078174560975e-08,1.3353550127453609e-08,1.6427106360355407e-08,2.0093366482445923e-08,2.4793433483597796e-08,3.104975238744307e-08,3.9744083741319674e-08,5.139324408166712e-08,6.813607725899043e-08,9.51445913264411e-08,1.3839015109961568e-07,2.0922607679357088e-07,3.532018714530525e-07,7.070491511641866e-07,1.5296192700188915e-06,3.358942414377184e-06,9.826881832369606e-06,7.656154025978587e-05,0.9998615974540367,3.5167152716384125e-05,4.646887517532923e-06,1.9256096741072932e-06,1.0890002628237084e-06,7.14778033983556e-07,5.276030713586473e-07,4.1592572284447627e-07,3.320384098794783e-07,2.69835471472153e-07,2.2426396394968071e-07
3.427584022055541e-11,1.4507624104267748e-10,2.7954954621152964e-10,4.51528820409396e-10,6.840472628706665e-10,1.017558036476315e-09,1.5421797743272117e-09,2.4912841333428404e-09,4.778338841263425e-09,8.944819324824633e-09,1.147114413954344e-08,1.4367042772068196e-08,1.8284551625661913e-08,2.3136938126871355e-08,2.9100419895594895e-08,3.712327468673067e-08,4.850649978973887e-08,6.578248735436063e-08,9.0989411451328e-08,1.3192807634309726e-07,2.132110960379305e-07,3.8280613635839365e-07,7.750312363753115e-07,2.643808475581017e-06,0.9999834611718651,7.540071806274933e-06,1.4036934050524234e-06,7.461236586302717e-07,4.934637306617537e-07,3.6537924631537744e-07,2.879200191010326e-07,2.3057688115697954e-07,1.8925541709877951e-07,1.5889712459118836e-07,1.357358338753802e-07,1.1839919121410574e-07,1.0503967441458504e-07,9.368546704475485e-08,8.40729951585026e-08,7.602437803026156e-08
4.5669982987576e-08,0.9999990516173634,4.473729229779308e-07,1.5699016961470762e-07,1.0277176527006825e-07,5.759560190974598e-08,3.9351459901722765e-08,3.023170994269936e-08,2.4864003344633527e-08,9.607453738275692e-09,4.5686832522936595e-09,3.0673909008089003e-09,2.3596318887418103e-09,1.941187544929737e-09,1.6643574327302126e-09,1.4688693983759327e-09,1.3233269969158973e-09,1.2105757773166761e-09,1.119838555570856e-09,1.0454286723375082e-09,9.8343731496113e-10,9.30527286544225e-10,8.847059803503251e-10,8.448451421475423e-10,8.097200168966915e-10,7.783323348927229e-10,7.502168795656531e-10,7.25017439895007e-10,7.023116096893905e-10,6.817652673597467e-10,6.630682207203556e-10,6.459103878379286e-10,6.301166044754551e-10,6.155292520199631e-10,6.02003693065751e-10,5.894494253075107e-10,5.777665722742264e-10,5.668190727561646e-10,5.56537919867154e-10,5.468700445581065e-10
7.069093973673354e-11,2.0853911774652765e-10,3.806278779906758e-10,6.091160519333146e-10,9.34629619997494e-10,1.436459886206211e-09,2.3198760664815655e-09,4.304042588414291e-09,1.3172159604442625e-08,2.306891740564305e-07,9.072008941790453e-06,0.9999856160058341,3.755176382590317e-06,4.5535182398691775e-07,1.8539310933834524e-07,1.12953712256641e-07,8.044433558210791e-08,6.214478897711995e-08,4.940650715693185e-08,4.069972459385974e-08,3.4647915146505885e-08,2.9882250127357025e-08,2.6042701818457564e-08,2.3069220354145508e-08,2.0655883430675962e-08,1.8596549316415424e-08,1.688579397036168e-08,1.5495183007286038e-08,1.4349073916627925e-08,1.3395808225835464e-08,1.2588527395491425e-08,1.1881414609979243e-08,1.1260334826917942e-08,1.0711689778672316e-08,1.0222485985111424e-08,9.788414359870983e-09,9.401344880239504e-09,9.046671085452968e-09,8.720920632240316e-09,8.422205400146861e-09
5.950123245471083e-11,1.893552717760775e-10,3.5060459904026414e-10,5.631174914542679e-10,8.626362363667047e-10,1.3176929221723866e-09,2.100165796940454e-09,3.773022413396808e-09,1.0062757959749464e-08,4.780342092679651e-08,9.07568705403466e-08,1.6626839342065195e-07,4.954737128937207e-07,5.698015127952013e-06,0.9999871027148942,3.7706882285967294e-06,9.79882409452823e-07,4.775399906884216e-07,2.6019757562483816e-07,1.6746638120298137e-07,1.2156810244216961e-07,9.158694550787452e-08,7.113065271719935e-08,5.773881115787612e-08,4.810768400754192e-08,4.0596400050971766e-08,3.4917994095886625e-08,3.069429396606643e-08,2.7455005983068273e-08,2.4918329480193517e-08,2.2871667903020496e-08,2.1139544430493063e-08,1.9665822358587956e-08,1.840075737860261e-08,1.7300444838601805e-08,1.634840419900111e-08,1.551851244442583e-08,1.4769360357952766e-08,1.4091158027354735e-08,1.3478359271217282e-08
4.700176083549078e-11,1.674976798949682e-10,3.156498230019739e-10,5.083388846835194e-10,7.749284148732051e-10,1.1696396001373273e-09,1.8212564428138038e-09,3.107683534308821e-09,6.936748239925212e-09,1.7546734821346785e-08,2.4839358971871882e-08,3.3980503617738404e-08,4.9122978586081573e-08,7.137988447378352e-08,1.0313814894656682e-07,1.5804965553996038e-07,2.7239547416586326e-07,5.959695484215391e-07,1.6256015150579877e-06,8.55914105988915e-06,0.9999834318117851,2.841501422180058e-06,7.236641430430634e-07,3.7284319671744426e-07,2.3186721486328428e-07,1.5583674764332113e-07,1.1388077606498273e-07,8.954035553446655e-08,7.389621842541834e-08,6.318033203203943e-08,5.534761805445556e-08,4.912575022579781e-08,4.412923932451839e-08,4.005336719102412e-08,3.6657675508937406e-08,3.3846559703317324e-08,3.148877837241845e-08,2.940783501715747e-08,2.756544204835378e-08,2.593953417068068e-08
7.159283423946073e-11,2.1006073490576388e-10,3.8296499429910273e-10,6.126190583015611e-10,9.39971049995368e-10,1.4449862450169054e-09,2.3349931337299353e-09,4.338831726659264e-09,1.337753783138282e-08,2.6957541599338833e-07,0.9999887198480161,8.615617052958916e-06,1.2767939344194272e-06,3.3248113769682766e-07,1.5408813305912415e-07,9.811180214811649e-08,7.146694256589529e-08,5.599982273401138e-08,4.505302485250887e-08,3.745019362916286e-08,3.209426688832072e-08,2.784288147552413e-08,2.4393124847747848e-08,2.17006027421353e-08,1.950232336567711e-08,1.7617997496301633e-08,1.6044866290186532e-08,1.4759822129949784e-08,1.3696307076492635e-08,1.2808540158411168e-08,1.2054476888499848e-08,1.1392530101532296e-08,1.0809925660889905e-08,1.029430351451686e-08,9.833786371922737e-09,9.42448461064686e-09,9.058945832145322e-09,8.723649947340117e-09,8.415387010549675e-09,8.13241858223946e-09
1.9628507215176162e-11,1.1918216484235708e-10,2.3780568933642564e-10,3.860377995691407e-10,5.803506946970181e-10,8.477614137484956e-10,1.243906552672234e-09,1.892498042270549e-09,3.1699016042486793e-09,4.9120916582490155e-09,5.936940258831858e-09,7.04636285548605e-09,8.389203724462868e-09,9.914219063928714e-09,1.1639058577261083e-08,1.3691428055726553e-08,1.6180160745190425e-08,1.9252155798329647e-08,2.289767132274857e-08,2.7370125512594852e-08,3.3118792740613707e-08,4.017400786397118e-08,4.8633547084441795e-08,5.9413276868056066e-08,7.277359719646219e-08,8.76286145322422e-08,1.0429928219399387e-07,1.2474432108041818e-07,1.506552712115253e-07,1.8572843882575414e-07,2.356722229347847e-07,3.025885302833459e-07,3.9621832778768146e-07,5.335811128170769e-07,7.40216932646134e-07,1.1315178052546456e-06,2.101257477245034e-06,4.809023900205198e-06,1.7527376909957418e-05,0.4522874318904334
8.611269860607345e-11,2.343497318395157e-10,4.1987483706103837e-10,6.672214716846457e-10,1.021854714430484e-09,1.572741651251861e-09,2.5539831074817507e-09,4.817698387556767e-09,1.602700188894421e-08,0.9999988110173633,6.168797331218469e-07,1.259669747712185e-07,7.217265016422342e-08,4.7951751431569846e-08,3.505978333941075e-08,2.7748882666807128e-08,2.3076996329922404e-08,1.983440470631443e-08,1.732146427346098e-08,1.5384207362849006e-08,1.3881641568651845e-08,1.2624636135275804e-08,1.1552758324230673e-08,1.0662317597590236e-08,9.90013735510153e-09,9.22401880465099e-09,8.63556026356001e-09,8.132810108351672e-09,7.700079226691254e-09,7.325939268507066e-09,6.998607597782049e-09,6.705024463612747e-09,6.44125710401164e-09,6.203327903577092e-09,5.9872108089733664e-09,5.7917276228985215e-09,5.614284668445866e-09,5.449751298922716e-09,5.2968860085541935e-09,5.155032832552007e-09
5.609124560504597e-11,1.8343449093106137e-10,3.412062220484138e-10,5.484962131900078e-10,8.393782485441627e-10,1.2786386889705253e-09,2.0266675602286144e-09,3.5949512678450315e-09,9.137842072025412e-09,3.4822206680892343e-08,5.873960089553263e-08,9.536370773857665e-08,1.9550667195277027e-07,4.851467562612259e-07,1.3583635874369762e-06,1.084671091177399e-05,0.9999797376179013,4.882149977336768e-06,8.248123472171275e-07,3.806525270472456e-07,2.3652809111841825e-07,1.5836988508099661e-07,1.1244882746241782e-07,8.594994076677006e-08,6.842761155498986e-08,5.556472156385396e-08,4.637584330878787e-08,3.986422518692633e-08,3.5051352142069276e-08,3.139156028483723e-08,2.8505102330994865e-08,2.610034762788767e-08,2.4083245176922855e-08,2.2373369744076043e-08,2.0902047493540697e-08,1.964257741214291e-08,1.8555062360962415e-08,1.7579300822806483e-08,1.6701108847340308e-08,1.5912350963310103e-08
2.7581342482698924e-08,4.224993458748371e-07,0.9999943224275581,3.883849366310192e-06,9.841194249497043e-07,1.476701679984427e-07,7.555241660072993e-08,5.0884026611326114e-08,3.8845591097658155e-08,1.131152403378577e-08,4.951050565264294e-09,3.2477293950723607e-09,2.4717859901872116e-09,2.020799811379044e-09,1.7255455022967713e-09,1.5185254433884977e-09,1.365184850435096e-09,1.246850924847934e-09,1.1519056763197006e-09,1.074235291139664e-09,1.0096593174999395e-09,9.546352276277337e-10,9.070508260508021e-10,8.657086853361759e-10,8.293180156529923e-10,7.968299173841252e-10,7.677538803765229e-10,7.417144455848113e-10,7.182688107374852e-10,6.970671154304832e-10,6.777852848977341e-10,6.601001652131487e-10,6.438289998894238e-10,6.288075546273192e-10,6.148853197130083e-10,6.019680113916651e-10,5.89951793206062e-10,5.786955872844514e-10,5.681277644041879e-10,5.581932352177686e-10
4.888936841229605e-11,1.7081975827251748e-10,3.2099687496208805e-10,5.167674455430953e-10,7.884827152738605e-10,1.1925654268947593e-09,1.8642666887201338e-09,3.2077709824548555e-09,7.349875058930319e-09,1.988696578786453e-08,2.8872432348325585e-08,4.044138740585719e-08,6.079488933109744e-08,9.262759723899247e-08,1.4079706395139906e-07,2.3288332701297853e-07,4.595618312728053e-07,1.4491111172284732e-06,1.944385350240507e-05,0.9999690346761877,6.306597826998224e-06,1.0710559754503194e-06,4.3815885408545337e-07,2.571920189106665e-07,1.7218673040397622e-07,1.2212264123881918e-07,9.250985926240447e-08,7.442120324245181e-08,6.23863559680701e-08,5.393296339433012e-08,4.764388186698043e-08,4.2596729269522334e-08,3.850461726263423e-08,3.513807712601547e-08,3.231342616332405e-08,2.9957266758939417e-08,2.7968129164128602e-08,2.6206659668002424e-08,2.4641715850956554e-08,2.3255310713178056e-08
3.1417491225141113e-11,1.4004492897358247e-10,2.7146481920637855e-10,4.388610807755339e-10,6.63951258074273e-10,9.844220709500998e-10,1.4830187267891781e-09,2.368098489089171e-09,4.4147347105299885e-09,7.906903182271342e-09,1.000823142661067e-08,1.2392268253328091e-08,1.5541387243204118e-08,1.937660055805337e-08,2.4020241263817385e-08,3.01152202387119e-08,3.8483445620511496e-08,5.0610337376242446e-08,6.75468187888563e-08,9.335722748144e-08,1.3917855928707828e-07,2.2202428326634877e-07,3.808713777590605e-07,8.287737470769484e-07,3.7443757880926954e-06,0.9999677494444343,1.7905246389901312e-05,3.096644914295803e-06,1.5338730644624497e-06,9.954246047360474e-07,7.23900543390775e-07,5.265793730414942e-07,3.980208410716081e-07,3.12744305612745e-07,2.526867613294258e-07,2.1125566785223027e-07,1.81221916381562e-07,1.5633113197153003e-07,1.3595892038756372e-07,1.195491513614157e-07
2.4277215206006014e-11,1.2742892590882046e-10,2.511321896307673e-10,4.0695893439092336e-10,6.134081672726858e-10,9.015255910558893e-10,1.336928012052975e-09,2.07319482381452e-09,3.6142213426213814e-09,5.890536661592264e-09,7.2400118974193465e-09,8.728360075864606e-09,1.0587933483745526e-08,1.2756133674701728e-08,1.5272912380741554e-08,1.8374450510444293e-08,2.229976793855262e-08,2.7408643198446137e-08,3.3800377029735776e-08,4.218419183203808e-08,5.399180729444609e-08,6.998182928283494e-08,9.128817372019657e-08,1.2262368305276874e-07,1.682153410599826e-07,2.249181751235896e-07,2.9390897092472745e-07,3.901848964816253e-07,5.353287460771089e-07,7.99805227098725e-07,1.422826233625289e-06,2.9642574173547392e-06,8.533607409098382e-06,0.9997541196375234,0.00020065124255580068,1.771159420851948e-05,6.375940811608233e-06,2.789412104691057e-06,1.4991986037309813e-06,9.53225058615602e-07
2.2933300853387078e-11,1.2504677552054063e-10,2.4728418281100225e-10,4.009164300423848e-10,6.038495528456375e-10,8.859332953286512e-10,1.3097894176069048e-09,2.0199004941720826e-09,3.479478932646002e-09,5.583754331175263e-09,6.8284371484095744e-09,8.193702907492662e-09,9.882892828094834e-09,1.1836572719195631e-08,1.408621090249152e-08,1.6827557642631984e-08,2.0248917489474934e-08,2.4624746418804015e-08,3.000241171822572e-08,3.6896957744640024e-08,4.630466904043198e-08,5.859649766270059e-08,7.433420284222797e-08,9.628252010014466e-08,1.2629595122926568e-07,1.619274171507107e-07,2.0393375410537917e-07,2.5959685392075355e-07,3.373884023936718e-07,4.606069629714202e-07,6.846491100273416e-07,1.0765501541238663e-06,1.8469477162773795e-06,3.594392332296286e-06,7.65892744254664e-06,2.6881063412152447e-05,0.999933128139705,1.6743540014260185e-05,4.306614201960338e-06,2.0387223698678824e-06
4.304500572462574e-11,1.6052839956356492e-10,3.0442626014693544e-10,4.906506436680064e-10,7.465276887084443e-10,1.1217774583813633e-09,1.7321968419858736e-09,2.9047016432511775e-09,6.156944788599346e-09,1.3846943948299076e-08,1.881588024684394e-08,2.4801382731236586e-08,3.386645607831748e-08,4.614067815348984e-08,6.243075274125061e-08,8.731706476709179e-08,1.2975793991877934e-07,2.1579201587611255e-07,3.8459541135124897e-07,8.038793261922823e-07,3.93739384479912e-06,0.9999867918734584,4.441638783363629e-06,1.132453520454248e-06,5.219574583054208e-07,2.9209496015190033e-07,1.9135702950917494e-07,1.409557025017577e-07,1.1145715608807671e-07,9.255429978776769e-08,7.935219341907756e-08,6.912222600609496e-08,6.109884021289248e-08,5.4689979727834605e-08,4.944324675447431e-08,4.5181740931017406e-08,4.166499493266788e-08,3.8585448701206764e-08,3.5881694272293695e-08,3.351845120948996e-08
2.3828009040613105e-11,1.2663300206300686e-10,2.498468275019206e-10,4.049408058297657e-10,6.102155772422025e-10,8.963147521804473e-10,1.3278458089547637e-09,2.0553103770216262e-09,3.568677297140846e-09,5.785864541028994e-09,7.099299904266683e-09,8.545269115572136e-09,1.0345976253573665e-08,1.24399018662462e-08,1.486399346835008e-08,1.7840102041533217e-08,2.1589047226360834e-08,2.6439661012839737e-08,3.24717438111913e-08,4.032262746409058e-08,5.1260342995253814e-08,6.589034110903282e-08,8.511581122961083e-08,1.1286763535165629e-07,1.5235916584610127e-07,2.0065500296117874e-07,2.5877699083363313e-07,3.3840611113718095e-07,4.5522312908849233e-07,6.574007184408836e-07,1.0882557060799682e-06,2.017886279844221e-06,4.500248336705741e-06,1.753787253228216e-05,0.0002185175442188805,0.9997277539801561,1.8150853691177903e-05,4.5528490178901385e-06,2.0671119843794876e-06,1.2118979937084493e-06
3.9210737348615145e-11,1.5377359447407985e-10,2.9355068736282864e-10,4.735338416796349e-10,7.191352497859061e-10,1.0759033816772203e-09,1.6478976166099808e-09,2.718067354383226e-09,5.5027271650376816e-09,1.1306346358869976e-08,1.4922589018871314e-08,1.916939229707817e-08,2.523669935196542e-08,3.307280191471226e-08,4.306455066667414e-08,5.733874088652161e-08,7.93493163770513e-08,1.1724571669627404e-07,1.803261617242477e-07,3.049750644804222e-07,6.752422209454549e-07,2.605628095347907e-06,2.7752867648717485e-05,0.9999629465531686,2.6552805021129823e-06,7.390431095084544e-07,3.864906330490889e-07,2.553615040320359e-07,1.8880130275605505e-07,1.5005784108428598e-07,1.2467092389459353e-07,1.05635953980216e-07,9.119677531040182e-08,8.000265381395781e-08,7.10633080599488e-08,6.399629143063413e-08,5.829411081714266e-08,5.335398027750065e-08,4.9067336544639425e-08,4.5370989339818425e-08
2.5860408576999702e-11,1.3023229650182626e-10,2.5565760667072896e-10,4.1406395044252863e-10,6.246540122113584e-10,9.199087433570416e-10,1.3690736636024908e-09,2.136928462275856e-09,3.779277964228444e-09,6.278556931056761e-09,7.764422890439724e-09,9.413766476833188e-09,1.1498971410040887e-08,1.395367269381311e-08,1.683017598786168e-08,2.0423387030773572e-08,2.5049332065994697e-08,3.120246957131165e-08,3.907502635861858e-08,4.970695517911717e-08,6.531752305673913e-08,8.750996501580057e-08,1.1877897670443367e-07,1.684911350704343e-07,2.483287923131228e-07,3.5598766528498566e-07,4.937284344837922e-07,7.028579180939476e-07,1.0595242071773935e-06,1.89173932866798e-06,5.405925024614143e-06,6.362883516353888e-05,0.9999041658829965,1.203999996354518e-05,3.846280022568721e-06,2.0648020419803896e-06,1.359430786871514e-06,9.136314929256761e-07,6.462893598078191e-07,4.847318749959039e-07
2.2522004187341714e-08,1.645459172151946e-07,8.34513703126107e-07,6.72878036157234e-06,0.999991798521637,2.055583748943046e-07,9.324677715999183e-08,6.007021025286528e-08,4.477793361114598e-08,1.1824803212655878e-08,5.057589956472338e-09,3.2976411555912096e-09,2.502966070930273e-09,2.0430855841533462e-09,1.7427973976266896e-09,1.532622870154627e-09,1.3771447263919945e-09,1.2572766637609994e-09,1.1611713345371998e-09,1.0825994500491763e-09,1.017306984636129e-09,9.61695016075137e-10,9.136187885144013e-10,8.718623793315719e-10,8.351168457519542e-10,8.023192849021478e-10,7.729724558594537e-10,7.466957848044886e-10,7.230408550602298e-10,7.016534777113869e-10,6.822057168976819e-10,6.643707257665304e-10,6.479636620923011e-10,6.328184612946485e-10,6.187829756512881e-10,6.057618951365726e-10,5.936502808970394e-10,5.823056092980648e-10,5.716555242431286e-10,5.616443829871167e-10
7.3337303897466726e-09,1.826749945202591e-08,3.635823306708313e-08,8.158388385875955e-08,4.304932632171289e-07,0.9999864993143986,1.1819688170948618e-05,7.349522859459472e-07,3.1735192238710645e-07,1.620115221583331e-08,5.837069720360808e-09,3.6571620192068075e-09,2.7282890206251187e-09,2.2052680923778086e-09,1.869305665500566e-09,1.636761876108171e-09,1.4660947784250974e-09,1.3352956908025413e-09,1.2308935452490575e-09,1.1458528452780823e-09,1.0754040457135876e-09,1.0155458503052427e-09,9.639043007837463e-10,9.191364491146968e-10,8.798036608206666e-10,8.447422683000257e-10,8.134090297241692e-10,7.853886045469458e-10,7.60192523892283e-10,7.374357197333252e-10,7.167623253926318e-10,6.978182673110767e-10,6.804038735275837e-10,6.643399282675952e-10,6.494623902933608e-10,6.356687654483501e-10,6.228461485760976e-10,6.108411139375004e-10,5.995760832413143e-10,5.889914916752998e-10
7.058052172206022e-09,1.7323055603125807e-08,3.412625155518853e-08,7.52247759730796e-08,3.5246113216575905e-07,1.2319937877144428e-05,0.9999857342657189,1.0130350220067162e-06,3.9157816653094474e-07,1.6411650669336168e-08,5.870083361112223e-09,3.6722942388616653e-09,2.7378525575923897e-09,2.2122205346325023e-09,1.8747795775081658e-09,1.641305604964939e-09,1.4700043343647216e-09,1.3387468867451863e-09,1.2339950720309183e-09,1.1486805773137081e-09,1.0780127212179283e-09,1.0179733515885077e-09,9.661790489506316e-10,9.212817631257324e-10,8.818374068905345e-10,8.46678031614493e-10,8.152585597267852e-10,7.871622693228041e-10,7.618990077373583e-10,7.390824078470473e-10,7.18355408954538e-10,6.993627523652676e-10,6.819041431286933e-10,6.657998068337017e-10,6.508851920540208e-10,6.370575072566896e-10,6.242035075849189e-10,6.121692810696935e-10,6.00877027393928e-10,5.902670178878812e-10
5.351876015321405e-09,1.191872589514051e-08,2.1798842165655443e-08,4.197128779276714e-08,1.0942880420969497e-07,2.965603444754095e-07,1.218885691793629e-06,0.9999795579200346,1.8679186304334968e-05,1.7607213809150572e-08,6.064065969653589e-09,3.764713038228754e-09,2.7979685269975464e-09,2.25687386030367e-09,1.9105223197889045e-09,1.671365090008699e-09,1.4961443451241575e-09,1.36202601222958e-09,1.2550710257385732e-09,1.168017698004953e-09,1.0959495816552109e-09,1.034744338072445e-09,9.81960844120291e-10,9.362211556257514e-10,8.960471403125961e-10,8.602437525872428e-10,8.282552458748443e-10,7.996568040268112e-10,7.73947644826204e-10,7.507332066718823e-10,7.296487446399203e-10,7.103311833168274e-10,6.925762885097847e-10,6.762007218356524e-10,6.610366319920181e-10,6.469793912504654e-10,6.339135448023861e-10,6.216818917064476e-10,6.102052020643523e-10,5.994227108894631e-10
5.187318047428705e-09,1.143838273946483e-08,2.0755248702295457e-08,3.939730015086675e-08,9.84513437537158e-08,2.483865780240868e-07,8.71842436808014e-07,1.839941489861885e-05,0.999980247983928,1.7694068445593763e-08,6.0801700554560975e-09,3.773019301611419e-09,2.8036457656283785e-09,2.2612345721197772e-09,1.9140982704672472e-09,1.6744279110299635e-09,1.4988461910541696e-09,1.3644600449674822e-09,1.257295679977155e-09,1.1700750846424891e-09,1.097870938321841e-09,1.0365513019448806e-09,9.836698698622223e-10,9.378461933797326e-10,8.975989419042458e-10,8.617304705894233e-10,8.296841376672471e-10,8.010344495852473e-10,7.752796136765119e-10,7.520242883275938e-10,7.309029753198342e-10,7.115518075779561e-10,6.937661750454205e-10,6.773623929327539e-10,6.621722829465116e-10,6.480910470928989e-10,6.350030122795905e-10,6.227506317887101e-10,6.112545351288366e-10,6.004538590619785e-10
