8.334241996158897e-08,8.101695443655425e-08,7.851000775649705e-08,7.589471503022299e-08,7.316352377813113e-08,7.031500425659314e-08,6.748478343557533e-08,6.455573824092447e-08,6.151193475958442e-08,5.837338102143788e-08,5.5239692876684664e-08,5.212520026803155e-08,4.9029345422238846e-08,4.552551037941749e-08,4.184245068994341e-08,3.824298929727497e-08,3.465904762497231e-08,3.116794791612297e-08,2.770251091274645e-08,2.4192489243538105e-08,2.0843920665509133e-08,1.7696396404226783e-08,1.4780843460393437e-08,1.2104187550621937e-08,9.607735969954225e-09,7.265563199088854e-09,4.999092915552874e-09,2.7768850314450464e-09,5.694690268301762e-10,5.035625682638738e-06,0.9981551125320696,2.8044483451086775e-05,6.30281583224273e-05,5.885127227294913e-07,6.648310780936772e-07,0.00030407457829629425,8.545100249357376e-08,1.1730107377260147e-05,0.0014295120382788215,8.951809932180516e-07
4.597239749769216e-06,7.667196902091955e-06,1.4906626421593146e-05,4.817577714677718e-05,0.9993038803876606,0.0004917910698414818,8.561825924537204e-05,2.0549333283305772e-05,7.30719601943263e-06,3.6941612768909112e-06,2.3057267024799626e-06,1.5779005096092045e-06,1.1369977570880883e-06,7.299639557851969e-07,4.78000010904632e-07,3.3706186414784697e-07,2.4467430548128283e-07,1.823024669058267e-07,1.3612371462467166e-07,1.0010588966981267e-07,7.432061830892558e-08,5.555892215071653e-08,4.1712521040633686e-08,3.12981159664723e-08,2.3113804931896405e-08,1.6570273601639528e-08,1.102045134490633e-08,6.1967831476747344e-09,1.985606614667031e-09,1.1972886416069825e-07,1.119810888590586e-07,1.145311426450165e-07,1.0888490175921704e-07,1.6934229847866473e-07,1.6460059345431855e-07,1.1313397416216986e-07,3.0356746101337656e-06,1.0581298327171487e-07,1.129072594913776e-07,1.5260534967712066e-07
1.236513755604415e-06,1.5403272477926106e-06,1.9584176280433954e-06,2.6024597190045987e-06,3.6271616374546223e-06,5.268290630660452e-06,1.0301931677728187e-05,4.114561537650785e-05,0.99976631030771,0.0001231150347015963,2.1966361354286736e-05,9.312576462767734e-06,4.948667133761274e-06,1.9590088461695776e-06,9.601492174958735e-07,5.845605146932319e-07,3.852512561290131e-07,2.6916910430581166e-07,1.9055827561527753e-07,1.333088255379524e-07,9.526002397603256e-08,6.914696230943695e-08,5.077027497672136e-08,3.746008454106696e-08,2.7299307581321515e-08,1.939319240167756e-08,1.282024602350358e-08,7.203886508442317e-09,2.3935621981280597e-09,7.999680245996587e-08,7.561147254126178e-08,7.703106431867242e-08,7.393559664866384e-08,1.0736900608757652e-07,1.046994068479037e-07,7.62411051546908e-08,1.0097034453547822e-06,7.229927074038007e-08,7.611587458381848e-08,9.81436855500729e-08
2.242542620965964e-07,2.1557738184395184e-07,2.0585736434214976e-07,1.956778014421186e-07,1.8505909265886146e-07,1.74070345627208e-07,1.635681023497767e-07,1.528847952143181e-07,1.4200345114871434e-07,1.3110067572622592e-07,1.2069730632786055e-07,1.1083461421247908e-07,1.0148015543743749e-07,9.094015588347279e-08,8.034855245922855e-08,7.068635083921387e-08,6.16451637096753e-08,5.340376386091188e-08,4.5709358146339167e-08,3.836350227704024e-08,3.183230191033583e-08,2.610069691283929e-08,2.113005909904852e-08,1.6842339299631878e-08,1.3064766468836199e-08,9.708747779315982e-09,6.611533636432797e-09,3.7088736850972256e-09,9.623962806762488e-10,1.9462948120504722e-05,7.796541420224744e-06,1.2545400887684974e-05,4.319366168708292e-06,7.678696853786238e-06,1.5511801114842735e-05,1.0231681120516378e-05,2.3154391347096824e-07,2.711126164598698e-06,9.74419611007748e-06,0.9999070528576317
1.9929178232004477e-07,1.9190733534349094e-07,1.836790892209381e-07,1.750613761120583e-07,1.660630463705097e-07,1.567311141189822e-07,1.477574885489091e-07,1.3859776779906998e-07,1.292323736817087e-07,1.1980098732788212e-07,1.107385696031143e-07,1.0208636887180209e-07,9.382357204467207e-08,8.44936909095614e-08,7.50520287134863e-08,6.63573628682733e-08,5.815368654095869e-08,5.0612441821098494e-08,4.3517433149737466e-08,3.6693978112368314e-08,3.05773684669621e-08,2.51682002183622e-08,2.0443762148436344e-08,1.6341975114102376e-08,1.270737299815746e-08,9.4608598380872e-09,6.450771837241003e-09,3.6175609664103724e-09,9.24601822138263e-10,0.9997346152692043,1.963887450005485e-05,9.567676078933809e-05,6.777344271028635e-06,5.048757616454438e-06,8.196066144823487e-06,3.9954297703840804e-05,2.0557057405968144e-07,3.567157318489635e-06,3.463212762223317e-05,4.9212382005511305e-05
5.303581052366902e-07,5.005549233112702e-07,4.6601772850974184e-07,4.3044540486665335e-07,3.942868264375747e-07,3.5822812148336503e-07,3.2590216616072074e-07,2.944321626876328e-07,2.6381524778505926e-07,2.3475184113277659e-07,2.0875473297134162e-07,1.85589437150313e-07,1.6485482400648883e-07,1.4214142357349885e-07,1.206385455936787e-07,1.0237033297805246e-07,8.628604551409638e-08,7.245674499999186e-08,6.019818272459679e-08,4.9050064482434073e-08,3.9636827266629224e-08,3.175506145145536e-08,2.5202474425714473e-08,1.9758074896548463e-08,1.5115243932224763e-08,1.1112664626506924e-08,7.511414696806469e-09,4.214226146875587e-09,1.169127437379322e-09,1.8711459687381827e-06,1.3614708388526211e-06,1.5373179397938971e-06,1.1459604549787682e-06,0.0002174688507768619,0.9997493548641435,1.4497806371146042e-06,5.527875847689786e-07,9.6075893472462e-07,1.4332434922435483e-06,1.7699106525744793e-05
0.9997477232262642,7.44932572861467e-05,1.5591698338497134e-05,7.216871402052113e-06,4.1505689996686465e-06,2.65066866258459e-06,1.9009101383704291e-06,1.3939026037106119e-06,1.03600966820899e-06,7.83468635815595e-07,6.116487290978024e-07,4.891311273221916e-07,3.976838285185137e-07,3.0741844950708725e-07,2.3545217419323247e-07,1.8422110869613682e-07,1.4484756846310907e-07,1.1473646329770095e-07,9.042525428777122e-08,7.005017119451975e-08,5.4240509156625916e-08,4.193487670156635e-08,3.23259167208478e-08,2.4755993223592417e-08,1.858138836164994e-08,1.3469572155427937e-08,9.018773219968527e-09,5.0611642315606156e-09,1.5164391702547973e-09,3.199516643258079e-07,2.859098678458945e-07,2.9750229727527785e-07,2.7114327792651487e-07,5.815640371837312e-07,5.576640085009753e-07,2.913816247418446e-07,0.00013655632775984688,2.5636933381158523e-07,2.903317948067263e-07,4.891862246883995e-07
8.803613037206059e-07,8.138744259513507e-07,7.372568159412357e-07,6.61320322388041e-07,5.87422102347162e-07,5.172485233199151e-07,4.5784470103445056e-07,4.0259315322863697e-07,3.511525791585038e-07,3.045061348163021e-07,2.6467241904098267e-07,2.306194182300959e-07,2.012277059997574e-07,1.6979700289033256e-07,1.410875367436677e-07,1.1760264341835995e-07,9.756402313568735e-08,8.081106223977062e-08,6.62998638899844e-08,5.33714678280341e-08,4.2681582914341246e-08,3.389337395708281e-08,2.670211653073093e-08,2.080781032999515e-08,1.5838902650796413e-08,1.1599722096900168e-08,7.818878935508614e-09,4.384360653786449e-09,1.2376337088134177e-09,1.4120811569574596e-06,1.058623374583124e-06,1.1769935747387126e-06,9.143726262681747e-07,0.9997594107896183,0.00021523411421732033,1.1166948596814945e-06,9.274113868331676e-07,7.867873847690586e-07,1.1057144895534382e-06,9.537169091461421e-06
7.036558345728084e-07,8.231838860278332e-07,9.745122525574605e-07,1.180793286004769e-06,1.466794180699547e-06,1.868099389286255e-06,2.608593485675742e-06,3.983461980855987e-06,6.614134885298531e-06,1.156446580370592e-05,2.7694860944792593e-05,0.00018218335463287915,0.9997480746394343,4.8235674756450035e-06,1.6232525890801927e-06,8.647930537957551e-07,5.273304901163683e-07,3.5156103514097397e-07,2.3958038627757566e-07,1.6169104510417716e-07,1.1251213906032076e-07,8.00353563472831e-08,5.7888984615184245e-08,4.224030434143371e-08,3.051200394751306e-08,2.154484819338923e-08,1.4183580894744996e-08,7.961035655003662e-09,2.696487858859261e-09,6.496087676555371e-08,6.167492499428966e-08,6.27303345808105e-08,6.044647497990944e-08,8.525562243213769e-08,8.326179681721901e-08,6.213874670056481e-08,6.072946398872537e-07,5.925805299687281e-08,6.20459800231695e-08,7.842060123935766e-08
3.9857271039810365e-06,6.331445189802003e-06,1.1299781147738541e-05,2.9310151897162968e-05,0.0002480081562060386,0.003215898072517971,0.9964237639856406,3.5603769584089e-05,9.337813038246348e-06,4.315746246970758e-06,2.609202421356805e-06,1.7529160195074409e-06,1.245877558804367e-06,7.824673127435389e-07,5.039978898301918e-07,3.5196687173213285e-07,2.5374933437648664e-07,1.8814874232026664e-07,1.399118188906388e-07,1.0249247573318986e-07,7.586162557604334e-08,5.657670784182408e-08,4.239950266116475e-08,3.1769531711277506e-08,2.3436231653971887e-08,1.678874992038037e-08,1.1160301222677144e-08,6.275396831522541e-09,2.017677171027826e-09,1.1509477298097548e-07,1.0777185361020442e-07,1.1017803089467544e-07,1.0485835076480048e-07,1.618498598386745e-07,1.5737079017046262e-07,1.088575932877845e-07,2.7128811283974715e-06,1.0197170903796006e-07,1.0864384702098417e-07,1.4607890619524464e-07
1.3463329052621051e-07,1.3032422635255562e-07,1.2559168075147485e-07,1.2063402221069793e-07,1.1544425789952525e-07,1.1003193241199902e-07,1.0473337155662035e-07,9.927325404768024e-08,9.363060160669902e-08,8.786604501103192e-08,8.221123813485806e-08,7.6696711616438e-08,7.13193999344825e-08,6.521502985962034e-08,5.890630049343791e-08,5.2922479434581086e-08,4.7124062878933716e-08,4.164400934380983e-08,3.6355158317024356e-08,3.114269637836119e-08,2.6337261240685755e-08,2.1972171958154063e-08,1.80624039469121e-08,1.4587778835809786e-08,1.1443376660101035e-08,8.578006538417501e-09,5.8748395061833444e-09,3.2887067698381615e-09,7.878376388874489e-10,1.843206705235342e-05,5.717853428385044e-05,0.0002906750533589794,1.1869819351182736e-05,1.4122932367484684e-06,1.7002595580623644e-06,0.9986797377891413,1.3841386759370536e-07,5.175856103442257e-06,0.0009292590429624451,2.6029499380816766e-06
4.017078873226334e-06,6.398894714726023e-06,1.1475273980652355e-05,3.017659171465388e-05,0.0002917609934798709,0.9962218426824108,0.0033739983066460966,3.468534863075554e-05,9.231891180629172e-06,4.2843757434601335e-06,2.5938002631556836e-06,1.743965978419722e-06,1.2402884627354047e-06,7.797926698806738e-07,5.026821665748656e-07,3.512142317000871e-07,2.53291413723994e-07,1.8785360848685134e-07,1.39720498763044e-07,1.0237193531481197e-07,7.578376722364863e-08,5.65252577185613e-08,4.2364749733559694e-08,3.1745663442607644e-08,2.3419892476410524e-08,1.6777667494383954e-08,1.1153200043662039e-08,6.27140132711152e-09,2.0160459850898187e-09,1.1532409507551387e-07,1.0798027524116887e-07,1.1039352115306857e-07,1.0505781721828383e-07,1.6221985783245622e-07,1.577277972066018e-07,1.0906930859047708e-07,2.729547452042433e-06,1.021620998547854e-07,1.0885492667880568e-07,1.4640128204593577e-07
1.320670840907183e-07,1.4119342412952885e-07,1.5161554959867998e-07,1.6388956833148975e-07,1.784715175150257e-07,1.9598533680708305e-07,2.1865044074842743e-07,2.4751329444706945e-07,2.8491317230873175e-07,3.3524638574462227e-07,4.10731012507869e-07,5.381183830883139e-07,7.985406339977474e-07,1.2378041154154496e-06,2.0206985294312825e-06,4.544134836326938e-06,1.9625415362431047e-05,0.999957879994897,7.847034172000315e-06,1.2825651202453877e-06,5.561237468163401e-07,3.036892582232715e-07,1.84201121153175e-07,1.1928695551338598e-07,7.82311534656689e-08,5.156783552198213e-08,3.2114381370593377e-08,1.7293359886200896e-08,6.125452954930751e-09,2.7631806206711763e-08,2.657306851670082e-08,2.690400980881034e-08,2.6207791762041064e-08,3.3988895398131595e-08,3.335247581277082e-08,2.671387894790092e-08,1.2396470578373465e-07,2.5868625523209907e-08,2.6685146566443953e-08,3.18523557944826e-08
8.803997644441781e-08,8.555029736368605e-08,8.286074702010036e-08,8.005321865687511e-08,7.711987859010099e-08,7.405974611065848e-08,7.102341955000189e-08,6.788164354932514e-08,6.461770033617541e-08,6.12544211862809e-08,5.7901837827481755e-08,5.4575784016175996e-08,5.1275721600657906e-08,4.7537648240568526e-08,4.361398823808588e-08,3.979091810849478e-08,3.5994683033211573e-08,3.230844580202652e-08,2.8660062100664055e-08,2.497530405945177e-08,2.14733300728224e-08,1.819436819696196e-08,1.5168923153771854e-08,1.2402109844587724e-08,9.830936988215393e-09,7.427163422524345e-09,5.108247578696651e-09,2.8414933929016386e-09,5.974240724045992e-10,5.604144612009589e-06,0.001643790190236467,3.3674539318862555e-05,4.154915577259973e-05,6.40328119876342e-07,7.261783193155024e-07,0.0008005508481465128,9.028975244784679e-08,1.0050826538637802e-05,0.9974610526569437,9.851484806901815e-07
9.377031734732149e-07,1.1317202515488367e-06,1.3887157378660422e-06,1.7620442929387535e-06,2.3198456240272996e-06,3.1704159240424447e-06,5.136075213739409e-06,1.0824613104933757e-05,3.672519593020431e-05,0.000234750001685315,0.9995908788977061,8.464657838707631e-05,1.8179580835644044e-05,3.1445138041578224e-06,1.2664447167490821e-06,7.165576930866806e-07,4.526761540927095e-07,3.082742070353349e-07,2.138490923025789e-07,1.4684140381645417e-07,1.0349876317452111e-07,7.4351641129498e-08,5.417299493431504e-08,3.974325532998792e-08,2.8832612807580673e-08,2.041885588978469e-08,1.3469379894643794e-08,7.56414765071275e-09,2.5377674053966446e-09,7.207230153688606e-08,6.827612950755059e-08,6.949998726392219e-08,6.684181873507666e-08,9.56497051500871e-08,9.334018635051395e-08,6.881637111150798e-08,7.87485820969134e-07,6.544785337767154e-08,6.870861040902175e-08,8.770354704669331e-08
1.542879065680408e-07,1.6584482013961585e-07,1.7912977230260862e-07,1.9491790163786982e-07,2.1386240923367647e-07,2.3686863903412753e-07,2.6722124223083245e-07,3.066345434104504e-07,3.5886336899027343e-07,4.312262641307667e-07,5.451934399734213e-07,7.541322591177048e-07,1.2578918362390106e-06,2.305162558996399e-06,4.7725625117241995e-06,2.7387972514370223e-05,0.9999320557798858,2.315520004629548e-05,2.8614839158729245e-06,8.568842348204103e-07,4.208032149461274e-07,2.420487189976284e-07,1.515475978074761e-07,1.0021772195508559e-07,6.690090774103805e-08,4.467538593737936e-08,2.8139403660220126e-08,1.5308497554637025e-08,5.435727802226905e-09,3.0166509525427554e-08,2.8979597030807924e-08,2.935140694142187e-08,2.856732654010209e-08,3.7314781409630526e-08,3.659947041800262e-08,2.9138227041178684e-08,1.4408729085510933e-07,2.8183040795342415e-08,2.9105913658663465e-08,3.4910485649763816e-08
1.7275514356328642e-07,1.6670404477323211e-07,1.5999647538753804e-07,1.529674609412549e-07,1.456174608649333e-07,1.3797450299812185e-07,1.3057163837689977e-07,1.2298388984542131e-07,1.1519043304813405e-07,1.0729530917594765e-07,9.964668900955171e-08,9.228361965754804e-08,8.519501194071638e-08,7.716921222826927e-08,6.897961184371203e-08,6.13534025986479e-08,5.408537029519131e-08,4.733539222065826e-08,4.0925053865119944e-08,3.4704562785569263e-08,2.9072001955534987e-08,2.404325620495258e-08,1.9612053985465528e-08,1.5733532177973554e-08,1.2271725533241008e-08,9.158297181158795e-09,6.254445109440245e-09,3.506058362841992e-09,8.784951540663775e-10,0.00020656570705694584,3.247359930703477e-05,0.9995195618797242,8.471782607520842e-06,2.831770521943694e-06,3.7940745875128734e-06,0.00012440084150984823,1.7796242182728518e-07,4.130434187555205e-06,8.79086205012426e-05,7.468620783988117e-06
2.0036357092892796e-06,2.673870556690618e-06,3.6805223950936126e-06,5.482078362936581e-06,8.877710442982712e-06,1.4719630843764565e-05,6.38720999901404e-05,0.9998150417790039,5.6449828742184694e-05,1.0555700224330157e-05,5.313777909606465e-06,3.2459378360991623e-06,2.1397285130335705e-06,1.163705328456269e-06,6.760862165579058e-07,4.4607883735597274e-07,3.0931421108808103e-07,2.2329245151609086e-07,1.6234197149691922e-07,1.164096162583972e-07,8.474822572505439e-08,6.239794401407257e-08,4.630670420077717e-08,3.44409189500779e-08,2.525831561800221e-08,1.8021515883708556e-08,1.1948472946265283e-08,6.71775791769667e-09,2.1976034888724205e-09,9.468880761916294e-08,8.91389780591184e-08,9.094787761029092e-08,8.697803148736392e-08,1.2964612199283152e-07,1.262637341478452e-07,8.994764034124396e-08,1.5422404007412964e-06,8.485289372705235e-08,8.978755971934232e-08,1.1786369558933713e-07
4.222296678904629e-08,4.11864329631705e-08,4.0093403429572494e-08,3.8962137183917385e-08,3.778907604374125e-08,3.657210853581505e-08,3.534799982707761e-08,3.408234523885896e-08,3.276809050552926e-08,3.140849177647566e-08,3.003149395086811e-08,2.864048379996822e-08,2.7234333598541378e-08,2.5669624723107134e-08,2.4010577844440186e-08,2.2342039905645736e-08,2.0637423594886102e-08,1.8923064610967198e-08,1.717099035763341e-08,1.534655537257038e-08,1.353222562214405e-08,1.1749183554472279e-08,1.0018372488487628e-08,8.351094544850922e-09,6.723316741685755e-09,5.1263893318809726e-09,3.5189435740739868e-09,1.877621508340039e-09,1.6838269216266413e-10,1.40720857711553e-06,7.886496397939034e-06,3.5872184628322162e-06,4.4988606319696e-05,2.3163476519775492e-07,2.5474263511587346e-07,5.646031937092638e-06,4.319510711281055e-08,0.9999288748759056,6.059455151015085e-06,3.250264963708949e-07
6.489337553267926e-08,6.318034295896114e-08,6.135001495830449e-08,5.944616929266468e-08,5.7462769017466824e-08,5.539746682712379e-08,5.333423109773789e-08,5.119846362529624e-08,4.8977841347573904e-08,4.668309469305612e-08,4.437708526447786e-08,4.206860317982517e-08,3.975681760037246e-08,3.7153330744549896e-08,3.440277148433984e-08,3.16811025232339e-08,2.894070301613809e-08,2.6235454739459656e-08,2.3516639155867534e-08,2.0729651797383468e-08,1.8026358848294984e-08,1.5440945513864338e-08,1.3003115668894625e-08,1.0724662575120574e-08,8.563374356836593e-09,6.50202463366916e-09,4.478372106137615e-09,2.465515864698686e-09,4.331787079778612e-10,3.0515690647489187e-06,7.136845031937336e-05,1.1116285715591736e-05,0.999814686923814,4.0900267739152673e-07,4.558425028446542e-07,3.0470511403875154e-05,6.646884115263224e-08,2.9848467625493967e-05,3.693220418966651e-05,5.975348932588252e-07
1.0125947375597214e-06,1.2328461716281683e-06,1.5280181008122799e-06,1.964249946912527e-06,2.6290502477600977e-06,3.663635006830753e-06,6.243050221170654e-06,1.5176835879174062e-05,8.437125708317297e-05,0.9995745649153126,0.0002545025732730573,3.4190676038079896e-05,1.1270978591679393e-05,2.746168513677082e-06,1.1734795966711713e-06,6.776698746025507e-07,4.3309828897763597e-07,2.969909985441097e-07,2.0716170380563095e-07,1.429764307160959e-07,1.0115335239690898e-07,7.287326225635442e-08,5.320763089173126e-08,3.909580943084283e-08,2.839792442035715e-08,2.012803577282755e-08,1.3285285547334555e-08,7.461982938444933e-09,2.496904278152763e-09,7.415195967712111e-08,7.020333766516596e-08,7.147772706298681e-08,6.870687953188929e-08,9.871069196648057e-08,9.630759150368685e-08,7.07666016783107e-08,8.438748393576248e-07,6.725067284965113e-08,7.065433517434646e-08,9.043325954798573e-08
0.0001355527694752905,1.8956958031257874e-05,7.5530559557384e-06,4.276710832286292e-06,2.7397179725683512e-06,1.8744817727716883e-06,1.392943887151041e-06,1.0547142034750188e-06,8.082418991152074e-07,6.277338100447686e-07,4.999879097832992e-07,4.0610362417455494e-07,3.3440911148258516e-07,2.6366346012858767e-07,2.058016992687883e-07,1.633274799748787e-07,1.300085903489636e-07,1.0405662598021902e-07,8.280132185621576e-08,6.475902770276179e-08,5.05502568925095e-08,3.934449062802287e-08,3.0493574183513154e-08,2.34523267718019e-08,1.766223522585401e-08,1.2832107095234836e-08,8.602256370075667e-09,4.82180019858892e-09,1.4158566230467671e-09,5.304818924117184e-07,4.525678991091629e-07,4.789726897661494e-07,4.192010782774838e-07,1.3812239847862043e-06,1.2930348915095718e-06,4.651647933872926e-07,0.9998158016535874,3.867448603494078e-07,4.6275969150604653e-07,1.0304024915596012e-06
1.7627779734367784e-07,1.9038537241558572e-07,2.0668873121879542e-07,2.2621215004690535e-07,2.498321712500385e-07,2.787771155332149e-07,3.176194923457385e-07,3.689170577139746e-07,4.381929646403365e-07,5.365847753920474e-07,6.985822019661679e-07,1.0203773642139792e-06,1.9509488734273946e-06,4.511001634172157e-06,1.416607811688898e-05,0.9999326947971781,3.350344639399014e-05,4.8567600546175946e-06,1.5702032473678906e-06,6.290811417751291e-07,3.371410368167458e-07,2.022609745788066e-07,1.300574885679516e-07,8.751202774019789e-08,5.924507119412274e-08,3.996483095975509e-08,2.538776745493428e-08,1.3912111456658937e-08,4.939932031363455e-09,3.254243201936893e-08,3.1232750081760774e-08,3.16438557055939e-08,3.077497993773683e-08,4.0448409132586445e-08,3.965793373591147e-08,3.140858535465881e-08,1.6388475437662102e-07,3.0346781333023636e-08,3.137282329739631e-08,3.7788153959321246e-08
2.3198612776837614e-05,0.00014668601711251042,0.9996316959987543,0.00013965908319494346,2.2559420556485438e-05,8.64343661989543e-06,5.265687606852793e-06,3.3429964318742404e-06,2.180888570199567e-06,1.4830305688396425e-06,1.0742242044053533e-06,8.122062208838114e-07,6.316928481280569e-07,4.565470336425085e-07,3.290522646019669e-07,2.465820231675946e-07,1.8724848860372907e-07,1.4424662675076188e-07,1.1086502019747737e-07,8.381058667951315e-08,6.360300998645421e-08,4.837789607982424e-08,3.681306153410407e-08,2.7909139921783797e-08,2.078083582132187e-08,1.4982028262562367e-08,9.999588268498732e-09,5.620321773793652e-09,1.7489483222408906e-09,1.7245085232441617e-07,1.592757212218144e-07,1.6367930190808158e-07,1.5380118757437239e-07,2.5992714718427874e-07,2.517622481208065e-07,1.6130223544390398e-07,9.102709533089165e-06,1.4831516792249655e-07,1.6090780814243163e-07,2.303122560700986e-07
7.769694563700798e-07,9.184134589755916e-07,1.1002629327374494e-06,1.3534579556419585e-06,1.713351448016598e-06,2.2325307833674007e-06,3.2566402380152715e-06,5.392062525205961e-06,1.0299370632183441e-05,2.197096209109873e-05,8.153604284603403e-05,0.999669473564965,0.000190432745971473,4.261493720397935e-06,1.5021232343526782e-06,8.137259595510739e-07,5.013953120022467e-07,3.3640799529968196e-07,2.3053483092130475e-07,1.5646583792404556e-07,1.0933660717736481e-07,7.80310435866173e-08,5.657711319044996e-08,4.135758886978433e-08,2.9917673158693504e-08,2.1145861708851676e-08,1.3930222786833415e-08,7.82013423985559e-09,2.6401414605204825e-09,6.732353700715883e-08,6.387005749625614e-08,6.498066029416291e-08,6.257438091327225e-08,8.869551888136572e-08,8.659767073754414e-08,6.435886275140531e-08,6.64492128464118e-07,6.131894472185883e-08,6.426118744083969e-08,8.149542063312137e-08
2.3365624425536558e-07,2.550755086781895e-07,2.8009848968046535e-07,3.105545697797824e-07,3.480359576121515e-07,3.9482074985913716e-07,4.60039790135378e-07,5.494088158667194e-07,6.748593924525557e-07,8.622072169003819e-07,1.2028825783137557e-06,2.029977603100591e-06,6.44323442715215e-06,0.9995927416886292,0.0003751127944789613,1.1444003884981891e-05,2.916448746253636e-06,1.3678312295795081e-06,7.109944571383429e-07,3.7983213327097356e-07,2.291645227956069e-07,1.4729201290729456e-07,9.913153958113337e-08,6.874908631058674e-08,4.7678107631258315e-08,3.27198138791152e-08,2.1079119298678456e-08,1.1680198275236796e-08,4.126029551895419e-09,3.819092601337491e-08,3.657829447486208e-08,3.7086907595076426e-08,3.600650182497424e-08,4.796843429547232e-08,4.699367224542808e-08,3.679707871428578e-08,2.1502574182816843e-07,3.5467458559018144e-08,3.6752739381853025e-08,4.467736339309347e-08
1.0700073944425198e-05,2.786232175114293e-05,0.00012651595013166833,0.9996943170772281,9.188432151957662e-05,1.7086062641043305e-05,9.059826755997348e-06,5.149086560735537e-06,3.070317384498322e-06,1.962240181341784e-06,1.3670295766682765e-06,1.0048589141065594e-06,7.644934991200068e-07,5.340577152542373e-07,3.739321623698751e-07,2.7487445457032384e-07,2.056877920204752e-07,1.5669171141822722e-07,1.1925414316028574e-07,8.930464221314133e-08,6.725914195734802e-08,5.085014191547042e-08,3.851160737788624e-08,2.9090236026911792e-08,2.1597430015701893e-08,1.5539761485847814e-08,1.0359121068301862e-08,5.823978941485224e-09,1.8329046700884205e-09,1.4873301527361384e-07,1.3813522300691663e-07,1.416558085987587e-07,1.337981022330514e-07,2.1789381346578936e-07,2.113761087219559e-07,1.3974392188998704e-07,5.6532782722067045e-06,1.294661818192757e-07,1.3942953474951553e-07,1.945344288388426e-07
5.9655685967198385e-05,0.9996994144275344,0.0001664948653843288,2.8699416216832312e-05,1.0544991293983837e-05,5.401097086648617e-06,3.557135529943879e-06,2.409121129713009e-06,1.6624538920707884e-06,1.1808657427267784e-06,8.810644363292931e-07,6.808286790085202e-07,5.386201066251697e-07,3.9942687145102297e-07,2.94466051165091e-07,2.2412663568339696e-07,1.722887181573559e-07,1.339927039006992e-07,1.0385928172801385e-07,7.915981630589348e-08,6.047465652528858e-08,4.6244717950256936e-08,3.5338134770762565e-08,2.6878621708185914e-08,2.0065544982633376e-08,1.4492078292515551e-08,9.682960844820216e-09,5.440478600553267e-09,1.6745269188943012e-09,2.0135651642107364e-07,1.8475159504501162e-07,1.9033532314032413e-07,1.7774991879866647e-07,3.141583746442388e-07,3.037339061837707e-07,1.873398449168189e-07,1.5044523060155054e-05,1.7071767912598517e-07,1.8683817916672616e-07,2.7580536900102164e-07
2.2908877696322467e-07,2.498994884161995e-07,2.741953809905475e-07,3.0373537566581374e-07,3.4005098417204785e-07,3.8533083080023254e-07,4.482892481122756e-07,5.343546699403309e-07,6.549125477065022e-07,8.344770212732741e-07,1.159041600827231e-06,1.9367480484947154e-06,5.881946053827754e-06,0.00037433890806722823,0.9995910047605009,1.4334645396861275e-05,3.2077528183765262e-06,1.4594768784428472e-06,7.441963637271905e-07,3.9206209637220296e-07,2.349290592020868e-07,1.5034546301484076e-07,1.0089288029515149e-07,6.983405965538205e-08,4.8355696705245914e-08,3.314840367190602e-08,2.1336471644128022e-08,1.1814985590859635e-08,4.175916557862218e-09,3.775873879254123e-08,3.616975207064554e-08,3.667072575980995e-08,3.56069517976064e-08,4.739026147995976e-08,4.642978603575512e-08,3.6385158038552204e-08,2.1097613827327156e-07,3.50766915126551e-08,3.634149172134447e-08,4.4148282996071475e-08
1.2421682041568787e-08,1.2618356079140284e-08,1.282619317378773e-08,1.3048605612788237e-08,1.3286843710367931e-08,1.3542456080640966e-08,1.3824022072202565e-08,1.4129417341100653e-08,1.4460495203567604e-08,1.4821463626598234e-08,1.5224554709361905e-08,1.5679560568703765e-08,1.6197946257039735e-08,1.673062122449995e-08,1.729507386133614e-08,1.7937262182746106e-08,1.865263231215661e-08,1.947467631328321e-08,2.0388095096975033e-08,2.1317676687023194e-08,2.2353258851670302e-08,2.3550009519220852e-08,2.5040831468071857e-08,2.711399408036278e-08,3.013847107352053e-08,3.540434167822147e-08,4.605389113029542e-08,7.943449038985202e-08,0.9999993150574777,6.588567436256326e-09,6.442455437729271e-09,6.487628206346557e-09,6.394224854510477e-09,7.391479001188147e-09,7.314883993913493e-09,6.46127718157854e-09,1.2234474978741359e-08,6.350759135320706e-09,6.457384804973455e-09,7.133251117070393e-09
3.365735256718332e-08,3.47223696404884e-08,3.5879252880734715e-08,3.7156871861123177e-08,3.857225115704931e-08,4.01469386161058e-08,4.196098179820444e-08,4.402062753138881e-08,4.636593825784446e-08,4.906717947773828e-08,5.2291288528705016e-08,5.622681432108602e-08,6.114574687425038e-08,6.65831158315111e-08,7.28224263912965e-08,8.075305678798962e-08,9.070781629908798e-08,1.0401209198271066e-07,1.2127749580007863e-07,1.4043707781314265e-07,1.6414508402967787e-07,1.9437905822596782e-07,2.3752055910555985e-07,3.1727089051669595e-07,4.861238209671467e-07,1.2801791975869274e-06,0.9999945096997337,1.328793595368881e-06,7.074839460039727e-08,1.2339070614640701e-08,1.197441308000765e-08,1.2087037822164552e-08,1.1853667654788963e-08,1.4444097148184913e-08,1.4236330074148073e-08,1.2021505518977536e-08,3.266903336792592e-08,1.174442988860072e-08,1.2011789456345862e-08,1.374858406458382e-08
4.2160989283594574e-08,4.372627137659681e-08,4.5442659979870463e-08,4.7359021495654145e-08,4.950760916866222e-08,5.192974485039853e-08,5.4766899128718026e-08,5.8045204549576774e-08,6.185240179594346e-08,6.633783426342702e-08,7.184589192626701e-08,7.88103242156053e-08,8.791139844882156e-08,9.83887380340177e-08,1.1097713305804542e-07,1.2805240707049057e-07,1.512430551085665e-07,1.8585686742768818e-07,2.3752778631271898e-07,3.020992876715553e-07,3.934370914261325e-07,5.263698975985651e-07,7.483360941163235e-07,1.337741563576138e-06,3.491690579989605e-06,0.9999882630784157,2.792301584245454e-06,2.4525376181108554e-07,3.920976335272189e-08,1.3973415872761696e-08,1.3537581392527031e-08,1.3672229322201627e-08,1.3392948728655584e-08,1.6515195887789422e-08,1.6262646995962013e-08,1.3593957215161147e-08,4.0720771745379796e-08,1.3261872583119812e-08,1.3582335670627606e-08,1.5670796838530665e-08
2.422950216448337e-08,2.4836260999111415e-08,2.548787317885679e-08,2.6198088169122333e-08,2.6973788827502335e-08,2.7823575918144644e-08,2.8783878752479793e-08,2.985268424107569e-08,3.104352084671008e-08,3.238174481538364e-08,3.3931420086189774e-08,3.5755688410793925e-08,3.793777622177838e-08,4.026284921851672e-08,4.2825404450624484e-08,4.590502093097327e-08,4.9535509955655897e-08,5.400722940677309e-08,5.9316151822760436e-08,6.488593544620555e-08,7.135433533593896e-08,7.91381807792966e-08,8.94363123503432e-08,1.0557463895800238e-07,1.3292593573483354e-07,1.9898201154008818e-07,4.6660058202311405e-07,0.9999976052774697,3.7720630234698827e-07,1.0190119992053629e-08,9.914006536484188e-09,9.999284706813232e-09,9.822765319929967e-09,1.175866784409084e-08,1.1605520400753916e-08,9.949609315700797e-09,2.3660521387505108e-08,9.740372129926898e-09,9.942256488864455e-09,1.1244881095055798e-08
5.593086828987542e-08,5.842859148760244e-08,6.120068863163793e-08,6.434107262665737e-08,6.791867269694381e-08,7.202387371887187e-08,7.694753559662295e-08,8.277956785267858e-08,8.974523410972556e-08,9.82286431127982e-08,1.0911129359297741e-07,1.2367069885855078e-07,1.4418083600526275e-07,1.6950207605154004e-07,2.0251155919637365e-07,2.533164211354743e-07,3.3528157584669135e-07,4.986472886732187e-07,8.944209918105253e-07,1.8240806821833145e-06,5.911399624905148e-06,0.9998587117285321,0.00012094036139141287,6.490488996106273e-06,1.5235821135962518e-06,5.900430561954495e-07,2.225603429073675e-07,7.950814021379226e-08,2.084727152250918e-08,1.637879815052384e-08,1.5837087447080248e-08,1.6004663044916167e-08,1.5656370364118646e-08,1.9571603638482008e-08,1.925251467758052e-08,1.5907423149776393e-08,5.365737944631256e-08,1.549198896395858e-08,1.589294695344659e-08,1.850531069071066e-08
4.826440168212996e-08,5.023164485690666e-08,5.2401958310537096e-08,5.484263923484738e-08,5.7600826548933616e-08,6.073765924505617e-08,6.445404536911022e-08,6.880068819285127e-08,7.391820996409002e-08,8.00453647718983e-08,8.772732945859722e-08,9.770072532154488e-08,1.1119189351730356e-07,1.272459322582974e-07,1.472858598794627e-07,1.7603899354366048e-07,2.1812593972411626e-07,2.8876659695448956e-07,4.1434661692723575e-07,6.043055443931742e-07,9.513900180639995e-07,1.6504965408158114e-06,3.432536968025181e-06,4.2886888950648724e-05,0.9999422178082374,4.995365330321952e-06,6.077055505319918e-07,1.3883240934683022e-07,2.909538430522507e-08,1.5043341244456575e-08,1.455999551247106e-08,1.4709383510316788e-08,1.4399284670417533e-08,1.787793953733664e-08,1.759536301826939e-08,1.4622604404123639e-08,4.646421894416036e-08,1.4253429669833266e-08,1.4609706221408674e-08,1.6933562356411245e-08
6.312218117627056e-08,6.61316938802498e-08,6.948529535325917e-08,7.330427759451245e-08,7.767967514210181e-08,8.273163445504344e-08,8.884755653909434e-08,9.61580878006271e-08,1.0497945627156237e-07,1.1585488831745132e-07,1.3005053769399246e-07,1.4949352670631952e-07,1.7779893032140702e-07,2.1364852558835743e-07,2.6176795744418566e-07,3.4002363404789934e-07,4.7639873586854655e-07,7.944790697513772e-07,1.896125206866295e-06,7.1932769965706234e-06,0.9999642893167415,1.8320031444194556e-05,2.6298740541208107e-06,1.0782221592501552e-06,5.089300346190753e-07,2.5890974650065805e-07,1.2608355722950783e-07,5.3894813773108766e-08,1.600412810444962e-08,1.764565240684034e-08,1.70493775334573e-08,1.7234040072015165e-08,1.6849693616820056e-08,2.11713093843643e-08,2.081857578456763e-08,1.7127008609694995e-08,6.039250973219312e-08,1.666760768396592e-08,1.7111047126388094e-08,1.999224731396556e-08
4.9330696122987995e-08,5.137028504797946e-08,5.362252892274181e-08,5.615821611003037e-08,5.902733676292409e-08,6.229484063153292e-08,6.617317866778539e-08,7.071802667427498e-08,7.60806388942629e-08,8.251793140102253e-08,9.061634774773104e-08,1.0117695990398285e-07,1.1554653655589848e-07,1.3274017804835192e-07,1.5434151413080645e-07,1.8564610671184046e-07,2.3209136723016645e-07,3.118199339087297e-07,4.588320092284401e-07,6.913983645753287e-07,1.145711193988904e-06,2.1519794021229006e-06,5.044348388759791e-06,0.9999361314973328,4.8613415582455876e-05,2.9411824274676924e-06,5.067419352205165e-07,1.271113809148396e-07,2.768882655858248e-08,1.522900053185986e-08,1.47374789253249e-08,1.4889409159134493e-08,1.4573983081016878e-08,1.8113894808675813e-08,1.7826174385027035e-08,1.4801165445584245e-08,4.746587811580163e-08,1.4425558686540601e-08,1.4788046876731452e-08,1.7152368909271514e-08
7.270244372658033e-08,7.642681455665666e-08,8.059498642607918e-08,8.536912776411015e-08,9.087312031347516e-08,9.727146376165753e-08,1.0510173423958051e-07,1.1455759245073425e-07,1.2609871507927632e-07,1.4052296842103102e-07,1.5973719790464204e-07,1.868067820019168e-07,2.2785635101916722e-07,2.8137625168878845e-07,3.554760287653905e-07,4.84283149984152e-07,7.308377589411777e-07,1.450124006959546e-06,6.9671027690525465e-06,0.9999666830145162,1.7186415798309908e-05,2.1662156649386508e-06,8.605533649872431e-07,4.6257840342729925e-07,2.56671264269823e-07,1.4687445292072333e-07,8.043729482526277e-08,3.817340789146467e-08,1.231885080576093e-08,1.927922563065177e-08,1.8611802798886868e-08,1.8818821022709357e-08,1.8387140961094235e-08,2.3238440375225468e-08,2.284206130116481e-08,1.86990147063469e-08,6.933705367111939e-08,1.818161082481832e-08,1.868110718157738e-08,2.1912739411154867e-08
5.521270883762904e-08,5.766028118579041e-08,6.037546007638224e-08,6.344955991826482e-08,6.694940931781136e-08,7.096256082325668e-08,7.577091191534455e-08,8.146052891758919e-08,8.824831267944368e-08,9.650375502757239e-08,1.0707384318547047e-07,1.2117935106852166e-07,1.409811049741498e-07,1.6535705883246794e-07,1.9702663081455843e-07,2.454819120262758e-07,3.2301163984460693e-07,4.751337044414931e-07,8.324364710471046e-07,1.631853475929587e-06,4.7190486544569986e-06,0.00011328580708451589,0.9998641077272286,9.860206253806935e-06,1.8341732636383152e-06,6.669312686971183e-07,2.399508478842132e-07,8.335353428371183e-08,2.1482870186911676e-08,1.6251613994439727e-08,1.571538424377537e-08,1.588124699350143e-08,1.553656094459969e-08,1.9410922135406954e-08,1.90952294550783e-08,1.5784990256508207e-08,5.298395639696833e-08,1.5373941368760754e-08,1.5770662817976757e-08,1.835599569900242e-08
8.746335352248377e-08,9.236760061850858e-08,9.788613037702239e-08,1.042544759056784e-07,1.1165559531386268e-07,1.2033391006363022e-07,1.3111096159126948e-07,1.443009233741188e-07,1.6064138761184585e-07,1.8143288359309753e-07,2.09912377102899e-07,2.516798256268641e-07,3.189823935202697e-07,4.1031480103910637e-07,5.414035820662225e-07,7.916163646772597e-07,1.3343414207382557e-06,3.6411347123311987e-06,0.9999718029532274,1.54206345516742e-05,1.961083740921298e-06,7.832453151957515e-07,4.126964610623141e-07,2.456462258846601e-07,1.4828917422742647e-07,9.164831051318854e-08,5.383702819992326e-08,2.7373597833012532e-08,9.340981200293723e-09,2.1646371467008862e-08,2.08732626242502e-08,2.1113612486833637e-08,2.0611087969670993e-08,2.6250012125445676e-08,2.578899413606278e-08,2.0974820302150545e-08,8.305258697954094e-08,2.0370139247421402e-08,2.0954006556197153e-08,2.4706581482444754e-08
