3.0992685098267197e-10,1.104172438148918e-09,2.369119117960197e-09,4.775531958332194e-09,1.1336805253552469e-08,3.6467771072112013e-08,8.274864605129561e-08,1.3177045129439455e-07,2.035391936396633e-07,3.166645943778987e-07,5.11436513581173e-07,7.287195738901445e-07,1.05876559769442e-06,1.5696591810235744e-06,2.5111635453056904e-06,4.512343146371841e-06,1.1272180975576945e-05,4.1253844765472255e-05,0.00019026323748783528,0.999686039123967,2.7530801387718808e-05,1.2271008485942863e-05,5.6287826805126295e-06,3.0832655768388877e-06,2.0047835605102513e-06,1.4603958089684262e-06,1.1431300605927004e-06,9.322978151702389e-07,7.825757074153949e-07,6.714148894612549e-07,5.838227769014205e-07,5.178376431154025e-07,4.662688911569221e-07,4.2427973679068115e-07,3.8896680373109083e-07,3.5917662896785856e-07,3.342652976772363e-07,3.126076706309779e-07,2.941198329297414e-07,2.7581570739333344e-07
2.2519576874197403e-10,9.20986402940679e-10,1.97565237554936e-09,3.819068893624081e-09,7.973659320116486e-09,1.7676954883706534e-08,2.722537110131883e-08,3.467052901681169e-08,4.252901498160769e-08,5.126816139149168e-08,6.10561606903691e-08,7.07272957492539e-08,8.154306502078704e-08,9.36795929178112e-08,1.0761731525654019e-07,1.2364890606978273e-07,1.4236092555514116e-07,1.6366042256939891e-07,1.8842608905250246e-07,2.1824983625310575e-07,2.5397529180758564e-07,2.970559130239674e-07,3.4772696918574296e-07,4.0437546117898454e-07,4.6895785454012536e-07,5.458152086352834e-07,6.399677533940554e-07,7.543911130351151e-07,8.939142125184385e-07,1.0648855192069135e-06,1.2647474137586758e-06,1.5277367753435598e-06,1.887678618660193e-06,2.3893514697191305e-06,3.0960344407814752e-06,4.1739980317317445e-06,6.152143165837713e-06,1.0473355655488234e-05,3.300954714977792e-05,0.19458010156138553
2.56118614707606e-10,9.879832658222728e-10,2.1188599095350067e-09,4.160232224432692e-09,9.08774260825213e-09,2.2527342775198935e-08,3.801339751848543e-08,5.072289079275022e-08,6.498888184212704e-08,8.177432610183802e-08,1.0176878946232802e-07,1.217864794304148e-07,1.452868774611715e-07,1.7306066836450184e-07,2.0708182964219229e-07,2.490475565249591e-07,3.0234475758704565e-07,3.680229604297171e-07,4.52437400151297e-07,5.697072889408336e-07,7.359832790344391e-07,9.829384754228955e-07,1.3474281728378627e-06,1.8448339025493395e-06,2.5446358938339914e-06,3.6366826334895925e-06,5.6050136308858e-06,9.544219042557207e-06,1.9816390265140223e-05,6.17367092774127e-05,0.0005619962002222979,0.9985562854575972,0.000653062766751052,5.060493835988639e-05,2.5522981369105416e-05,1.4537150239819361e-05,9.970061342969654e-06,7.280735814530006e-06,5.751300488096502e-06,4.161590645756841e-06
3.837986237848872e-10,1.2571799984073131e-09,2.687707130208755e-09,5.550924595695079e-09,1.4451378059542584e-08,7.12569448762058e-08,4.5364958273579757e-07,2.272103768059304e-06,0.9999717932198148,1.8536269971895933e-05,2.2917558092325727e-06,8.265480393371141e-07,5.01474350593509e-07,3.603345058363134e-07,2.8427218110535747e-07,2.3634602792944624e-07,2.0362238503042578e-07,1.7887982191240865e-07,1.5994516993507432e-07,1.453083314603486e-07,1.334094482844756e-07,1.2348407557232278e-07,1.1486942906207992e-07,1.0715587704107995e-07,1.0039836863650102e-07,9.456959801337615e-08,8.953343619984466e-08,8.510125063524844e-08,8.116158837214457e-08,7.763606000504586e-08,7.442624284858753e-08,7.15728289824837e-08,6.901746985511088e-08,6.670075723495966e-08,6.457666071480443e-08,6.262990631537015e-08,6.085674748645773e-08,5.921589067921306e-08,5.7711779833622e-08,5.622890408612102e-08
4.11535639828458e-10,1.3124734690122215e-09,2.7981164900581836e-09,5.808872140064638e-09,1.549318515585832e-08,8.877607169097206e-08,1.4544948870784526e-06,0.999990189344783,4.234533919109302e-06,1.0295452860938748e-06,5.192074976977633e-07,3.0936786809415657e-07,2.2206008906858433e-07,1.7514251087518148e-07,1.4637773962765504e-07,1.2677435515077344e-07,1.126040205873965e-07,1.0156018401085705e-07,9.283309367198598e-08,8.58698022418621e-08,8.009265155010461e-08,7.519360328412503e-08,7.090353354410633e-08,6.704287334078796e-08,6.361874465176973e-08,6.061582860821613e-08,5.797779448974795e-08,5.5625281218398416e-08,5.3509798499518195e-08,5.1596177958723083e-08,4.983994478601999e-08,4.8258916104386304e-08,4.68270058850692e-08,4.551685911910841e-08,4.4306751889535e-08,4.3189196419206816e-08,4.216231522960624e-08,4.1206182420686706e-08,4.032276500315359e-08,3.9454803550777005e-08
2.819794904814458e-10,1.0438866575123073e-09,2.2389990446875573e-09,4.452614144789425e-09,1.0116104466794639e-08,2.8058795960566875e-08,5.2861296857343404e-08,7.487428509893083e-08,1.0167099286863665e-07,1.3582982133562162e-07,1.8031482979058638e-07,2.2547152257261133e-07,2.814939214188359e-07,3.5145871438515487e-07,4.4405443132995246e-07,5.690567271723153e-07,7.494481366655562e-07,1.000544234895477e-06,1.381498884622725e-06,2.085720236159808e-06,3.6048431413526625e-06,7.89007409678474e-06,3.225459536372502e-05,0.9997207307522937,0.0001617614212646556,2.632164650802368e-05,1.2013948136872449e-05,6.9917584879024336e-06,4.629849714939593e-06,3.3061081369197082e-06,2.4527607992451515e-06,1.946208731211929e-06,1.6110831627262535e-06,1.367694153794838e-06,1.1796305625101243e-06,1.0336791385131744e-06,9.216243708696738e-07,8.295176256411895e-07,7.559323708961623e-07,6.811966742536894e-07
3.419215668181005e-10,1.171629005777071e-09,2.512060728087634e-09,5.128277449487773e-09,1.2736578355487633e-08,4.9298655726142e-08,1.5425598027490574e-07,3.135890725971775e-07,6.748901563697125e-07,1.8936228932090269e-06,0.9998445572096252,0.00012748682871021602,9.503487538932037e-06,3.691188213023994e-06,2.1836927005547796e-06,1.4987812903313862e-06,1.128472972496261e-06,8.762423880450285e-07,7.090460861646246e-07,5.971546694201434e-07,5.133367326017163e-07,4.478160168929265e-07,3.9315582072348137e-07,3.4584906115310277e-07,3.0703347578191387e-07,2.760103910584699e-07,2.510391268114287e-07,2.302556149514997e-07,2.1265161020023237e-07,1.9757077296422184e-07,1.8430286282188839e-07,1.7303517044054223e-07,1.6333814019454661e-07,1.548278061629186e-07,1.4722962868412326e-07,1.4044791967996969e-07,1.344458796091439e-07,1.2900732047545736e-07,1.241455398789758e-07,1.193340449167203e-07
3.7653534023237576e-10,1.2425084093882696e-09,2.6579483468092556e-09,5.4801056361304284e-09,1.4162240653764095e-08,6.695265619509691e-08,3.61526502557761e-07,1.343593825142595e-06,1.7881340517156078e-05,0.9999695293970015,5.116219705064385e-06,1.1848589909200095e-06,6.650270551092656e-07,4.5987626050088886e-07,3.547295625387861e-07,2.903544717642033e-07,2.473105930594011e-07,2.1510529537927626e-07,1.9074993075655503e-07,1.7214698581888788e-07,1.5713489277386305e-07,1.4468583668744404e-07,1.3391473238726688e-07,1.2428858207409704e-07,1.1589629763311185e-07,1.0870331764328529e-07,1.0252721207969584e-07,9.711867807777993e-08,9.233201714577048e-08,8.806565035474406e-08,8.419319228403025e-08,8.076639290789845e-08,7.77099620037626e-08,7.494811967096712e-08,7.242266683472046e-08,7.011438959858786e-08,6.801843088998867e-08,6.60831336944217e-08,6.431399516967679e-08,6.256818655176037e-08
2.575430441229478e-10,9.91067374001916e-10,2.1254776515652326e-09,4.1762005683303355e-09,9.142144942183343e-09,2.279195677686387e-08,3.865728052014489e-08,5.1720962731908284e-08,6.643631228042004e-08,8.381006775400885e-08,1.0458335888937363e-07,1.2539683260006196e-07,1.498973848464744e-07,1.7893240637316774e-07,2.146239986129631e-07,2.588238401533889e-07,3.152502302893346e-07,3.8513641529546054e-07,4.7558057802209735e-07,6.025902484750923e-07,7.850969020614718e-07,1.0610277508060217e-06,1.4768876903244115e-06,2.055693098431741e-06,2.8868313609564555e-06,4.22001927847274e-06,6.751737881705929e-06,1.2296475935254446e-05,3.0017318753567575e-05,0.0007309050738335145,0.9985042319789672,0.0005617981389775781,5.79199069044608e-05,3.1255482737562724e-05,1.6795976441128814e-05,1.060860378160186e-05,7.690081508988724e-06,5.839297975579749e-06,4.715292708146756e-06,3.5344039903506287e-06
3.114106887904117e-10,1.1073622353469995e-09,2.376002276225569e-09,4.79274595953299e-09,1.14043297336391e-08,3.700608066499952e-08,8.505237240948835e-08,1.3666537349956951e-07,2.1342073920205912e-07,3.369399613082857e-07,5.565782647662031e-07,8.059198600494594e-07,1.1964397317437029e-06,1.821746655677293e-06,3.042304341589041e-06,5.9272998821796195e-06,1.896175960208057e-05,0.0001756954809925808,0.99958691284836,0.00015477341756511002,2.2919968385899673e-05,9.009888985668467e-06,4.623936002138191e-06,2.6929655182647435e-06,1.8039912499207135e-06,1.3362746620928304e-06,1.0571192176748593e-06,8.688589515025239e-07,7.33713155743708e-07,6.325334070390715e-07,5.52314193118107e-07,4.914638369352042e-07,4.4365465459939156e-07,4.0457541465172946e-07,3.716127780132514e-07,3.4372696531093396e-07,3.20340807192311e-07,2.9996923486383573e-07,2.8253921285440535e-07,2.652945930875785e-07
4.598010862628167e-07,0.9999914476623272,6.740933793352903e-06,8.10086351055734e-07,4.0068557075038024e-07,4.530671333060507e-08,1.452026470553845e-08,8.515855430616656e-09,6.182987829150363e-09,4.954911870004986e-09,4.195484195091091e-09,3.6733457911937606e-09,3.295814842855826e-09,3.0095527510448303e-09,2.7848699662446833e-09,2.6034244313435863e-09,2.4536427041208197e-09,2.327448513850697e-09,2.219642745158135e-09,2.1264746043445517e-09,2.0449696501703286e-09,1.9729663137540392e-09,1.9087234735735492e-09,1.8508903880566672e-09,1.7985880061527029e-09,1.7511027620377778e-09,1.7077992905676243e-09,1.6680963962465724e-09,1.6315319005423396e-09,1.5977278887901376e-09,1.5663332916068071e-09,1.5371586636419744e-09,1.5099635253580264e-09,1.4845279565790567e-09,1.4606619372784159e-09,1.4382245533342609e-09,1.4171051238315038e-09,1.3971605421139193e-09,1.3783132159847719e-09,1.3603363660969996e-09
2.490064623154986e-10,9.725667897377745e-10,2.0857806288115788e-09,4.080608182581336e-09,8.8192767693522e-09,2.1261194934645294e-08,3.5013170608572075e-08,4.6125792231554176e-08,5.839305172128498e-08,7.259225924215417e-08,8.920673069543934e-08,1.0576907627349506e-07,1.2495373572388393e-07,1.4731840764631072e-07,1.7424327584626355e-07,2.0682328291638884e-07,2.471934450997914e-07,2.9575506854381786e-07,3.561844963493162e-07,4.361163188077404e-07,5.428594202328421e-07,6.896040020632291e-07,8.876917981552909e-07,1.136156069189957e-06,1.4557766959827028e-06,1.899541678839273e-06,2.563680357388779e-06,3.570448120043768e-06,5.1598079381022055e-06,7.830960139994333e-06,1.1407591298105356e-05,1.8987295855173246e-05,4.0617404878838105e-05,6.956792667421708e-05,0.9994018383598389,0.0002738495390695002,7.89671202718295e-05,3.9385424403817655e-05,2.542242519831141e-05,1.1699885142864714e-05
2.447497912024173e-10,9.63329316934484e-10,2.0659683101390666e-09,4.0330886949027896e-09,8.661333909408195e-09,2.0546142367280705e-08,3.337674869892565e-08,4.365560875061391e-08,5.489872354711836e-08,6.77930434209339e-08,8.273178358178026e-08,9.758195800692583e-08,1.1464970811654456e-07,1.3438786781502311e-07,1.5791658945391637e-07,1.8607977090178997e-07,2.2051047748225028e-07,2.6138742066160663e-07,3.113920120534079e-07,3.759003124091861e-07,4.5948829276733455e-07,5.701989782575813e-07,7.135431161550576e-07,8.866149702801367e-07,1.1003554949108304e-06,1.3823120454451506e-06,1.7760529102931142e-06,2.3254548156763597e-06,3.1011004663117103e-06,4.212750799606193e-06,5.578059846523397e-06,7.807021967047425e-06,1.2062052760302845e-05,2.0964271948065522e-05,3.7645961806935456e-05,4.954051678827353e-05,0.0005044971134858687,0.9982070876275151,0.0011097069389058303,2.6297151194456412e-05
2.7475230644367097e-10,1.0282878879057314e-09,2.205450569939629e-09,4.370471123210345e-09,9.82032124684382e-09,2.6346309787302618e-08,4.7935620928217275e-08,6.659688131716311e-08,8.871169216849489e-08,1.1615466870626482e-07,1.5082798140588103e-07,1.8589737792880302e-07,2.2868464454399038e-07,2.8124838365605975e-07,3.4911203366985557e-07,4.3806245258310245e-07,5.609707191908988e-07,7.255700416331061e-07,9.626119298191942e-07,1.3600803870971126e-06,2.0880224283122276e-06,3.6688986962589673e-06,7.698508947519828e-06,2.00717629329203e-05,7.532434429718432e-05,0.9992591244572848,0.0005467060254935147,3.512956776114592e-05,1.4285289252870868e-05,8.047810439095493e-06,5.05878029306752e-06,3.678411177520759e-06,2.869497195892576e-06,2.322296691623466e-06,1.9209073759430927e-06,1.6255942613815843e-06,1.4105746240273748e-06,1.2395918226576526e-06,1.1082342325746997e-06,9.741971206900875e-07
3.0102889032503934e-10,1.084997528316216e-09,2.3276837160987445e-09,4.6720376087485426e-09,1.0935533925652995e-08,3.343663931167975e-08,7.072962377870181e-08,1.0743442238119698e-07,1.570838043344708e-07,2.2804481894944024e-07,3.3428023131167445e-07,4.4567565525632675e-07,5.961026886939172e-07,8.0123531743027e-07,1.1119791089406544e-06,1.6063235504054116e-06,2.5154086278820465e-06,4.059330329690791e-06,7.381135928204226e-06,2.1341027824708237e-05,0.00015206738406164222,0.9997530412169321,2.868600797143858e-05,7.967796896244297e-06,4.016469006274464e-06,2.5879729419207354e-06,1.8833724078401896e-06,1.4576802688433926e-06,1.1755611286498609e-06,9.768635760257256e-07,8.261362289122848e-07,7.175899079850087e-07,6.355856113606051e-07,5.703994822958211e-07,5.165541901932048e-07,4.719165974742427e-07,4.352609711535631e-07,4.03775876262107e-07,3.772810827119811e-07,3.5086449681807555e-07
3.039942098564147e-10,1.0913967969424441e-09,2.3415230547381478e-09,4.7065781147762796e-09,1.1068552293459479e-08,3.441062393248497e-08,7.442368940161825e-08,1.1470559343117826e-07,1.7051075901819505e-07,2.525704739681506e-07,3.8023712856388114e-07,5.161182347462071e-07,7.051161349728698e-07,9.71196126247421e-07,1.3939233986973314e-06,2.1094199631577618e-06,3.5740032958200695e-06,6.416859548047611e-06,1.4370364541064688e-05,6.48548813550463e-05,0.9997422137050886,0.0001259214956766317,1.5402763881961913e-05,5.66821297350397e-06,3.1590764606710404e-06,2.1271216776091316e-06,1.5877346868863758e-06,1.25135438749498e-06,1.0232575342799536e-06,8.597742729687776e-07,7.34204558805328e-07,6.423607759012535e-07,5.721688822336078e-07,5.159248486058325e-07,4.691907046754967e-07,4.3022063487829547e-07,3.980209717072134e-07,3.702514537217312e-07,3.467690890293051e-07,3.2342523013604396e-07
8.718746915663538e-08,2.854553991687122e-07,1.2489794261668982e-06,3.4333655898565595e-05,0.9999638910835705,5.417849265364416e-08,1.5577673490318694e-08,8.950121331980478e-09,6.448470548025777e-09,5.147668958154595e-09,4.348775163745635e-09,3.801858350043359e-09,3.4076632778188665e-09,3.109463799409144e-09,2.8758355893835758e-09,2.68743623068855e-09,2.5320962184074268e-09,2.401342744245265e-09,2.289732917443298e-09,2.1933459099568624e-09,2.1090758738391077e-09,2.034668813267946e-09,1.968310629869693e-09,1.9085953966113967e-09,1.85460990582128e-09,1.8056132412177605e-09,1.7609456566314768e-09,1.7200035991277252e-09,1.682307500956021e-09,1.6474654874138689e-09,1.6151134486437345e-09,1.5850557082698513e-09,1.5570431050976817e-09,1.5308477735546138e-09,1.5062729016571996e-09,1.4831727600547315e-09,1.4614330212143456e-09,1.4409054584264727e-09,1.4215100511610607e-09,1.403011265095202e-09
2.546940276138789e-10,9.848968407598532e-10,2.112235522985652e-09,4.144256781783961e-09,9.033490228903603e-09,2.2266137786785307e-08,3.738341309177494e-08,4.975003314966402e-08,6.358283621982279e-08,7.980326134460901e-08,9.905274696176819e-08,1.1830846881476677e-07,1.408525822238158e-07,1.6742207816942667e-07,1.9985228795582024e-07,2.3969671839187674e-07,2.9003772712409576e-07,3.5175777290930865e-07,4.30538847840807e-07,5.38819978014427e-07,6.903485991282931e-07,9.11517930680206e-07,1.2313444816165827e-06,1.6592928288289843e-06,2.2489200383920448e-06,3.143181118245447e-06,4.676367552967526e-06,7.4987205783314006e-06,1.3731450451828564e-05,3.266357328539165e-05,5.9447470897920065e-05,0.0006718683929475095,0.9990450660694796,5.604733606053546e-05,4.096228870358933e-05,2.067728459933061e-05,1.3269024748107858e-05,9.240562953198136e-06,7.1149563546196736e-06,4.936109289500578e-06
0.9999990494490991,4.4174896676713683e-07,1.812348818980488e-07,1.177958273289944e-07,8.988856590227552e-08,3.133183805743471e-08,1.2472574130515719e-08,7.680064117000245e-09,5.6846826890051185e-09,4.601877796168007e-09,3.920650794352993e-09,3.447059384750173e-09,3.1018882522433045e-09,2.838612509884113e-09,2.6310240543012444e-09,2.4627725858893974e-09,2.323468792397612e-09,2.205814265343021e-09,2.1050931690190995e-09,2.0178897030812886e-09,1.9414834733556068e-09,1.873892093403946e-09,1.8135137557735617e-09,1.7591028417112062e-09,1.7098480765112055e-09,1.665089895363067e-09,1.6242398793413017e-09,1.586758704222195e-09,1.5522169297334026e-09,1.5202630011462287e-09,1.4905698473911864e-09,1.4629610155825121e-09,1.437212133629955e-09,1.4131177938085214e-09,1.3905003443598707e-09,1.3692279500652792e-09,1.3491970052915965e-09,1.3302734334762482e-09,1.3123844936467216e-09,1.2953174462503244e-09
2.6755292783095903e-10,1.0127239625462386e-09,2.1719818932377447e-09,4.288867288416921e-09,9.531703563877291e-09,2.4773061265551512e-08,4.3678074007636246e-08,5.965355615077172e-08,7.814838535960784e-08,1.005755201369196e-07,1.2819197726431836e-07,1.5600857841571777e-07,1.894084575752555e-07,2.2978756913054415e-07,2.807583594323835e-07,3.4581431515514486e-07,4.323617973359549e-07,5.439852021751113e-07,6.967078402325451e-07,9.31469094121809e-07,1.3106308600455409e-06,1.9868431672283387e-06,3.2377094689266223e-06,5.372613722692375e-06,9.238116609135624e-06,1.8360632084111777e-05,6.523575867624869e-05,0.9991137739330833,0.0006941476728689707,3.638725751180912e-05,1.345370753361691e-05,8.423633145116116e-06,6.04992566237309e-06,4.5814460538459606e-06,3.565198777685391e-06,2.8682453108984772e-06,2.3961671819027638e-06,2.0347097560614734e-06,1.7709192437254006e-06,1.4982122547894704e-06
2.733089667195687e-10,1.0251683728287419e-09,2.1987391980020556e-09,4.3540727653511285e-09,9.761882901050264e-09,2.602009575405571e-08,4.7032079497568444e-08,6.510633474714658e-08,8.641920449122736e-08,1.1273643608387677e-07,1.4580364345992444e-07,1.792190510753572e-07,2.1985215802219144e-07,2.696020081847369e-07,3.3352390143551533e-07,4.16828658327979e-07,5.309861094110814e-07,6.826299040889966e-07,8.986100458017274e-07,1.253860904800573e-06,1.8855960755540072e-06,3.192140001243549e-06,6.225916631960931e-06,1.3752365156818328e-05,3.885352695311825e-05,0.0005510861624965317,0.9992624618484539,6.267404897464293e-05,1.9359355275598737e-05,9.98932067910602e-06,5.959488835196927e-06,4.24387859721256e-06,3.2674097374856873e-06,2.6158546791653136e-06,2.1424821456527174e-06,1.7981706821693026e-06,1.5504484293674772e-06,1.3548057814170615e-06,1.2058196388386275e-06,1.053502211178177e-06
3.202460113431743e-10,1.1262306445623084e-09,2.4164779353091475e-09,4.893585520301697e-09,1.180214028924292e-08,4.033700461625875e-08,1.0049020742179936e-07,1.7116729237027242e-07,2.876648493620156e-07,5.047802633973994e-07,1.0055428529190332e-06,1.667818448774059e-06,3.02566225926564e-06,5.9543395146761134e-06,1.5755725571442088e-05,9.937616228394115e-05,0.9998164479937138,2.6330572865586403e-05,8.899967396846512e-06,5.086861132074507e-06,3.3203335876683367e-06,2.3244754555731003e-06,1.6860095581237487e-06,1.2464148329178062e-06,9.642210803441934e-07,7.814171386876495e-07,6.565910310111933e-07,5.646051950155731e-07,4.940001218089579e-07,4.3829024907410574e-07,3.923450583918092e-07,3.55995035438706e-07,3.264804087014536e-07,3.017482071705939e-07,2.804783887119272e-07,2.621546532035888e-07,2.4650583383775786e-07,2.3269715648856558e-07,2.207100161114425e-07,2.0886641670038022e-07
4.519101503930387e-10,1.3915762581897156e-09,2.9525696949087147e-09,6.15859456458809e-09,1.6876968581391268e-08,1.1560366822135648e-07,0.9999947288792256,2.752991793146208e-06,5.288252989364539e-07,2.715443240189836e-07,1.8128750008019625e-07,1.3185543254233263e-07,1.0525617034204957e-07,8.860769806490617e-08,7.733772247722633e-08,6.915066273480738e-08,6.29450301841554e-08,5.7971410627785075e-08,5.393132383954324e-08,5.061988324365532e-08,4.782113858828696e-08,4.541246880047182e-08,4.3285242799085533e-08,4.136308401398908e-08,3.9642068549913225e-08,3.811297966612515e-08,3.675187414781008e-08,3.5525382096611994e-08,3.4412232459731286e-08,3.33967082504464e-08,3.2459037586013996e-08,3.160613932403508e-08,3.082644582168704e-08,3.010767416434262e-08,2.943981542862642e-08,2.881915539268579e-08,2.8244626251851356e-08,2.770690543961989e-08,2.7206699327009967e-08,2.6717049699911218e-08
2.4616963349006406e-10,9.664130270527658e-10,2.0725847212685136e-09,4.04895210033614e-09,8.713896865795127e-09,2.0781846377489882e-08,3.391190706125768e-08,4.446108897284835e-08,5.603497199428175e-08,6.93496023955135e-08,8.48263056452661e-08,1.0022689187464186e-07,1.1797400470496667e-07,1.3855379490368874e-07,1.6316799716485608e-07,1.9273864765236782e-07,2.2905350306678021e-07,2.723580890623004e-07,3.2563476997358054e-07,3.9493264904698e-07,4.856205271571625e-07,6.072086339427772e-07,7.667968430904804e-07,9.619152635486695e-07,1.206173124413588e-06,1.5339348583891761e-06,2.0021225320512653e-06,2.673120096397956e-06,3.6532529051322354e-06,5.123535973933307e-06,6.980082934241831e-06,1.0258134246223313e-05,1.7406662306213222e-05,3.559313270746435e-05,6.84610476804936e-05,0.00015065005016145415,0.9990843349625496,0.000505584041657168,7.845118041490784e-05,2.090759622709553e-05
2.5896677945081526e-10,9.941474733565364e-10,2.132083965891376e-09,4.192147420711708e-09,9.196638319315073e-09,2.305970244566436e-08,3.931455457995345e-08,5.274347109539303e-08,6.792402231938187e-08,8.590891258659229e-08,1.0749425595467962e-07,1.2913590384244287e-07,1.546781971648836e-07,1.8502761820601924e-07,2.224631833223563e-07,2.6900072674643526e-07,3.2871520268676013e-07,4.0303705676606115e-07,4.998734616013772e-07,6.373245344655329e-07,8.374802977865715e-07,1.1455058574737032e-06,1.619345201993136e-06,2.290894314391772e-06,3.2721298033230416e-06,4.879658556742101e-06,8.074637213302581e-06,1.5604586099811033e-05,4.547789073108713e-05,0.9989975880707923,0.000758259093284713,6.857662869399414e-05,3.2950662997284495e-05,1.882613351307509e-05,1.1598033942841879e-05,7.979648676934703e-06,6.055236240564799e-06,4.749854310305987e-06,3.9102849165936875e-06,3.020806461671261e-06
3.4050349339911483e-10,1.1687106446772474e-09,2.5060301944961966e-09,5.1137408243434345e-09,1.2679095846513734e-08,4.870620074121448e-08,1.5011867240282716e-07,3.0177213159616676e-07,6.398873685580323e-07,1.744158680992298e-06,0.0001313896998085474,0.9998329784401401,1.4947047010245083e-05,4.741489869370899e-06,2.6345094922700956e-06,1.7471975537310982e-06,1.2880656445988556e-06,9.827089060455331e-07,7.850927871567478e-07,6.554197432570038e-07,5.594031558706896e-07,4.849921732641413e-07,4.233185497411634e-07,3.702679473795154e-07,3.2708033965405904e-07,2.9282810395395557e-07,2.6543943976700173e-07,2.427616477909209e-07,2.236367193234255e-07,2.0731504628768337e-07,1.929995914362385e-07,1.8088458082736265e-07,1.7048917923347857e-07,1.613880516306873e-07,1.5327873072371507e-07,1.460547340371304e-07,1.396737726048194e-07,1.3390051613172174e-07,1.2874804311781917e-07,1.2364987389879758e-07
2.433330836940497e-10,9.602537166501608e-10,2.059374651540628e-09,4.017304086848717e-09,8.609256579479874e-09,2.0315085099468072e-08,3.285674147427493e-08,4.287608069512824e-08,5.380338973449102e-08,6.62982671653827e-08,8.072834850577516e-08,9.505922052520648e-08,1.1148849473780301e-07,1.304389489882495e-07,1.5295688731917715e-07,1.7981694239310008e-07,2.1251547420432946e-07,2.511772393033028e-07,2.9822271087829287e-07,3.584516928325316e-07,4.357910552195106e-07,5.370935900177948e-07,6.66672412538854e-07,8.214212842792687e-07,1.0103230137615483e-06,1.2558888447682636e-06,1.5923660041507368e-06,2.051851840882136e-06,2.6837846243827278e-06,3.5595544562152033e-06,4.618322801785015e-06,6.25391902921737e-06,9.110485362518994e-06,1.4452895209086044e-05,2.4012842427581944e-05,4.155852908789441e-05,9.079950673276593e-05,0.0011246638659130552,0.9986334458306716,3.425112782179254e-05
2.7908587084444296e-10,1.0376449544348756e-09,2.2255759993582105e-09,4.4197109563894836e-09,9.997001058862524e-09,2.735654541588539e-08,5.080324830483061e-08,7.138408464068834e-08,9.61586971568569e-08,1.273868023909072e-07,1.6754170074199184e-07,2.0824917008993474e-07,2.584131358685577e-07,3.2065173837872326e-07,4.021919201223181e-07,5.109503517375634e-07,6.651226773863944e-07,8.765392045500429e-07,1.1909656713942119e-06,1.7498944653408834e-06,2.875662837949647e-06,5.739739459316801e-06,1.650860141952545e-05,0.0001575487957881828,0.9996607780367792,8.668869027598881e-05,2.468949122703703e-05,1.1402093968770736e-05,6.780815879085961e-06,4.538571084688984e-06,3.200937200901636e-06,2.4640412180060405e-06,1.9966316778672505e-06,1.6661682290304492e-06,1.4158594133518561e-06,1.2253817820192792e-06,1.0819361941152187e-06,9.654844731836342e-07,8.73773057747507e-07,7.804943513743512e-07
3.2611363702683966e-10,1.138682646804137e-09,2.4430461382448033e-09,4.959614682706235e-09,1.206546618595579e-08,4.2710395054777733e-08,1.1293991451078181e-07,2.0142929094702192e-07,3.603849594025553e-07,7.016369268820064e-07,1.7912367902554371e-06,3.6921829901964904e-06,1.0259248636213946e-05,4.595642058569897e-05,0.9998262914606237,7.306015030216424e-05,1.533347589652724e-05,6.0935232944361874e-06,3.425258269965777e-06,2.3563542585945433e-06,1.7431790487183054e-06,1.344814319855756e-06,1.0574628266885388e-06,8.392123263138339e-07,6.845075053025825e-07,5.760519952194403e-07,4.975354059460478e-07,4.3721970143932536e-07,3.893825621252596e-07,3.5061789165581004e-07,3.179852497353996e-07,2.915852640132804e-07,2.6976213180171065e-07,2.512192499089996e-07,2.350954179074753e-07,2.2105990546611844e-07,2.0894721528505563e-07,1.9817786325450243e-07,1.88749647309012e-07,1.7943794095763286e-07
2.9748708014075813e-07,7.457042323478477e-06,0.9999900502050434,1.468204058890678e-06,5.832893401822048e-07,4.7385563030188626e-08,1.4770605860008983e-08,8.615777484416668e-09,6.242709647763546e-09,4.997509710978341e-09,4.228888766213701e-09,3.7010369585007202e-09,3.319692988719167e-09,3.03071747497704e-09,2.8040128616492042e-09,2.6210035609727992e-09,2.4699774571655643e-09,2.342766861670727e-09,2.2341161839720953e-09,2.140235431142585e-09,2.0581202129188e-09,1.9855878811573022e-09,1.9208808288260846e-09,1.8626358693405794e-09,1.8099660766544296e-09,1.762151599370631e-09,1.718551548051937e-09,1.6785797407427469e-09,1.6417701117304191e-09,1.6077416200661817e-09,1.5761403189399685e-09,1.5467752889787444e-09,1.519404126882175e-09,1.4938051667776538e-09,1.4697868993226704e-09,1.4472073349162079e-09,1.4259549652312606e-09,1.4058855806908422e-09,1.3869210295309361e-09,1.3688327374900053e-09
3.3047172874229757e-10,1.1478550417323549e-09,2.4624570124334792e-09,5.007517109197751e-09,1.2256643239118512e-08,4.451044437797664e-08,1.23212923484776e-07,2.2780346306639383e-07,4.2884271661030394e-07,9.169952994949694e-07,3.19714624395298e-06,9.321055917484779e-06,0.0001533102918407896,0.9997684637344155,3.471908999808581e-05,9.846961439116844e-06,5.019765390187521e-06,2.9217079054077626e-06,1.9652469177224917e-06,1.4770212238879372e-06,1.162957930719224e-06,9.427598506565075e-07,7.739322366743521e-07,6.387123714071138e-07,5.373610414581846e-07,4.6285912925732244e-07,4.0689081392204025e-07,3.6270651015851104e-07,3.2688598483054744e-07,2.9732533685102125e-07,2.720819861144971e-07,2.513424121003954e-07,2.3398082241932652e-07,2.1908073571707887e-07,2.060195689941013e-07,1.9456344784324676e-07,1.8460134543029724e-07,1.756940498436114e-07,1.6784742170137698e-07,1.6009472913165237e-07
2.921826350039669e-10,1.0659002447215633e-09,2.2864243642301657e-09,4.569503861396844e-09,1.0547049081477672e-08,3.076035183730271e-08,6.133784915148611e-08,8.979634457591813e-08,1.2613829882900608e-07,1.7483287807459898e-07,2.420371927409492e-07,3.1087009563770713e-07,3.989764924220115e-07,5.125056982318615e-07,6.703244080929704e-07,8.962564801919236e-07,1.2513267751870361e-06,1.777226067145336e-06,2.642169819678672e-06,4.6459758973151685e-06,1.113432016217819e-05,5.189463390496075e-05,0.9998551595559605,3.5994722336971766e-05,9.799609689594057e-06,5.268672924929045e-06,3.4809390249106414e-06,2.5104806294992182e-06,1.9165168615881783e-06,1.5242174223727138e-06,1.2405068638860437e-06,1.0478318019125679e-06,9.083770950305076e-07,8.007520903299777e-07,7.13766493199021e-07,6.432006733128533e-07,5.865487599340953e-07,5.386023618054224e-07,4.989611092446587e-07,4.5904466043340556e-07
2.475869709144167e-10,9.694874100134363e-10,2.0791756955172875e-09,4.064753519573629e-09,8.76639442441515e-09,2.1019402684114386e-08,3.4455288692414136e-08,4.528083850712546e-08,5.719397886561184e-08,7.094046704399502e-08,8.697130883062385e-08,1.0293734830240451e-07,1.2138304749152023e-07,1.4282872833437677e-07,1.6856139701113928e-07,1.99585020063447e-07,2.3785141677560237e-07,2.8367749832089524e-07,3.4037049928593326e-07,4.147167107746743e-07,5.129681539338335e-07,6.462981511184754e-07,8.236632567369733e-07,1.0431686738301785e-06,1.3215148903581558e-06,1.701104479977133e-06,2.255254462273806e-06,3.0701241075220623e-06,4.3024329632517525e-06,6.245163317719448e-06,8.760719773883476e-06,1.3574008426014585e-05,2.5305983654834122e-05,5.2368752347101926e-05,0.00026575852220847004,0.9993562338381443,0.00015054010713116983,4.6334148531071124e-05,4.142772118489388e-05,1.5337625683476078e-05
7.640680446995281e-10,1.9977085983407366e-09,4.124940399390371e-09,8.817181652476107e-09,2.8585784852048622e-08,0.9999984949008068,8.937317349624934e-07,9.807108433841976e-08,5.286672841962721e-08,3.727386627200569e-08,2.9402897559118937e-08,2.449641769491956e-08,2.1284911179534397e-08,1.901632621452776e-08,1.733252946014001e-08,1.602856930792619e-08,1.4988357377788076e-08,1.4131344670018478e-08,1.3414578135958316e-08,1.2807891606509807e-08,1.2284998421398717e-08,1.1828532469565323e-08,1.1423798336286942e-08,1.105984034315581e-08,1.073222916377972e-08,1.0437207242667557e-08,1.0170569160314143e-08,9.927698632086377e-09,9.705229328552915e-09,9.500554105597561e-09,9.310877022221441e-09,9.135942207666351e-09,8.974003144745372e-09,8.823326224555236e-09,8.682436420302051e-09,8.550520159470902e-09,8.427097651072e-09,8.31090135976267e-09,8.201713166806594e-09,8.09647258225841e-09
3.128848765970578e-10,1.1105188083076371e-09,2.3827876851323217e-09,4.809658390885248e-09,1.1470617742923874e-08,3.7540494094925476e-08,8.738212189053269e-08,1.4166157435421984e-07,2.2362197253294248e-07,3.5823017373809873e-07,6.05493812087235e-07,8.907243842729181e-07,1.3507446591965779e-06,2.1097774630346167e-06,3.671193397714646e-06,7.736154553400489e-06,3.194998554839082e-05,0.9997108263328355,0.000165027226865664,3.95141304427925e-05,1.3416594716295462e-05,6.506473664698999e-06,3.7295355166726425e-06,2.3157209139053326e-06,1.6042734900697894e-06,1.2114935330423664e-06,9.702979895307333e-07,8.046827934897431e-07,6.842191968350753e-07,5.931155394590853e-07,5.203402647356002e-07,4.6469813553475306e-07,4.207126600145655e-07,3.845952017679581e-07,3.5402324918293177e-07,3.280746851809419e-07,3.0624166306707174e-07,2.8717907232637633e-07,2.708265955054635e-07,2.5465327747472925e-07
3.319130084574847e-10,1.150869964140538e-09,2.468796622538551e-09,5.023065068176007e-09,1.2318530429206391e-08,4.5105233420399066e-08,1.2676034033584287e-07,2.3713934679586006e-07,4.539403980907064e-07,1.0024018298096679e-06,4.004608343181064e-06,1.3918232614738521e-05,0.9997941866212215,0.0001460526555537554,1.674667937999909e-05,6.683992485265473e-06,3.804169399972794e-06,2.3783728724812064e-06,1.6670815561698683e-06,1.2822214230471078e-06,1.0267974023869028e-06,8.438361923653912e-07,7.011581893329056e-07,5.851536324494149e-07,4.967906672793314e-07,4.309129466261992e-07,3.808630797025272e-07,3.410156566686172e-07,3.084872340874142e-07,2.81487623614379e-07,2.5832582659253804e-07,2.3920204208332e-07,2.231277520281645e-07,2.0928748070126748e-07,1.9712312983388636e-07,1.8642693452256978e-07,1.7710239917291747e-07,1.6874947543782201e-07,1.6137604026505023e-07,1.5408908270476747e-07
3.2318844734765304e-10,1.1324898304058828e-09,2.4298638160258908e-09,4.9269170842345e-09,1.1935011550919701e-08,4.151925929925716e-08,1.0654147842393378e-07,1.8563715839751878e-07,3.2163632781568434e-07,5.927868848556993e-07,1.3151466596239366e-06,2.3866374137977185e-06,5.09241618527543e-06,1.2819819644246743e-05,8.42323359573389e-05,0.9997791844723302,8.051334316216332e-05,1.1941925585439439e-05,5.384591708313002e-06,3.3997998095712137e-06,2.374828473574727e-06,1.7528024384186347e-06,1.3279671544191048e-06,1.0197705567372508e-06,8.112346512347294e-07,6.704582952922174e-07,5.713918118338515e-07,4.968238682988038e-07,4.386330022073037e-07,3.920981604708842e-07,3.5332144923643893e-07,3.222962234818267e-07,2.968773615201682e-07,2.7542896251307053e-07,2.568819590168499e-07,2.4082119336422935e-07,2.2703324269487652e-07,2.1482119470962181e-07,2.0417541098789592e-07,1.9366102498966775e-07
2.6611773224224353e-10,1.0096197419008984e-09,2.1653104908908633e-09,4.272650694292235e-09,9.474991575207922e-09,2.4474761276931942e-08,4.289844645890534e-08,5.840372987451109e-08,7.627772946020991e-08,9.786156446048278e-08,1.243167885508922e-07,1.5094262916370352e-07,1.8281638834923723e-07,2.212340533065886e-07,2.6952942745141826e-07,3.308765082376191e-07,4.1194706220237705e-07,5.158093657185373e-07,6.566241138289352e-07,8.698464994717076e-07,1.2073127933007875e-06,1.791574770319063e-06,2.8306620353782268e-06,4.5273375950180816e-06,7.417916741624842e-06,1.3467974872371171e-05,3.547826376727149e-05,0.0006941167209408879,0.9991142628865736,6.443379035994158e-05,1.7286170333218603e-05,1.0352451631097866e-05,7.267733305211697e-06,5.405089049039624e-06,4.136343914398513e-06,3.2832865463228073e-06,2.716507349205196e-06,2.2863063706302197e-06,1.976297112953985e-06,1.6544789853991574e-06
2.518474490250208e-10,9.78726658992114e-10,2.098993829785152e-09,4.112365099406157e-09,8.925759873422457e-09,2.1755498981720647e-08,3.6168401526394854e-08,4.7884940589077e-08,6.09022824159128e-08,7.606564563208363e-08,9.393088565436432e-08,1.1177094074427854e-07,1.3254467091158604e-07,1.56892440286067e-07,1.8640305035542548e-07,2.2237865213992142e-07,2.673776371187768e-07,3.2200717574676095e-07,3.9082118505965967e-07,4.835175034699125e-07,6.100809734455062e-07,7.889994720243492e-07,1.038311624456566e-06,1.3603418517361225e-06,1.787684432822531e-06,2.4046992550066907e-06,3.3823266808658104e-06,4.9795578696349944e-06,7.81953579180415e-06,1.3618929314317427e-05,2.2103361576810202e-05,4.449740283915702e-05,7.431117579222466e-05,0.9996227080690373,8.238303456741508e-05,5.006257704364429e-05,2.7681996342557325e-05,1.662219372423003e-05,1.188758197306188e-05,7.247515964810061e-06
9.493832139733639e-08,3.285201847249118e-07,1.693994552722813e-06,0.9999631002347986,3.462931487949174e-05,5.37699324456101e-08,1.552477006853703e-08,8.9267437860768e-09,6.433466606951225e-09,5.136396604889978e-09,4.339581959484317e-09,3.79400073703117e-09,3.4007187993593385e-09,3.1031824667054998e-09,2.87005688634338e-09,2.682052139752969e-09,2.5270302575911723e-09,2.396539828167546e-09,2.285150985832582e-09,2.188952085209943e-09,2.104844542832166e-09,2.0305794679793505e-09,1.9643468638322176e-09,1.904743918983205e-09,1.8508592725772049e-09,1.801953497606803e-09,1.7573682130486442e-09,1.716501154196247e-09,1.6788737509139078e-09,1.6440949280088376e-09,1.611801341346884e-09,1.5817976356044122e-09,1.553835155924219e-09,1.5276865074106671e-09,1.5031552815549447e-09,1.4800960262504054e-09,1.458394618194401e-09,1.4379031434730389e-09,1.4185417140626528e-09,1.4000753729781658e-09
