4.0059804419771416e-08,3.615765584171468e-08,3.705291660141053e-08,3.795384966494e-08,5.885129334720758e-08,0.9999963783936804,3.7341708000815075e-08,6.134153802996625e-08,2.658999402150731e-07,3.7419216451468516e-08,8.435806606768579e-08,3.532396016050893e-08,3.886521047724574e-08,3.967874617553418e-08,3.641140050455397e-08,3.788947262818399e-08,3.541874798741925e-08,5.872767067408776e-08,5.551540817662314e-08,3.5347581541135305e-08,4.2879166154170225e-07,6.709689803062827e-08,4.430408003758666e-08,5.3123850761153704e-08,6.083604157375056e-08,1.1411169768614885e-07,4.942059444687366e-08,3.587371221660376e-08,4.5729018568576826e-08,3.912240543654226e-08,1.0541872448262028e-06,4.042935568746593e-08,4.403531046091537e-08,2.075078732605173e-07,3.696409175588891e-08,4.947763277216469e-08,3.7605324907899586e-08,3.6788841613698596e-08,3.626325639692799e-08,6.691092996283079e-08
7.090440645516357e-08,6.200380669561138e-08,6.403483805443697e-08,6.608734050568827e-08,1.178759728505575e-07,8.231479898242208e-07,6.469451085120734e-08,1.2452381060823208e-07,1.8941302936289174e-06,6.487165856467216e-08,1.9055141976423136e-07,6.012810453024087e-08,6.816964077599888e-08,7.003279216137047e-08,6.257702954518032e-08,6.594101502921384e-08,6.034068822115779e-08,1.1753613982501975e-07,1.0881506005297334e-07,6.018108732977629e-08,1.6850435432277098e-05,1.39911325541368e-07,8.078137637810229e-08,1.025409805177074e-07,1.2320270919545423e-07,2.9604853604293366e-07,9.317511647670589e-08,6.136355947728333e-08,8.417656760007286e-08,6.875843165117613e-08,0.9999763327200293,7.174456027746327e-08,8.014381743224379e-08,9.070632346790216e-07,6.383240147621117e-08,9.331646859416034e-08,6.529539116407479e-08,6.343307850073103e-08,6.224208440173003e-08,1.3940608230744996e-07
7.908161310835541e-08,6.866609197600871e-08,7.104005432217603e-08,7.344141997677073e-08,1.3510247669342616e-07,5.802275196127488e-07,7.181230828336615e-08,1.4312154317979623e-07,3.40600804210845e-06,7.201971730329232e-08,2.235652973838035e-07,6.647784734477601e-08,7.587913684501631e-08,7.806120979490125e-08,6.933546239455381e-08,7.327031721164786e-08,6.672567113425015e-08,1.3468908638689333e-07,1.2410736068718533e-07,6.653961517591745e-08,0.9999731677424104,1.6162933589215108e-07,9.068567937455545e-08,1.1655322132202283e-07,1.4153830753255797e-07,3.571719439531448e-07,1.0536399126346397e-07,6.791878329815637e-08,9.469373626305209e-08,7.656868479164515e-08,1.7961939795604703e-05,8.006363911997536e-08,8.993361813590839e-08,1.2559379934869923e-06,7.080319391161482e-08,1.0553214910388518e-07,7.251540033111692e-08,7.033598851437297e-08,6.894426252087068e-08,1.6102043522291873e-07
1.732451692277751e-07,1.4034725352783194e-07,1.476978655445487e-07,1.5524100612022378e-07,3.964145161063874e-07,1.8025403624186692e-07,1.5012937510625532e-07,4.3299785292686566e-07,0.999962342869155,1.5078400824755878e-07,8.225946364524888e-07,1.3371562364885872e-07,1.629846150675601e-07,1.699764676005232e-07,1.4239934755274516e-07,1.5470417521053695e-07,1.3446024740048866e-07,3.943558974703434e-07,3.43501722790673e-07,1.3390119136032602e-07,2.1862231856290974e-06,5.13294959025892e-07,2.1191479087010687e-07,3.103436992694063e-07,4.263291857991134e-07,1.6904893903488376e-06,2.653897864232049e-07,1.3806869056514219e-07,2.2598390716475633e-07,1.6518977219273563e-07,6.04503369177215e-07,1.7635585862655695e-07,2.0930129209918367e-07,2.4647016064750905e-05,1.4695624699358103e-07,2.6603385997290043e-07,1.5233970570631416e-07,1.4549556008713784e-07,1.4119780135845438e-07,5.106282346282376e-07
2.744267127106824e-07,2.0796321060451128e-07,2.2232547821155523e-07,2.3737830417970483e-07,9.406191606820489e-07,1.4185776345474884e-07,2.2716172871072353e-07,1.0893715491317506e-06,1.627976040252159e-05,2.2846923170907004e-07,3.3031968312154793e-06,1.9531293683185468e-07,2.531344067207048e-07,2.6760706765799235e-07,2.1193241281430522e-07,2.3630115904954673e-07,1.9671945463627088e-07,9.318925693148962e-07,7.342546463776113e-07,1.9566325262268196e-07,1.2165512583766852e-06,1.4197325829046348e-06,3.5976391275194587e-07,6.243155383385778e-07,1.063958156402006e-06,3.388955540692278e-05,4.938574962385366e-07,2.0358573437864027e-07,3.9312576817160414e-07,2.57676100147206e-07,4.177232812582375e-07,2.809006944030438e-07,3.536840704972718e-07,0.9999298617935248,2.208591209988294e-07,4.955978465649661e-07,2.3157302728879318e-07,2.1797910508605366e-07,2.0960428696374126e-07,1.4082829478534827e-06
3.020454962710276e-07,2.251796119417358e-07,2.416459004884831e-07,2.589968563894158e-07,1.172551880287513e-06,1.3552585902862623e-07,2.4721500322293176e-07,1.3886727787794559e-06,7.591276392035987e-06,2.48722277853505e-07,5.198062454826513e-06,2.1076131122183614e-07,2.7725000481050453e-07,2.940919556238763e-07,2.297190455856908e-07,2.5775336674504094e-07,2.123605521780545e-07,1.1598051521801963e-06,8.80736166654458e-07,2.111595680530803e-07,1.0599571686435156e-06,1.872731340162888e-06,4.0304269053324663e-07,7.340759178562498e-07,1.352404115666977e-06,0.9999348194313515,5.673061973668994e-07,2.2018163862044741e-07,4.4327794668807493e-07,2.825281732763999e-07,3.869060057821438e-07,3.0959183521315176e-07,3.9574892412675297e-07,3.30235678212438e-05,2.3995983873322585e-07,5.694829148204076e-07,2.5229978281105417e-07,2.366507125752272e-07,2.2705532234829078e-07,1.8557076954518874e-06
5.352173181428177e-07,3.565194769832628e-07,3.925582960224996e-07,4.3194770535556737e-07,1.0233943230153515e-05,1.0329683693747934e-07,4.051155250109577e-07,2.9401471036593636e-05,1.0423670252161311e-06,4.0853946976658044e-07,0.1613617794851217,3.2618653498471525e-07,4.748430558955074e-07,5.15661324382253e-07,3.6628887243464444e-07,4.290952173071351e-07,3.294974798952356e-07,9.631786316310568e-06,3.4538042710116245e-06,3.2701023835654034e-07,4.855429249677399e-07,0.8374676075078097,8.104944827077351e-07,2.2493076501824253e-06,2.5643462884521774e-05,6.310513001894995e-06,1.3912243949666544e-06,3.4588352362684815e-07,9.358317819326054e-07,4.875183880795156e-07,2.440650809952068e-07,5.536902844382156e-07,7.886286652225277e-07,1.4075590124405108e-06,3.8879445558751316e-07,1.4002910321775868e-06,4.1665972219288684e-07,3.814445691760276e-07,3.605401480432312e-07,0.001066841686729152
5.708783581228595e-07,3.754729208182041e-07,4.146628424518815e-07,4.576506215151377e-07,1.4475873450713217e-05,9.952382791255836e-08,4.2836294387423264e-07,7.038288226019007e-05,8.810658220500828e-07,4.321011786107307e-07,2.2441799804963453e-05,3.42627039395676e-07,5.046106630602159e-07,5.494069999421114e-07,3.8607652261379825e-07,4.5453566767761916e-07,3.462062112248637e-07,1.3374039412698092e-05,4.013587177816527e-06,3.435174048695123e-07,4.399585239915182e-07,0.004170471002110614,8.755584601436372e-07,2.531658001929051e-06,5.788492838482776e-05,4.005346927306655e-06,1.5311234446718703e-06,3.639420798377726e-07,1.0156848886660986e-06,5.185125081373398e-07,2.292604402731514e-07,5.911177823209045e-07,8.511640119681095e-07,1.1536738809958833e-06,4.105610793365226e-07,1.5414807815268067e-06,4.4096293548938557e-07,4.0255511444228364e-07,3.7983491797961343e-07,0.995623082054414
6.189451821519675e-07,4.0061891806482496e-07,4.4411307975198544e-07,4.920341968868886e-07,2.3153991926493715e-05,9.507778576236207e-08,4.5938086261576175e-07,0.9973379995625905,7.324988211226645e-07,4.635506175905288e-07,9.056326194137774e-06,3.6435857370660497e-07,5.445799249668261e-07,5.948466009952857e-07,4.123591304344597e-07,4.885597183757478e-07,3.683014652487804e-07,2.067702163639011e-05,4.792630556447938e-06,3.6533932311922613e-07,3.9210376836278933e-07,9.620775348460828e-05,9.639278226071493e-07,2.9158348733537687e-06,0.002377164471459777,2.6769258808537046e-06,1.7213368149784222e-06,3.8787045651414276e-07,1.1242900099490331e-06,5.601687161996687e-07,2.1261594889453148e-07,6.415881406224954e-07,9.360579145760699e-07,9.320885361344328e-07,4.395484523823325e-07,1.7334396160570446e-06,4.7342888709545337e-07,4.306442876995499e-07,4.05445685381469e-07,0.0001071516001786397
5.331057192492106e-07,3.553851335309574e-07,3.9124517036671017e-07,4.30430728503909e-07,1.0008174840339856e-05,1.0349895094252266e-07,4.037374782024358e-07,2.8049778384108744e-05,1.0511605529862187e-06,4.071442181166788e-07,0.8385784819988641,3.2519689941303545e-07,4.730852211488529e-07,5.13665437873766e-07,3.651068522331824e-07,4.275932100942488e-07,3.28492356220548e-07,9.427658945197101e-06,3.413358076779929e-06,3.260167676244905e-07,4.879603894399149e-07,0.15819321617851254,8.066076462237233e-07,2.2302221065889973e-06,2.4606703113309818e-05,6.466276241434469e-06,1.382360320844423e-06,3.448002456454652e-07,9.310713772971741e-07,4.856878182582156e-07,2.4482897776285275e-07,5.514388900397857e-07,7.848907114557727e-07,1.4215705421221785e-06,3.8750042983000813e-07,1.3913390329930653e-06,4.1522249968479977e-07,3.8018766158484984e-07,3.5938634880615723e-07,0.0031272852158541206
6.44025911716935e-07,4.1369975205496286e-07,4.5946444014105695e-07,5.099858209522755e-07,2.6476937430241978e-05,9.284441146393351e-08,4.75560475891959e-07,0.002441747344923576,6.699685024320451e-07,4.799589220903788e-07,6.555465129109837e-06,3.7564316004743927e-07,5.654555870476872e-07,6.185703537795641e-07,4.260384518446034e-07,5.063225401994692e-07,3.7977726510182475e-07,2.3437567315010652e-05,5.111048079675415e-06,3.7667145267715236e-07,3.7001792254387054e-07,4.051885774523899e-05,1.0094230091215502e-06,3.0886625014016795e-06,0.9973889937810737,2.2431593963750883e-06,1.814416816766598e-06,4.003100974006936e-07,1.1797481638589514e-06,5.819252050221169e-07,2.0451517637932846e-07,6.678564975053378e-07,9.79812596502195e-07,8.420230353462383e-07,4.546552899326507e-07,1.8272899419022304e-06,4.903729711187644e-07,4.4527661807605153e-07,4.187712516772628e-07,4.3142001147145924e-05
2.7378305361321017e-06,1.1022806936156292e-06,1.3480621225607524e-06,1.6634565026062806e-06,0.001776197794697924,6.2731086976908e-08,1.4452433507555964e-06,1.2173916955959725e-05,2.4124605070808713e-07,1.4726872939352085e-06,9.387749558828548e-07,9.257577434469547e-07,2.0667199294956407e-06,2.5114148486631225e-06,1.1643431796563216e-06,1.6394949168449212e-06,9.43874085025113e-07,0.997212086966025,0.0006636959267594519,9.302476765123566e-07,1.7101743471419572e-07,2.7551129114038298e-06,7.998377206291945e-06,0.0001613039140042434,1.76151831364196e-05,5.049464061341524e-07,4.4562300587786105e-05,1.0376498220195865e-06,1.231902769521025e-05,2.198765944421858e-06,1.1487424552226465e-07,2.9368189539495125e-06,7.357514313432948e-06,2.7879327360795714e-07,1.3202056967186054e-06,4.541326867680727e-05,1.5377461726501453e-06,1.2670419576082454e-06,1.1274201121213774e-06,2.8262223788907274e-06
3.171595478246687e-06,1.1881925289268312e-06,1.4708858852533005e-06,1.8421580086073568e-06,0.00012776141925306697,6.170143778242874e-08,1.5844550825715473e-06,1.0507215160634966e-05,2.333380030881972e-07,1.616698642051725e-06,8.93194212997592e-07,9.890158828179844e-07,2.3299907018158437e-06,2.8841512672685363e-06,1.2589559567764982e-06,1.813676603945659e-06,1.0093116671673918e-06,0.00014690107706802534,0.0015961605718756578,9.940433954209666e-07,1.66324432137211e-07,2.5736421968553648e-06,1.1009032014013774e-05,0.9976320212473814,1.458125501056214e-05,4.841304908002284e-07,0.00019009807049943608,1.1149031502745337e-06,1.92827269959392e-05,2.4928557979417142e-06,1.1231420694274641e-07,3.423426626151889e-06,9.923375313224531e-06,2.6919630935573944e-07,1.4385220420276573e-06,0.00019940700196017808,1.6932880279746768e-06,1.376963080804743e-06,1.2168047714638124e-06,2.6382289552477797e-06
3.4927910633347204e-06,1.248221581428562e-06,1.5574693771845787e-06,1.9696283522866043e-06,4.8319394021196234e-05,6.094087014978909e-08,1.6829899663651462e-06,8.902708576078951e-06,2.274845880868421e-07,1.718747346511682e-06,8.570209482124516e-07,1.0329826366908797e-06,2.5206216829285384e-06,3.1583472431772237e-06,1.3251963671368552e-06,1.9378248976862236e-06,1.054816037664815e-06,5.1338118426278504e-05,0.0001286102367483006,1.0383892238004697e-06,1.6285132753619669e-07,2.4107649897204767e-06,1.361776361333643e-05,0.0004119612017233553,1.1783341743657316e-05,4.6830882362297215e-07,0.020905185932926326,1.1687738323536321e-06,2.626698514098936e-05,2.706831763823058e-06,1.104201386291504e-07,3.7845637550997954e-06,1.2096474928075581e-05,2.6206794381551206e-07,1.5218350398475155e-06,0.9783374265876673,1.8037768204245337e-06,1.4542009893999773e-06,1.2793094090681528e-06,2.4690255652759886e-06
4.223518351012151e-06,1.3736297533465912e-06,1.7408546586406269e-06,2.2444299875193846e-06,1.7383190347718432e-05,5.9398105803905005e-08,1.8929388872225823e-06,6.343298106259301e-06,2.1585655561557254e-07,1.936551222352568e-06,7.84889836486563e-07,1.1240116782818553e-06,2.940648235124997e-06,3.7763121083878204e-06,1.4640277062099932e-06,2.2051449437863243e-06,1.1491141618848728e-06,1.7888419321507295e-05,3.033524500294001e-05,1.1302242341741561e-06,1.559008768559779e-07,2.088440888638268e-06,2.0809167985994788e-05,5.5224852787368606e-05,7.788737454678655e-06,4.368990813523263e-07,0.9785829170731012,1.2809401475442696e-06,4.904489263506516e-05,3.1816051603256543e-06,1.0660401693852037e-07,4.608034208912602e-06,1.7929091505705256e-05,2.479169436692734e-07,1.6980031809603973e-06,0.021145062949222138,2.04044929937691e-06,1.6170068081229594e-06,1.410056004917568e-06,2.1346047461548846e-06
6.332805589486382e-06,1.6479745999748676e-06,2.159296006377584e-06,2.9065200853561527e-06,7.488850758509223e-06,5.6781675984606004e-08,2.3805282268000294e-06,4.015336222837305e-06,1.9731879212498917e-07,2.4449215427202657e-06,6.772005298907518e-07,1.3174395202554108e-06,4.025435047900936e-06,5.498689254134023e-06,1.770866047398591e-06,2.846719752903875e-06,1.3500840151452197e-06,7.623403657807269e-06,1.1319848268452462e-05,1.3255087860466554e-06,1.445925878890251e-07,1.6563428917968197e-06,7.844181584186381e-05,1.7450821403042742e-05,4.61810048804432e-06,3.884209984871456e-07,0.00010787125795490914,1.523716183136267e-06,0.9995412216324129,4.436092409827472e-06,1.0027247673609382e-07,7.027207678873457e-06,5.681590173263446e-05,2.254935274145539e-07,2.0979862326617336e-06,0.00010062202989150781,2.599108443261142e-06,1.9831671311525483e-06,1.697259458252858e-06,1.6881473590377348e-06
1.29215032989732e-05,2.1730390006939015e-06,3.0132450922284315e-06,4.383446704713017e-06,3.4304392376172047e-06,5.303469111532561e-08,3.4049613200032982e-06,2.3184427670139175e-06,1.7291358566843016e-07,3.522010379011497e-06,5.459727954199089e-07,1.6727952299340447e-06,6.76259013123183e-06,1.053350128274612e-05,2.3669424993629602e-06,4.2688743101895805e-06,1.720803250052547e-06,3.4721097169260288e-06,4.653160848055956e-06,1.6846412314247247e-06,1.2929137064795546e-07,1.1931343413945422e-06,0.9982949745184325,6.308043605005995e-06,2.5400371364692337e-06,3.2702593015208904e-07,1.492897199453553e-05,1.9813204584238463e-06,0.00020521394111699915,7.740936671648314e-06,9.147412691160115e-08,1.4658746073029875e-05,0.0013491204065119358,1.9619311514310353e-07,2.907855121832528e-06,1.4628276829452327e-05,3.8046352133637817e-06,2.713539584957389e-06,2.2501903848609636e-06,1.2118784129135985e-06
1.442712475348239e-06,7.539142019273683e-07,8.775015545309661e-07,1.0228258062225045e-06,0.9976851763207872,6.921792736872279e-08,9.233803588575354e-07,2.1188129340033347e-05,2.9654829434649884e-07,9.360898937977673e-07,1.2627221088580763e-06,6.579610667639377e-07,1.1916829164055232e-06,1.360913312798806e-06,7.86226481458916e-07,1.0121427584525728e-06,6.681064226729444e-07,0.002174068206044887,2.2012422844806792e-05,6.604808946728082e-07,2.0268609060022489e-07,3.911286629564303e-06,2.759126458765874e-06,1.1638957488167523e-05,3.469239584105993e-05,6.545925904484542e-07,6.1092614883927465e-06,7.195067015429229e-07,3.4434540632387096e-06,1.2435346014778184e-06,1.315704045353121e-07,1.515721058168122e-06,2.6403908954742184e-06,3.4644062182999e-07,8.640495187796529e-07,6.162794217818611e-06,9.66048319757318e-07,8.3804674164678e-07,7.671009871481359e-07,4.020575863357004e-06
3.0205479762040673e-06,1.1584750458089897e-06,1.4284935114621071e-06,1.7805820956788625e-06,0.00023162103057291147,6.206343242462538e-08,1.5364028864951633e-06,1.1158778367816008e-05,2.3626014013379585e-07,1.5670046919133268e-06,9.102020855447828e-07,9.67089405454863e-07,2.238958674846653e-06,2.7546022843981157e-06,1.2262544357986381e-06,1.7536450207281335e-06,9.86635262773289e-07,0.0002917086408764278,0.9975011932307448,9.719322418567869e-07,1.6802605324249747e-07,2.6423982711285623e-06,9.859477591759922e-06,0.0016660156151504016,1.574689376094882e-05,4.919388908983148e-07,0.00010135937150095518,1.0881558917252288e-06,1.6449165761846064e-05,2.3910585300077033e-06,1.132144508095109e-07,3.252460146459649e-06,8.953313211867018e-06,2.7276891437685566e-07,1.3976828245111614e-06,0.00010463854298020437,1.639625986700319e-06,1.3390128107981336e-06,1.1858974981148007e-06,2.709512614214159e-06
2.7097037017497373e-05,2.643333781998964e-06,3.8560432940989e-06,6.063275743858574e-06,2.5100269019421088e-06,5.091748848508077e-08,4.4619104606607245e-06,1.8080571587330144e-06,1.6039538169758543e-07,4.647999630801076e-06,4.854170939307165e-07,1.972350201020748e-06,1.0610319195489469e-05,1.994444987487615e-05,2.9129704550936933e-06,5.86928565481428e-06,2.0351930786008853e-06,2.5367682771270977e-06,3.3098973479321886e-06,1.9878343802406366e-06,1.2119506566226078e-07,1.0076430219716124e-06,0.0014075430113755095,4.3446435626922395e-06,1.9518144158740046e-06,2.9716057828961526e-07,8.936773146650116e-06,2.381940587477518e-06,5.4378665079189e-05,1.2774573417351455e-05,8.666665846601935e-08,3.151346403007885e-05,0.9983447360074351,1.8131759245605523e-07,3.697631049835707e-06,8.794814612872265e-06,5.102207177939994e-06,3.4099032122155038e-06,2.7498857142926962e-06,1.022012153906905e-06
3.704664352963746e-05,1.1301995739220443e-05,2.9217394914961665e-05,0.00020669406943308843,7.213880720800746e-07,3.9622413935080426e-08,5.083581275090696e-05,6.08733654738456e-07,1.0432796270456146e-07,6.151069740910288e-05,2.5735883007608745e-07,6.432602459793161e-06,0.9985681073605113,7.637128090696928e-05,1.3881430125256297e-05,0.00017773163275403519,6.808337021804787e-06,7.26115815596642e-07,8.65609625816994e-07,6.524388700280323e-06,8.306289349374119e-08,4.334038687557093e-07,3.630414300384748e-06,1.023196571701037e-06,6.325968167396315e-07,1.7444861986117845e-07,1.4708643411983956e-06,9.166752292688981e-06,2.6154056090615144e-06,0.0005458559822860311,6.280521641198178e-08,2.065207991796864e-05,3.886656733990298e-06,1.1572547325244743e-07,2.565279594896605e-05,1.460711570351783e-06,9.431330608479675e-05,2.028223807826258e-05,1.2257991475068724e-05,4.3735254263740827e-07
2.4299334013070975e-05,1.478043686141522e-05,4.645673540945296e-05,0.9835165182019862,6.563073335893399e-07,3.853299311500967e-08,0.00010339812871472355,5.576795971854968e-07,9.982982675098446e-08,0.00014506112825121326,2.4227426954499824e-07,7.871341913286932e-06,0.00032937631240493996,4.1786026704491065e-05,1.8691329681376665e-05,0.015099422960011032,8.37967377498803e-06,6.604856272732876e-07,7.840018183233023e-07,7.99528978952601e-06,7.98355609739645e-08,4.022381942176206e-07,3.0805156465767085e-06,9.223676534116797e-07,5.785425798007399e-07,1.6552176548198863e-07,1.3088935155061623e-06,1.1668478860848277e-05,2.262833546411031e-06,0.00013213040410591317,6.066625195452297e-08,1.5256615417697677e-05,3.284613616939432e-06,1.105589417696159e-07,3.929478380124238e-05,1.300230395684865e-06,0.00037513558572582897,2.926518606796672e-05,1.620490475555225e-05,4.0577821607394784e-07
0.002553182777172733,3.420117983317174e-06,5.404478348504589e-06,9.7865738401118e-06,1.845786352632687e-06,4.853131326531367e-08,6.515088372668923e-06,1.3997116513676112e-06,1.4707448760937102e-07,6.872703860804769e-06,4.2511599503244524e-07,2.4388845296314857e-06,2.3226234858700543e-05,0.00011087245427201546,3.8356760807838e-06,9.363930671443108e-06,2.527584115859297e-06,1.8631509604423335e-06,2.3694872554331176e-06,2.4606921350125924e-06,1.124346641336903e-07,8.380079460932675e-07,6.704840943265813e-05,3.0188173103320434e-06,1.4926698881986681e-06,2.6635979505627037e-07,5.542037267031043e-06,3.0289435291942752e-06,1.9611598054875455e-05,3.302209305945897e-05,8.13803116209635e-08,0.9969970979257645,9.322589414319585e-05,1.6557002292615919e-07,5.127889335631821e-06,5.4708943502882305e-06,7.768001492936384e-06,4.638326035298328e-06,3.582669426313592e-06,8.487970710325938e-07
0.9968842510784872,3.551767195020886e-06,5.659753260152117e-06,1.0381805540937193e-05,1.7312988734582276e-06,4.805264708177966e-08,6.852450803126729e-06,1.3262855570342901e-06,1.444687100956216e-07,7.238160050555527e-06,4.134179436031366e-07,2.519905450409217e-06,2.5196910404060916e-05,0.0001300978089010487,3.990656604100011e-06,9.92497799920759e-06,2.6128831905946775e-06,1.7471027466955616e-06,2.20709949087509e-06,2.5427628160599096e-06,1.1070728807017623e-07,8.057845885929878e-07,3.9049056167607225e-05,2.7895455396406515e-06,1.4110212546504552e-06,2.6036122648369735e-07,4.976089510484513e-06,3.1395917148647963e-06,1.5732122874343043e-05,3.6211748872875945e-05,8.03295569771195e-08,0.002717187548949822,4.777505591154316e-05,1.6249315134337142e-07,5.364173331850987e-06,4.915833368474096e-06,8.203371500067479e-06,4.84209235876245e-06,3.723269555736762e-06,8.159218848682514e-07
1.4908497127192058e-05,2.084585288306591e-05,7.982291273827638e-05,0.0006872243537840284,5.844554911322977e-07,3.718491153817636e-08,0.0002576077624292128,5.006571617054023e-07,9.443602810433544e-08,0.0005588238960110619,2.2465682048626185e-07,1.0261804294727272e-05,6.67533953371125e-05,2.1912128494294174e-05,2.7158006437285014e-05,0.001179294841380472,1.1003931250923188e-05,5.88043694578167e-07,6.94276895188035e-07,1.044256038108427e-05,7.59326132222553e-08,3.6665411880144487e-07,2.524133601555347e-06,8.120585118129574e-07,5.183530365960944e-07,1.5496533346677352e-07,1.1345180898602564e-06,1.5961004719196742e-05,1.8973507012484896e-06,4.395358510290335e-05,5.8054441243771546e-08,1.0481503798116055e-05,2.678248410529675e-06,1.0438039732535587e-07,6.502764711637001e-05,1.1273916668506574e-06,0.9968353913653885,4.5466449349562084e-05,2.3107533553246114e-05,3.697458560644192e-07
8.527212911537008e-06,4.8227944457038236e-05,0.0002686018875458723,9.386702324624442e-05,4.906670446871559e-07,3.507595877080978e-08,0.004085193011062072,4.2493026234136336e-07,8.639866323863854e-08,0.994257870829914,1.9956151684880384e-07,1.8886767408010058e-05,2.360954098929396e-05,1.1288523175976575e-05,6.702683889740963e-05,0.00011322809640631615,2.0696503284160156e-05,4.935267036895837e-07,5.783557727534788e-07,1.9326465091759333e-05,7.004058099935231e-08,3.1781385517417996e-07,1.9067372618134437e-06,6.711173000723652e-07,4.3876721610982356e-07,1.3960373135086536e-07,9.185276211654948e-07,3.3919786097094386e-05,1.473790009958542e-06,1.8128814591390025e-05,5.4052591108003166e-08,6.546646618025581e-06,2.01134681457039e-06,9.521543501219373e-08,0.00020405820142085104,9.131573669889124e-07,0.000509923122655208,0.00012466464305019043,5.476359277286233e-05,3.20329366893352e-07
0.00017373134148570353,6.740005132355958e-06,1.3218952046632112e-05,3.6530562679452664e-05,9.292503534687981e-07,4.239419658725186e-08,1.8151141175080506e-05,7.676848368724655e-07,1.1645495215072307e-07,1.9980539165759346e-05,3.002646995369867e-07,4.289442093563665e-06,0.00031196976017723046,0.9887082847597594,7.897932994799504e-06,3.389726172947657e-05,4.494359117752429e-06,9.358535190292437e-07,1.1292703661689418e-06,4.339670693540881e-06,9.16189066789976e-08,5.261307357712271e-07,5.877239969739433e-06,1.3533533288588456e-06,8.019968571463038e-07,1.9921871671247147e-07,2.0244535866432748e-06,5.714977478466671e-06,3.951572884351621e-06,0.010518571991865499,6.837120803387327e-08,4.9542128535231335e-05,6.387966342804799e-06,1.2973565558115567e-07,1.2161267699410151e-05,2.0086429022207284e-06,2.4719856448824537e-05,1.0404353727736698e-05,7.181489731380354e-06,5.313902693331137e-07
0.0001597526271700293,6.850596196245182e-06,1.352875602943137e-05,3.801146656348004e-05,9.199401959867833e-07,4.2288379284367204e-08,1.8666908432598802e-05,7.607010609293298e-07,1.159751370379309e-07,2.058368742307933e-05,2.9850515289100596e-07,4.345989261231649e-06,0.0003554442732625069,0.010741844584634383,8.037836343622694e-06,3.5228097098870464e-05,4.554952592504354e-06,9.264551324731401e-07,1.1173383675830242e-06,4.3972041247573365e-06,9.128352158060544e-08,5.221948813448552e-07,5.756048985779435e-06,1.338242415381844e-06,7.945179604480243e-07,1.982210786759945e-07,1.998273773026373e-06,5.801537361228139e-06,3.883509736345939e-06,0.9884515789106453,6.81552859587035e-08,4.773326602974141e-05,6.251326855497943e-06,1.2917959176585839e-07,1.2432907297201113e-05,1.9827492340343677e-06,2.5558902323633375e-05,1.0616922894000062e-05,7.3029276058130314e-06,5.273957048490402e-07
6.939422492741891e-06,0.000112969429679894,0.03964657664569914,5.9815478506076216e-05,4.536668340863884e-07,3.4101077585263023e-08,0.9550022417470686,3.9462587346225435e-07,8.284216677697317e-08,0.002203340750399292,1.8889601506781743e-07,3.104921662064125e-05,1.7349015301790548e-05,8.953673255240658e-06,0.00017880366978845447,7.039273821144248e-05,3.498334986827326e-05,4.5625328470078257e-07,5.330391997250478e-07,3.199813800268784e-05,6.740310217178713e-08,2.9771894191134426e-07,1.6936795862925167e-06,6.16545741224821e-07,4.070322827826252e-07,1.3294955386790053e-07,8.370469059500308e-07,6.813902363955607e-05,1.3224258649512305e-06,1.3714230864316599e-05,5.223724630825634e-08,5.454967487840863e-06,1.7828368809677517e-06,9.117650859388332e-08,0.001656928322115117,8.322932849931882e-07,0.0002193974295913565,0.00048607028366384275,0.00013430012102674322,3.000111367350932e-07
6.874314724891418e-06,0.00011988891761551603,0.9553654103442777,5.851973318381557e-05,4.5201342091300496e-07,3.40554931884885e-08,0.03900774300706624,3.932663529258037e-07,8.267810236461656e-08,0.0014475716476447177,1.8840955841131313e-07,3.1961576526070225e-05,1.710944747292791e-05,8.8597748626135e-06,0.0001924664084141263,6.875652477396674e-05,3.6081656095456077e-05,4.5458768226734076e-07,5.310179363511605e-07,3.2955600965276694e-05,6.728100119670173e-08,2.968105083159115e-07,1.6844326142344753e-06,6.141168751034751e-07,4.056100972744294e-07,1.326444382279168e-07,8.33440683619671e-07,7.123356607789937e-05,1.315806269011271e-06,1.3542343673307567e-05,5.2152859275320187e-08,5.409360496811897e-06,1.7729295587206155e-06,9.099040148252322e-08,0.00260741563235369,8.287137370760833e-07,0.0002101501791843796,0.000544280225952323,0.00014323412152363494,2.990927583821983e-07
6.003113724300912e-06,0.0004606722151386084,0.001790748148058637,4.2118143845375483e-05,4.2901709974958765e-07,3.340403046669632e-08,0.0003570336457161485,3.743184824188209e-07,8.0353626789556e-08,0.00026605259059276726,1.815630113123895e-07,5.2163174282925346e-05,1.3996964358385923e-05,7.6128960865618335e-06,0.0008855522878265583,4.826139891144264e-05,6.131007462369312e-05,4.3142454260512075e-07,5.029327051951037e-07,5.4334773322467706e-05,6.554723448331675e-08,2.8409275066738496e-07,1.5574670308308764e-06,5.803982910366002e-07,3.857987769687764e-07,1.2833707169726973e-07,7.83511798849209e-07,0.00016911244669398572,1.2246281304478635e-06,1.1290679130341816e-05,5.095146474519543e-08,4.794086785622912e-06,1.6370365987206365e-06,8.835561634580001e-08,0.9611227371199161,7.79153922881292e-07,0.00011179787215947015,0.03390681926662617,0.0006176989833727051,2.862374620471876e-07
5.8925639579805505e-06,0.0005883155783018497,0.0014291653560760784,4.0151163145984124e-05,4.260213437324287e-07,3.331701356647335e-08,0.00029550176047026325,3.71845441213146e-07,8.004578926260851e-08,0.00022669675644959578,1.8066161806914806e-07,5.625634322668023e-05,1.3613327650503015e-05,7.4559503476741246e-06,0.004362707240213485,4.5825464166481654e-05,6.661863032021543e-05,4.284072553958404e-07,4.992755546341696e-07,5.871404117027298e-05,6.531712285536618e-08,2.824260047574989e-07,1.5410746833852612e-06,5.760089639979324e-07,3.832144177289332e-07,1.2776845784806778e-07,7.770226666247066e-07,0.00019969200380891958,1.2128268989266657e-06,1.1010935981654717e-05,5.079159875271108e-08,4.715331644731753e-06,1.6194980123865798e-06,8.800690353130461e-08,0.03301142707446026,7.72712366931808e-07,0.00010235842445553799,0.9583898737289777,0.0010742019379666044,2.845528636134116e-07
5.771601368180852e-06,0.0007790475209715322,0.000593505534867974,3.812163447697162e-05,4.226640253894128e-07,3.321849859368254e-08,0.0002508273246236314,3.690713320673186e-07,7.96982398014337e-08,0.00019496321625485063,1.7964657253874694e-07,6.173771256990726e-05,1.3199327705255503e-05,7.284797263463367e-06,0.9886917191471746,4.334243946475308e-05,7.383768139989807e-05,4.250257522493592e-07,4.951794993823123e-07,6.45907953145296e-05,6.505713821483172e-08,2.805531883487806e-07,1.5228274761829445e-06,5.710972476662876e-07,3.803161288684959e-07,1.2712736508714764e-07,7.697723056225149e-07,0.00024608760611921155,1.1996693211842596e-06,1.0707897633321532e-05,5.061082444724918e-08,4.628966583315011e-06,1.5999804368397746e-06,8.761331846438049e-08,0.00037457478066402515,7.655149550266839e-07,9.332166978344238e-05,0.005264292259103547,0.0031787251872473256,2.826600756329749e-07
5.356575408131361e-06,0.2521548890826865,0.00024774331397415356,3.102960750655088e-05,4.115627017611162e-07,3.289197004198789e-08,0.00012888959422283557,3.5989901594955227e-07,7.854961581931606e-08,0.00010888056363648587,1.7629027421416906e-07,7.996620243343708e-05,1.1766762778953867e-05,6.696310397716521e-06,0.002941498164975283,3.469489366626566e-05,9.78749653166081e-05,4.1384404759275463e-07,4.816140066139877e-07,8.417215398256848e-05,6.419732776054106e-08,2.7435875820998426e-07,1.46163228133594e-06,5.548043713426621e-07,3.707338936346492e-07,1.2500827281798807e-07,7.45645050330242e-07,0.00042647283982555465,1.155674246131331e-06,9.661222952542324e-06,5.001244566826216e-08,4.332715561176293e-06,1.5344805147266921e-06,8.631256867759082e-08,0.00032014973455616106,7.415659367531462e-07,6.479167214435065e-05,0.0004660360293866303,0.7427656965104207,2.7639958323730484e-07
5.320165910119358e-06,0.744515677206858,0.0002312088211726487,3.0478582565056767e-05,4.1055111940613315e-07,3.2861748876266006e-08,0.0001228214833223102,3.5906223103004164e-07,7.844380012277678e-08,0.00010423801145035617,1.7598226386416585e-07,8.205974794324997e-05,1.1645381908213392e-05,6.645057668006439e-06,0.0021363572028146724,3.403135188050399e-05,0.00010067938060791617,4.128252504639563e-07,4.80378703060206e-07,8.643563850762139e-05,6.411802694674618e-08,2.7379212462264433e-07,1.4561197410714992e-06,5.53322072959557e-07,3.698598613761081e-07,1.248134566873233e-07,7.434553130711221e-07,0.00045055674235586554,1.1516995839287615e-06,9.571836627042735e-06,4.995717595476507e-08,4.306591779062835e-06,1.5285809166245446e-06,8.619278467563077e-08,0.00029621927583376427,7.393920304575697e-07,6.288818163171452e-05,0.00042603034419271896,0.2512734561513949,2.7582700281442735e-07
4.280024692833226e-06,0.0007338705449374942,6.287137917755107e-05,1.8226388767588226e-05,3.7852075623445355e-07,3.1861959023170693e-08,4.35629575630065e-05,3.324694288924421e-07,7.49898532368293e-08,3.950640263997375e-05,1.660399040095833e-07,0.0003025069191063559,8.465437916958143e-06,5.213079243433205e-06,0.00020771693814450236,1.973493489638455e-05,0.00046937741626342877,3.8056702214935057e-07,4.4135498053150304e-07,0.00033850795813480656,6.152053630013432e-08,2.5565675074754063e-07,1.2867800910726392e-06,5.065974897978633e-07,3.421124312860736e-07,1.1849209243157839e-07,6.748274819498263e-07,0.9971745946659515,1.0286136998871114e-06,7.1643075212604065e-06,4.813955714429326e-08,3.544070141196209e-06,1.3477381073462166e-06,8.228748608277401e-08,7.171295243961662e-05,6.712583821860054e-07,2.9608395865835136e-05,9.075559819084811e-05,0.00036028665238234387,2.575026211700064e-07
1.905129225278952e-05,1.7148592419058426e-05,5.8768435666543054e-05,0.01501907945089757,6.22999345264287e-07,3.792329868472883e-08,0.00015231755130208996,5.313630363207774e-07,9.739167138437502e-08,0.00024330797517851257,2.3430067885233106e-07,8.8331842521372e-06,0.00013179796815139685,3.0121530899540918e-05,2.196322438715268e-05,0.9829116443949142,9.432962960259811e-06,6.268990915365333e-07,7.422388717294129e-07,8.979431134460899e-06,7.806567269224557e-08,3.859693645686909e-07,2.814841946345141e-06,8.708174402772924e-07,5.507365284861772e-07,1.6076345181903757e-07,1.2267779414606565e-06,1.3363804535285712e-05,2.0890899569180482e-06,7.454596330686487e-05,5.947895791120913e-08,1.2747450537627156e-05,2.994906319760279e-06,1.0777036631283814e-07,4.885485923793523e-05,1.218847442298942e-06,0.0011479046692924064,3.540111969923938e-05,1.8890207645494017e-05,3.8930026535275755e-07
3.7460010414909865e-06,0.00018859099458766777,3.7613810788208165e-05,1.3778956749226554e-05,3.5956487428509374e-07,3.123080590359408e-08,2.786851754604575e-05,3.166505710521477e-07,7.285346672002142e-08,2.5740197702200003e-05,1.5998785056811736e-07,0.001765434503254801,7.0161818129584825e-06,4.499262432631309e-06,9.512087930068227e-05,1.4729610311159528e-05,0.9892252285444234,3.6147867057656953e-07,4.183255696968153e-07,0.007669795067904648,5.990554355614245e-08,2.44755001396438e-07,1.1906241832471045e-06,4.791050578755923e-07,3.2562855856491417e-07,1.146155171311298e-07,6.347683854038323e-07,0.0006563549007902046,9.579421764908286e-07,6.0286805770650874e-06,4.700245407808795e-08,3.1417676982094218e-06,1.2452847053294254e-06,7.987600255227553e-08,4.179010648823676e-05,6.314808626319498e-07,2.050593948571982e-05,5.094331401387663e-05,0.00013408952275270207,2.46490133979641e-07
3.421319813873124e-06,0.00010355434678459113,2.784842780041354e-05,1.1522329629956364e-05,3.4698726330019635e-07,3.079452491791285e-08,2.1379887101879127e-05,3.061207573885538e-07,7.139600475986787e-08,1.9934951733659177e-05,1.5590055657412284e-07,0.24941804454623062,6.192075592173578e-06,4.0726361179275115e-06,6.163053450608118e-05,1.2230774792023201e-05,0.007118224993722032,3.4881422248148553e-07,4.030726360338126e-07,0.7427864781669926,5.880010594611798e-08,2.3745031577120357e-07,1.1284310207965463e-06,4.6093045108999437e-07,3.1466505150691596e-07,1.1198520117271029e-07,6.084177536370374e-07,0.00022538665443556954,9.119199141611202e-07,5.370654879422681e-06,4.6221025987139005e-08,2.8932181945372233e-06,1.179110396583435e-06,7.823263048635131e-08,3.051952781976586e-05,6.053121872560446e-07,1.6368515808930727e-05,3.6376426836898304e-05,8.090064914151649e-05,2.3911255995619315e-07
3.355858036525139e-06,9.371912882640315e-05,2.6284741780098955e-05,1.111068909877047e-05,3.44294298728876e-07,3.069877313866239e-08,2.0302472602217333e-05,3.038617696265461e-07,7.107846378726028e-08,1.8962591929660153e-05,1.5501583268324903e-07,0.7480398381805927,6.032342805134333e-06,3.987464965025469e-06,5.695396797455244e-05,1.1778576153184457e-05,0.002631889081620185,3.4610275904714624e-07,3.998118908006076e-07,0.2487118377360531,5.855881345188007e-08,2.3587707013764103e-07,1.1153704521231106e-06,4.5705111112782043e-07,3.123142939828528e-07,1.1141410698921294e-07,6.02814751932026e-07,0.00019573126170200042,9.022088095706322e-07,5.241694612551343e-06,4.605008403264438e-08,2.8426409140127238e-06,1.1652309268990664e-06,7.787482866867753e-08,2.87402483794619e-05,5.997484881441312e-07,1.5652000815974077e-05,3.412499075836977e-05,7.403573781069525e-05,2.375236352210909e-07
