0.9999998892685816,2.1234222524490492e-08,9.933491347503493e-09,6.914807055702364e-09,5.472353401967089e-09,4.6088943329772495e-09,4.029627256228199e-09,3.6142210617161067e-09,3.295701678993464e-09,3.0503450006332667e-09,2.829693468343096e-09,2.6238793586132427e-09,2.445154540212054e-09,2.2994033922020265e-09,2.178170299919781e-09,2.074258554340575e-09,1.9844361693947428e-09,1.90527340168747e-09,1.8368520604829366e-09,1.7759392740359966e-09,1.7222063583114472e-09,1.6726127911123136e-09,1.6247516295524982e-09,1.5739637062323182e-09,1.5268239122710589e-09,1.4826925327787934e-09,1.4371692499893797e-09,1.3900094402641724e-09,1.3462071035418198e-09,1.3063870091339762e-09,1.2699710654944772e-09,1.2366186202843703e-09,1.2052834148846557e-09,1.1760760479724892e-09,1.1488651702241256e-09,1.1232469517825931e-09,1.0992334259293223e-09,1.0763588337322281e-09,1.0540378395530732e-09,1.03309222659507e-09
6.543192556857385e-09,2.1101768382182372e-08,7.123692156972181e-08,6.291589424770236e-07,0.99999842143899,4.225570152662861e-07,1.1807387834731848e-07,6.112656793515581e-08,3.942206371089528e-08,2.9265672367044268e-08,2.2057551617688805e-08,1.6685825338178736e-08,1.3233352440390007e-08,1.1084345258012141e-08,9.617702707823701e-09,8.532062100867026e-09,7.698759718044091e-09,7.03244518115185e-09,6.507647372174798e-09,6.072438975484492e-09,5.713484202636118e-09,5.397087342929413e-09,5.10109606919366e-09,4.7886217861241686e-09,4.512817692135054e-09,4.266364196246476e-09,4.017879805390535e-09,3.768720664885906e-09,3.5499370088092714e-09,3.3615199443697742e-09,3.1972689005886334e-09,3.053162556308171e-09,2.9225052365950078e-09,2.8048193537122816e-09,2.6986294972359095e-09,2.6014489307496307e-09,2.5127987643202466e-09,2.430293551889709e-09,2.3513222194432657e-09,2.2789843894759023e-09
2.7719107444168746e-09,6.498854841197052e-09,1.2747617119050105e-08,2.5271663049971282e-08,5.557667903695482e-08,1.690252166632182e-07,1.1491023783871539e-06,0.9999968952127459,9.62744656737094e-07,3.0976136759535365e-07,1.1069554600582709e-07,5.314963252651348e-08,3.325036554913336e-08,2.449883173717003e-08,1.9606137071032958e-08,1.6411170402808035e-08,1.4171582732312119e-08,1.2497736803438357e-08,1.1259470233620479e-08,1.0274283311355416e-08,9.49137390561203e-09,8.816037125011789e-09,8.19488419082093e-09,7.537895437585806e-09,6.9731907904537354e-09,6.48042063450888e-09,5.991875431048842e-09,5.5128448944372795e-09,5.106229386740386e-09,4.766790047982417e-09,4.478719702150216e-09,4.231820905488971e-09,4.012110117830312e-09,3.817675825520888e-09,3.6450533706093722e-09,3.4892617153354775e-09,3.3490071909778465e-09,3.219879176188821e-09,3.097316245175763e-09,2.9863132678188576e-09
4.905939280284289e-08,0.999999569446841,1.5688764659256102e-07,4.643937387194176e-08,2.587359303190453e-08,1.7761895542649878e-08,1.355218946574961e-08,1.101166221160365e-08,9.289109681497202e-09,8.110005862771012e-09,7.110360818797365e-09,6.224135372307851e-09,5.515342273237727e-09,4.9857233304041015e-09,4.574602020960921e-09,4.2406784094056646e-09,3.964923900254067e-09,3.731061196604378e-09,3.5364734946271457e-09,3.3683471869384217e-09,3.2242970949732867e-09,3.0939896805346083e-09,2.969846679435524e-09,2.8383967266067605e-09,2.719119263096998e-09,2.609756954830301e-09,2.4979805439912577e-09,2.383744641577251e-09,2.2802434920995606e-09,2.1884229743762697e-09,2.1062691101134552e-09,2.032507892736794e-09,1.9643514083530164e-09,1.9018414372103573e-09,1.8444831844122851e-09,1.7912120493858479e-09,1.7419296486495655e-09,1.6955143783817216e-09,1.6506545522817234e-09,1.6090533018047869e-09
6.253131161224006e-10,1.2395549592500329e-09,2.041421754253382e-09,3.073797436952836e-09,4.401580871137439e-09,6.160623191078762e-09,8.629200112914076e-09,1.2346470494502402e-08,1.8387143272071973e-08,2.9705730252794483e-08,5.1530878335683075e-08,8.746750147962263e-08,1.3850189704154318e-07,2.3347220137421492e-07,4.844715668366958e-07,1.768858259996459e-06,0.33311040649583645,0.33333785032901214,0.3335455425836319,1.4113308830703148e-06,7.703241652783673e-07,4.330583886746323e-07,2.573202116872593e-07,1.2637090550310693e-07,7.826019208202312e-08,5.4606207562126873e-08,3.9227543654897826e-08,2.8894918400096465e-08,2.281725091759956e-08,1.8953170143277025e-08,1.6281517168695368e-08,1.4330224550319243e-08,1.2790103929168108e-08,1.156352179630571e-08,1.0569718627516434e-08,9.737916671271785e-09,9.038588380138796e-09,8.428216457475257e-09,7.872394175368251e-09,7.396070445892071e-09
1.8666714071752918e-08,2.8016196346461035e-07,0.999999195090228,2.193206802663401e-07,6.621870169442909e-08,3.590398548027128e-08,2.4125557881398144e-08,1.8073134483804952e-08,1.4395581057657085e-08,1.209010269508398e-08,1.0222270185323497e-08,8.63056488822704e-09,7.425165492209159e-09,6.568506479281375e-09,5.927883891257765e-09,5.421919613270381e-09,5.013476320435047e-09,4.67350121492108e-09,4.395556570198861e-09,4.158652216590426e-09,3.958241066650804e-09,3.778565710519203e-09,3.6084575777767016e-09,3.428631605451618e-09,3.267007125387082e-09,3.1201190886966215e-09,2.970659816424343e-09,2.818862909665763e-09,2.682749855143797e-09,2.5631923019417242e-09,2.4571554782425704e-09,2.3626946501672974e-09,2.2759761700370915e-09,2.196935148599472e-09,2.1248269749176565e-09,2.0581989398841434e-09,1.996860870147198e-09,1.939333156551866e-09,1.8839260987583383e-09,1.832765167955115e-09
3.0435753696994966e-10,6.341114148278036e-10,1.0258229167793965e-09,1.496807853324697e-09,2.0548672757422568e-09,2.7122986357869185e-09,3.4975346728647406e-09,4.466814820624133e-09,5.6891178647929515e-09,7.303085553040432e-09,9.270881276650486e-09,1.1472144335099111e-08,1.395571776826968e-08,1.7077678701807946e-08,2.1099705499474744e-08,2.624407540360563e-08,3.2948792787451326e-08,4.170043513135248e-08,5.504689691276716e-08,7.942174696821806e-08,1.435422030642318e-07,2.2646389347281998e-07,2.0818938162232973e-06,0.9999940537560844,2.138690045736076e-06,4.584318793684108e-07,1.6879530474251452e-07,8.629119250706963e-08,5.7063354184883833e-08,4.2838058934718044e-08,3.447625948055e-08,2.899756972260098e-08,2.493414439602281e-08,2.1872591049646145e-08,1.950482936030643e-08,1.7587443098296773e-08,1.6025605322966947e-08,1.468674789169153e-08,1.3476829289361494e-08,1.2470749615118429e-08
1.0156429192938041e-08,4.654299467137295e-08,4.4569603719898614e-07,0.9999988379545132,3.040722595799899e-07,9.038473306218697e-08,4.788368740928558e-08,3.148252280433684e-08,2.3085171126642923e-08,1.841446131333913e-08,1.483891962699729e-08,1.1954234729317658e-08,9.918777948580964e-09,8.556314088056513e-09,7.579970048835993e-09,6.83231860386323e-09,6.24333038643698e-09,5.762618091982978e-09,5.3767446471265255e-09,5.052324587849282e-09,4.781331484534864e-09,4.540452811316314e-09,4.313784785203215e-09,4.074434197526412e-09,3.8612806558359246e-09,3.66919602629905e-09,3.4746411678618113e-09,3.2782971847874195e-09,3.1040589827182463e-09,2.9525141233226517e-09,2.8192641377481495e-09,2.701468448763369e-09,2.5940066519533783e-09,2.4966456701094683e-09,2.4083182230342248e-09,2.3271019863526037e-09,2.252681900706457e-09,2.1831601596090865e-09,2.1164161938752942e-09,2.0550384769921403e-09
4.650194255433046e-09,1.2713624510793407e-08,3.150469809709538e-08,9.810554926113668e-08,8.367390443030236e-07,0.9999979674039816,5.470065192033025e-07,1.4754226996977907e-07,7.600422612231044e-08,5.0566762206897494e-08,3.4332937946191055e-08,2.3737483340506736e-08,1.776260454147838e-08,1.4363864057314982e-08,1.2172495856899128e-08,1.0610577623391661e-08,9.44496426900281e-09,8.532875742728446e-09,7.828680690804084e-09,7.252690259640726e-09,6.783472900424416e-09,6.3731834446715465e-09,5.991725406014606e-09,5.588911797216433e-09,5.2363734590574685e-09,4.923839397287177e-09,4.610359341158366e-09,4.298209181696804e-09,4.027076230515777e-09,3.795907663999301e-09,3.596134499273156e-09,3.4221947458428876e-09,3.2654556210143802e-09,3.1250982360382295e-09,2.999130782944338e-09,2.884386260866645e-09,2.780175250707237e-09,2.683540867334051e-09,2.591311121547613e-09,2.5071512705995732e-09
2.3645977234356536e-10,5.157533460738766e-10,8.393120197839495e-10,1.2219586927110606e-09,1.6697092642028437e-09,2.1896376216672516e-09,2.797725524709181e-09,3.5275231501802666e-09,4.417281556770301e-09,5.544389974394817e-09,6.8784702464196064e-09,8.357973865455623e-09,1.0026527136971209e-08,1.208634946089084e-08,1.4688198403263232e-08,1.7973549357542773e-08,2.2201854549878684e-08,2.7613836472208562e-08,3.511720000392234e-08,4.6380764716963846e-08,7.098094812873166e-08,1.349721077740844e-07,3.5711676892939694e-07,1.7975178076113584e-06,0.4999978230756737,0.49999855940005544,4.6045321127391227e-07,1.4937770436424935e-07,8.769472994778569e-08,6.220227514410617e-08,4.84255267863411e-08,3.98638032280554e-08,3.367232415413891e-08,2.9120058768706696e-08,2.567061327772616e-08,2.291389171994979e-08,2.0698625117607694e-08,1.8810458845142947e-08,1.710590996105616e-08,1.5709218785194035e-08
2.3645977228739933e-10,5.157533462347852e-10,8.393120194803441e-10,1.2219586928665497e-09,1.669709264284605e-09,2.1896376217963857e-09,2.797725524849374e-09,3.5275231500179e-09,4.4172815566801216e-09,5.544389974188048e-09,6.878470246708576e-09,8.357973865489736e-09,1.0026527136768072e-08,1.208634946086355e-08,1.4688198403294044e-08,1.7973549357283074e-08,2.220185454831697e-08,2.7613836471295652e-08,3.511720000206439e-08,4.6380764715954103e-08,7.098094812362837e-08,1.349721077767747e-07,3.571167688695976e-07,1.7975178067594482e-06,0.49999809434327325,0.4999982881324569,4.6045321118336455e-07,1.4937770435329094e-07,8.76947299448401e-08,6.220227514023711e-08,4.842552678728482e-08,3.986380322789254e-08,3.367232415427888e-08,2.9120058768045564e-08,2.5670613276520984e-08,2.2913891719856913e-08,2.0698625118029374e-08,1.8810458844888973e-08,1.710590996092301e-08,1.570921878522749e-08
3.5166087450360754e-09,8.77525812681013e-09,1.8725563628294307e-08,4.309259310051047e-08,1.3376566820893602e-07,1.03201390542243e-06,0.9999975198318424,6.508165131846662e-07,1.8844629457997593e-07,1.034295010267421e-07,5.801039535896954e-08,3.4934705936745916e-08,2.4196483669408946e-08,1.874591354585792e-08,1.5458835669855423e-08,1.3213198645946051e-08,1.1588400360432215e-08,1.0345748429893293e-08,9.406392681428094e-09,8.648815630973956e-09,8.039402466077566e-09,7.510236718565925e-09,7.020897473438431e-09,6.5041582184935274e-09,6.056112936913202e-09,5.662039887928424e-09,5.269070064130884e-09,4.880727717369867e-09,4.547177512051242e-09,4.265736350753399e-09,4.024689345697991e-09,3.816453381361349e-09,3.6299806066120294e-09,3.46398558575565e-09,3.3158160291979943e-09,3.181475187433793e-09,3.0600058708711602e-09,2.9477797553262936e-09,2.840970737067269e-09,2.7438749389276902e-09
9.401154927107094e-11,2.776337689590873e-10,4.78539892459398e-10,7.05686226235743e-10,9.635322069329847e-10,1.2554841624193947e-09,1.5865117315681167e-09,1.966530346179035e-09,2.4054176940132454e-09,2.9240194723731356e-09,3.5101610511000883e-09,4.150650919231984e-09,4.864918354473179e-09,5.711237754261506e-09,6.733512282021857e-09,7.97869133224572e-09,9.532389402199069e-09,1.1500995575573716e-08,1.4149321169414447e-08,1.780780774380325e-08,2.3362668583625754e-08,3.236667234175523e-08,4.8051641432861775e-08,7.414895888454092e-08,1.3722000514811184e-07,3.905379009565662e-07,0.9999879100374808,7.739007327099773e-06,1.3072354947847658e-06,6.32881154602932e-07,4.0789486477652825e-07,2.967323657153114e-07,2.1560853214068424e-07,1.6420178417465596e-07,1.3114878035317584e-07,1.0706377850687641e-07,8.97019543163111e-08,7.545168645894383e-08,6.282935435166428e-08,5.3832352656775975e-08
2.2523603661038057e-09,5.050455031231096e-09,9.38469500325172e-09,1.6950655822719548e-08,3.216817431388299e-08,6.862951551970609e-08,1.9952999200591606e-07,9.558992761551988e-07,0.49999891421395326,0.4999991656518191,2.497113845095227e-07,8.193975802540927e-08,4.535836253233459e-08,3.171350188599999e-08,2.464257006986412e-08,2.0214827103496425e-08,1.719894682162399e-08,1.4990752799286652e-08,1.3389854289728648e-08,1.213110447638944e-08,1.1141639865328084e-08,1.0292873468012086e-08,9.515550962343296e-09,8.68985884363852e-09,7.985784478261168e-09,7.376091462828482e-09,6.77491465654218e-09,6.190010144491985e-09,5.699512617563427e-09,5.294451334866762e-09,4.9538122901767775e-09,4.664136792160032e-09,4.407936789717934e-09,4.182512200135203e-09,3.983422266608487e-09,3.8045437789037306e-09,3.644181593501082e-09,3.4970298595294836e-09,3.357715295716779e-09,3.231994196659306e-09
2.2523603661042734e-09,5.050455031262017e-09,9.384695003208913e-09,1.695065582312252e-08,3.216817431321394e-08,6.862951551707653e-08,1.995299920423795e-07,9.558992726688913e-07,0.499999327016629,0.49999875284914713,2.4971138425994083e-07,8.193975801791586e-08,4.5358362529439166e-08,3.171350188387398e-08,2.4642570068728928e-08,2.021482710340355e-08,1.7198946821574912e-08,1.4990752798879937e-08,1.3389854289924743e-08,1.2131104476235602e-08,1.1141639865584261e-08,1.0292873467923613e-08,9.515550962255371e-09,8.689858843634229e-09,7.985784478105128e-09,7.3760914627723606e-09,6.774914656528645e-09,6.190010144585521e-09,5.699512617488489e-09,5.294451334822305e-09,4.95381229015631e-09,4.664136792146441e-09,4.407936789781373e-09,4.182512200093607e-09,3.983422266610798e-09,3.8045437789081874e-09,3.6441815934628977e-09,3.4970298595393324e-09,3.3577152956871225e-09,3.2319941966328408e-09
8.415956053587189e-11,2.61667711945861e-10,4.5513222312833573e-10,6.730773931714116e-10,9.198549799590486e-10,1.1987817480920773e-09,1.5145143902012041e-09,1.8761454071001033e-09,2.2926666713532434e-09,2.7830351875430414e-09,3.336017625193317e-09,3.939865443730847e-09,4.6126893260340075e-09,5.407662774510298e-09,6.364941834066765e-09,7.52763092196664e-09,8.97398590221588e-09,1.0801718466070816e-08,1.3251302557699983e-08,1.662228862687197e-08,2.1688348882740856e-08,2.976121760042193e-08,4.354091654408743e-08,6.601162825339549e-08,1.1846686760265188e-07,3.096370967741357e-07,6.496576861304098e-06,0.9999798165197819,7.918536011073356e-06,1.9571891877654445e-06,1.0355096546828764e-06,6.659205546898557e-07,4.060801036224556e-07,2.752422737692907e-07,2.0438623280525629e-07,1.5786031363310092e-07,1.2712543764682376e-07,1.0308176428677559e-07,8.263946485293463e-08,6.898844715856524e-08
1.3757915071696185e-09,2.850006804224922e-09,4.92411649481108e-09,7.881446285995043e-09,1.241007110289117e-08,1.9945886581063118e-08,3.3639911007862005e-08,6.389936870836657e-08,1.3202408970144595e-07,1.0111774079206332e-06,0.9999978232367775,3.3569327343677124e-07,1.1666080621437866e-07,7.005039303770323e-08,5.017096702314765e-08,3.884398719647509e-08,3.1635357538479924e-08,2.6599971876686827e-08,2.3159844633200688e-08,2.0532392821211602e-08,1.8535006455776334e-08,1.683226656046877e-08,1.5272346523584278e-08,1.3581147080111165e-08,1.2185026661658187e-08,1.1011545020691149e-08,9.874199080890378e-09,8.797737612638715e-09,7.932958214429642e-09,7.2452027383953755e-09,6.684477374706518e-09,6.21985988561789e-09,5.81707062236674e-09,5.469168151163171e-09,5.166999425066164e-09,4.899298268551119e-09,4.66244607205046e-09,4.447339661225031e-09,4.2452754183506224e-09,4.064959938165167e-09
7.478531596796904e-11,2.464903514594854e-10,4.3291490242735186e-10,6.421549680191791e-10,8.784297498072098e-10,1.1449468108923185e-09,1.4460590716142703e-09,1.7900934755742944e-09,2.1852049680381045e-09,2.64858035838391e-09,3.1697596052812714e-09,3.738189166418283e-09,4.370593406267509e-09,5.1152327095799405e-09,6.008397607473397e-09,7.08898700866325e-09,8.427257021728406e-09,1.011077186741544e-08,1.2352767146330495e-08,1.5415428429205365e-08,1.995383336745798e-08,2.7032039476123707e-08,3.877756385609995e-08,5.723107904387092e-08,9.734483104833503e-08,2.1914231568774152e-07,9.575269816755809e-07,3.3279172939208755e-06,0.3333293129373581,0.33333096930862194,0.33332781452953636,4.292413550525063e-06,1.0596932525809406e-06,5.597730187073769e-07,3.617340141617289e-07,2.5387664702662543e-07,1.918829075947883e-07,1.4702190528544278e-07,1.1176406296564138e-07,9.020226933133359e-08
7.478531597222543e-11,2.4649035130612496e-10,4.3291490223875395e-10,6.421549682335955e-10,8.784297496252832e-10,1.1449468108272014e-09,1.4460590723000508e-09,1.7900934751104406e-09,2.185204967753206e-09,2.6485803583219565e-09,3.1697596057528008e-09,3.7381891664907455e-09,4.370593406529298e-09,5.1152327094986196e-09,6.00839760787857e-09,7.088987008086961e-09,8.42725702166029e-09,1.011077186717533e-08,1.2352767146483014e-08,1.5415428429682728e-08,1.995383336731669e-08,2.703203947597405e-08,3.877756385676373e-08,5.723107903670764e-08,9.734483103957923e-08,2.191423156355095e-07,9.57526983054396e-07,3.327917220735641e-06,0.3333291720846389,0.3333310017592994,0.3333279229317115,4.292413491146347e-06,1.059693251735242e-06,5.597730178522199e-07,3.617340138205113e-07,2.5387664705407427e-07,1.9188290754096112e-07,1.4702190527505307e-07,1.1176406293529449e-07,9.020226931190637e-08
7.478531594066148e-11,2.464903513819919e-10,4.32914902165865e-10,6.421549681263186e-10,8.78429749740607e-10,1.1449468104524816e-09,1.4460590727615113e-09,1.790093475727225e-09,2.18520496775736e-09,2.6485803584002512e-09,3.1697596058605865e-09,3.738189166424555e-09,4.3705934065558184e-09,5.115232709480462e-09,6.008397607895077e-09,7.08898700803238e-09,8.427257021877403e-09,1.011077186720306e-08,1.2352767146479712e-08,1.5415428429884544e-08,1.995383336755284e-08,2.7032039475460378e-08,3.877756385475524e-08,5.723107903778957e-08,9.73448310456553e-08,2.191423156677051e-07,9.575269833830072e-07,3.3279172344797328e-06,0.33332922037413587,0.3333308208194096,0.3333280555820737,4.292413503865138e-06,1.0596932547184208e-06,5.597730185706786e-07,3.6173401384254076e-07,2.5387664707327614e-07,1.9188290751248053e-07,1.4702190529434824e-07,1.1176406294587435e-07,9.020226932433846e-08
8.496509163980779e-10,1.6951920553923537e-09,2.8404628294289583e-09,4.364403779396228e-09,6.4364752887077305e-09,9.41797101081541e-09,1.4063589837536941e-08,2.2086347440241822e-08,3.7847304704879165e-08,8.00873235477421e-08,3.454725500181908e-07,0.4999988942669946,0.4999974869610803,1.4420705910322051e-06,5.286005446763612e-07,2.734091229139171e-07,1.7164564582572171e-07,1.193102298069697e-07,9.31071830142948e-08,7.498425183908001e-08,6.269095160286299e-08,5.278496408906881e-08,4.440037366737352e-08,3.541392949658489e-08,2.895898137979717e-08,2.4178753828393086e-08,2.0045411366078267e-08,1.656898265687178e-08,1.4108189465287601e-08,1.2336550601370356e-08,1.0999497464675137e-08,9.957650164038847e-09,9.095822119472883e-09,8.381635194433852e-09,7.783329984206422e-09,7.268939745836529e-09,6.826058408636025e-09,6.432409045602736e-09,6.068874990109394e-09,5.751520529978504e-09
8.496509164069088e-10,1.6951920554320236e-09,2.8404628293982016e-09,4.364403779361895e-09,6.436475288635322e-09,9.417971010722755e-09,1.4063589837016443e-08,2.208634744033734e-08,3.78473047042308e-08,8.00873235231077e-08,3.454725503852058e-07,0.4999987933759798,0.4999975878520821,1.4420706037201492e-06,5.286005452343242e-07,2.734091227032143e-07,1.7164564574613243e-07,1.1931022980863002e-07,9.310718302366507e-08,7.498425183682987e-08,6.269095158773355e-08,5.278496408651232e-08,4.4400373665657746e-08,3.541392949429118e-08,2.8958981376543453e-08,2.4178753829745718e-08,2.0045411364734876e-08,1.6568982656675903e-08,1.410818946578169e-08,1.2336550600773709e-08,1.0999497464693403e-08,9.957650164030595e-09,9.095822119560365e-09,8.381635194525077e-09,7.783329984102103e-09,7.268939745763902e-09,6.826058408633054e-09,6.432409045685708e-09,6.068874990006065e-09,5.751520529910058e-09
6.58548397710773e-11,2.3204476549709813e-10,4.1180091830663455e-10,6.127984268780563e-10,8.391049094929906e-10,1.0938031956363601e-09,1.3809528001443738e-09,1.7081714714046044e-09,2.0828286689495704e-09,2.520457377583852e-09,3.0112548774275975e-09,3.5456619794088414e-09,4.138998089582196e-09,4.834857781799931e-09,5.665709193743158e-09,6.66611850802094e-09,7.898334923239323e-09,9.439116749746202e-09,1.1474282340456616e-08,1.4226860974853111e-08,1.823901477914428e-08,2.4344964293616225e-08,3.411450110236773e-08,4.8759311500287335e-08,7.797031555730184e-08,1.5009336022455632e-07,3.557786282647938e-07,6.463719873424e-07,1.1162194953112856e-06,2.1516833944776806e-06,1.1150645249842e-05,0.9999796748407814,1.2242782985229013e-06,1.2751455880847953e-06,7.285260991219161e-07,4.430288979647133e-07,3.0605158269352457e-07,2.1682692695894536e-07,1.5324373053088382e-07,1.1895200581029583e-07
7.649939051593504e-10,1.52053793914403e-09,2.5335064874503015e-09,3.867333319238731e-09,5.646190693958589e-09,8.134449923977593e-09,1.1882180616179305e-08,1.806847100565816e-08,2.953666781915713e-08,5.6639237780685917e-08,1.5273319681065033e-07,4.8874246246402e-07,1.7810183004305876e-06,0.4999971064738354,0.4999972464048284,1.4648337751318476e-06,4.919469746746811e-07,2.6062124439265247e-07,1.842425758494067e-07,1.3661196006780207e-07,1.0745163055334022e-07,8.572470382808952e-08,6.85513615453529e-08,5.0841007191688834e-08,3.929791860649228e-08,3.1412011284957524e-08,2.5062895924903916e-08,2.0040341632655402e-08,1.6672827449664885e-08,1.4340603024609841e-08,1.2629882530188362e-08,1.1325384130028907e-08,1.0263536009458328e-08,9.395622720566657e-09,8.676982778259985e-09,8.064988673644942e-09,7.542513828225726e-09,7.08119274037414e-09,6.657384035518955e-09,6.28983606404855e-09
7.649939051981539e-10,1.520537939290303e-09,2.5335064874477704e-09,3.867333319242252e-09,5.646190693844586e-09,8.13444992428384e-09,1.1882180616550147e-08,1.8068471007310107e-08,2.953666782322252e-08,5.663923778599169e-08,1.5273319684967026e-07,4.887424633562848e-07,1.781018338342298e-06,0.4999980144190068,0.4999963384595553,1.4648338361036735e-06,4.919469757914381e-07,2.606212452915233e-07,1.8424257573412865e-07,1.3661196010364575e-07,1.0745163062082491e-07,8.572470386530125e-08,6.855136155181015e-08,5.084100721017146e-08,3.929791860738142e-08,3.141201128393193e-08,2.5062895930000172e-08,2.0040341632369075e-08,1.667282745160404e-08,1.4340603025141342e-08,1.2629882530888228e-08,1.132538413032536e-08,1.0263536010261415e-08,9.395622720702118e-09,8.676982777837755e-09,8.06498867406266e-09,7.542513828573787e-09,7.081192740576616e-09,6.657384035307565e-09,6.2898360644829956e-09
5.7345829159650896e-11,2.182988415170738e-10,3.917474560962483e-10,5.849581044963846e-10,8.018353044930937e-10,1.0453289937897356e-09,1.3192207430415416e-09,1.630478788730292e-09,1.985748102089268e-09,2.3990475407492297e-09,2.8611364861333924e-09,3.3633016119884203e-09,3.919500383818826e-09,4.569009494734895e-09,5.340676630528451e-09,6.2649178625597355e-09,7.3963380086454816e-09,8.80136948564304e-09,1.063989726650826e-08,1.3098303632900477e-08,1.6618707508446152e-08,2.1842258856417292e-08,2.9902414938112724e-08,4.1421268603416455e-08,6.259538831448622e-08,1.0745346492916237e-07,1.9641104935350593e-07,2.9260106251086696e-07,4.2773727255020433e-07,6.981867229676354e-07,1.237548701148714e-06,2.39599294175964e-06,0.9999842716752997,6.794437893383849e-06,1.263539184699836e-06,8.271896578304854e-07,5.283521001740475e-07,3.343407773207503e-07,2.1373015253377935e-07,1.5819961387944948e-07
4.925631682724929e-11,2.0526541844342295e-10,3.7279319670775995e-10,5.587174146798041e-10,7.667798143924642e-10,9.998026493904428e-10,1.2613192034763546e-09,1.5577237698712643e-09,1.895023385280042e-09,2.2859003522815017e-09,2.721634142170454e-09,3.194251646767369e-09,3.716476176570403e-09,4.323767300468984e-09,5.041785539601578e-09,5.897312685644598e-09,6.938298305426262e-09,8.222266243558882e-09,9.886940730914868e-09,1.2088230566060405e-08,1.518842759776732e-08,1.9683952490119773e-08,2.6401416137449105e-08,3.561816921861003e-08,5.148070374880972e-08,8.179024697358965e-08,1.3179231946384158e-07,1.816206893006958e-07,2.471138869898897e-07,3.5635111457924343e-07,5.873066056312945e-07,1.2610931662555035e-06,4.231635305463906e-06,0.4999933505200944,0.499991330286134,5.763849915999223e-06,1.1106058449201192e-06,5.968507191286246e-07,3.2317307092679817e-07,2.2144803193985264e-07
4.925631683152888e-11,2.052654184402799e-10,3.7279319669169383e-10,5.5871741468532e-10,7.667798143866182e-10,9.998026494300304e-10,1.2613192035281018e-09,1.5577237698926401e-09,1.8950233852583637e-09,2.2859003522191356e-09,2.72163414219934e-09,3.194251646714989e-09,3.7164761765532363e-09,4.3237673004995755e-09,5.041785539650657e-09,5.897312685578574e-09,6.93829830539567e-09,8.222266243479212e-09,9.886940730986175e-09,1.2088230566064366e-08,1.5188427597803413e-08,1.9683952490044503e-08,2.640141613761725e-08,3.56181692185757e-08,5.1480703750728846e-08,8.179024697318646e-08,1.3179231946216366e-07,1.8162068928939581e-07,2.4711388702655037e-07,3.563511145673624e-07,5.873066055343098e-07,1.2610931684373808e-06,4.231635306442895e-06,0.49999324187279043,0.4999914389334501,5.7638499008833875e-06,1.110605844745151e-06,5.968507192553435e-07,3.231730709655329e-07,2.2144803196394916e-07
6.907032072055391e-10,1.3692719368015349e-09,2.2678475463484937e-09,3.4374097136638912e-09,4.966970467663213e-09,7.0453101253825044e-09,1.0061693735279884e-08,1.4803035814897323e-08,2.2991427631584265e-08,3.996099618489442e-08,8.091580717738051e-08,1.6194393384580926e-07,2.902753249128239e-07,6.102185390041807e-07,3.070973812865839e-06,0.9999900847800274,3.192079121706533e-06,8.038817944941035e-07,4.6521413905236167e-07,2.952194202604967e-07,2.0967426537315103e-07,1.5448535614240873e-07,1.1344844717787543e-07,7.53614986943906e-08,5.392727046690456e-08,4.082303971551451e-08,3.114770850905306e-08,2.401041307935193e-08,1.94977540152824e-08,1.6494331867588314e-08,1.4352613161134795e-08,1.2753216508528721e-08,1.1470930081948462e-08,1.0436204218798155e-08,9.588666057655025e-09,8.873139777944795e-09,8.266956385094376e-09,7.7348696890815e-09,7.248236972545831e-09,6.828736073169828e-09
6.257266637585659e-10,1.2393482032134587e-09,2.041712307477849e-09,3.0749251635036064e-09,4.403143911347289e-09,6.161931027742925e-09,8.629883197498691e-09,1.2346774686833625e-08,1.838798049961981e-08,2.970817191571808e-08,5.15324435051606e-08,8.747819578193662e-08,1.3852533525891166e-07,2.334965102789836e-07,4.844733657715015e-07,1.768451560042335e-06,0.3334415147852974,0.33332992171630166,0.33322236198943006,1.412606590977656e-06,7.702679578666603e-07,4.330495885875852e-07,2.5736743673441954e-07,1.263742026330887e-07,7.825999803851587e-08,5.460524986888407e-08,3.9226773860593026e-08,2.889439728987546e-08,2.2816832768620905e-08,1.8952767957059486e-08,1.628111353150788e-08,1.4329813980676566e-08,1.2789689948307187e-08,1.1563104313287332e-08,1.0569298498586057e-08,9.73749604400155e-09,9.038167311498338e-09,8.427793848174392e-09,7.871973516779897e-09,7.395651752461086e-09
6.257266634534611e-10,1.2393482039172173e-09,2.041712307675897e-09,3.0749251634974443e-09,4.4031439112234365e-09,6.161931027757671e-09,8.629883197384798e-09,1.2346774686247102e-08,1.838798050087979e-08,2.9708171919411524e-08,5.153244351804166e-08,8.747819581422024e-08,1.3852533534735887e-07,2.3349651048984483e-07,4.844733670248724e-07,1.7684515638980875e-06,0.333441806299642,0.33332773723146364,0.33322425495990715,1.4126065991459486e-06,7.702679600703136e-07,4.330495887559544e-07,2.5736743706023135e-07,1.2637420271940727e-07,7.825999799008955e-08,5.4605249877152176e-08,3.9226773866176985e-08,2.889439729189011e-08,2.2816832761672862e-08,1.8952767954718896e-08,1.6281113530595413e-08,1.4329813983669703e-08,1.2789689949808157e-08,1.1563104313574541e-08,1.0569298498534998e-08,9.737496043876102e-09,9.038167311538504e-09,8.427793848223692e-09,7.871973516805756e-09,7.395651752094867e-09
4.153699806842303e-11,1.9284683244036763e-10,3.547684871225912e-10,5.338044318699052e-10,7.335285240971464e-10,9.566344289028548e-10,1.2064263252506847e-09,1.488775809506816e-09,1.8091163008632493e-09,2.178927015885888e-09,2.5899659086138435e-09,3.0348977986313135e-09,3.525308644748443e-09,4.093200096228809e-09,4.761341093328296e-09,5.55320696910218e-09,6.510767768858347e-09,7.683537633382665e-09,9.189749979489537e-09,1.1158925617171014e-08,1.3887072866468712e-08,1.7756673492463883e-08,2.3364096637704147e-08,3.0778046113799526e-08,4.2813078949574934e-08,6.396060615958835e-08,9.48509268488777e-08,1.244371985476319e-07,1.6133435087076083e-07,2.1678621378370156e-07,3.131233642175581e-07,5.332260900210062e-07,9.43760683764376e-07,1.4183346241698357e-06,1.087133865548933e-05,0.9999683457807861,1.4828886822476752e-05,1.0741371718114758e-06,4.968700516779404e-07,3.1182976060175966e-07
3.417139849211717e-11,1.8101835186666476e-10,3.37637702826539e-10,5.101720621834529e-10,7.020274731365527e-10,9.157750403154591e-10,1.154515451371915e-09,1.4236499326737696e-09,1.7281113152612312e-09,2.078318486197422e-09,2.4664904114615572e-09,2.8858492138976485e-09,3.34697625681997e-09,3.878811336586773e-09,4.501591230944093e-09,5.2359143397553935e-09,6.118569274569371e-09,7.192216325430969e-09,8.558605180244021e-09,1.0325523971792694e-08,1.2736181407339123e-08,1.6087513242624602e-08,2.0813077229337238e-08,2.686993347989677e-08,3.6235402378770266e-08,5.166068559083341e-08,7.249219920306285e-08,9.212794260332418e-08,1.1590525386045196e-07,1.4959437563249765e-07,2.02080420545841e-07,2.984859129684489e-07,4.6286157041675544e-07,7.8934628499274e-07,1.5824759798071365e-06,1.570822074781321e-05,0.9999770334745536,2.0013241979086853e-06,8.084095062598513e-07,4.486743579151801e-07
5.678254129325141e-10,1.1249798871939617e-09,1.8433786316901806e-09,2.757813594169175e-09,3.913464790275339e-09,5.4055850007618646e-09,7.430105032713451e-09,1.035308333383713e-08,1.4833977698835265e-08,2.2501127024496456e-08,3.5039205369534544e-08,5.265909744265439e-08,7.533909843030677e-08,1.112315850152132e-07,1.7322201637736664e-07,2.865833182526003e-07,5.310628562424989e-07,1.0211533280899049e-06,2.7255439490885536e-06,0.49999568147462586,0.49999571394728354,1.7494489870705552e-06,1.1372117027560408e-06,2.1063190359300175e-07,1.0851868364375192e-07,6.97571264655627e-08,4.746144398179016e-08,3.361472538038216e-08,2.5941263013354402e-08,2.1238193883026716e-08,1.806380280711161e-08,1.5784190729005446e-08,1.4005185152603616e-08,1.2601884519894602e-08,1.1473937542852807e-08,1.0535614995757198e-08,9.751089829099279e-09,9.069019920095668e-09,8.449484490924283e-09,7.920974014278532e-09
5.678254128733941e-10,1.1249798872010457e-09,1.843378631700552e-09,2.7578135941280743e-09,3.913464790207939e-09,5.40558500072126e-09,7.43010503307846e-09,1.0353083333435698e-08,1.483397769753193e-08,2.250112702658901e-08,3.503920536600617e-08,5.265909742172796e-08,7.533909836723257e-08,1.1123158493006197e-07,1.7322201644185994e-07,2.8658331779446717e-07,5.31062855468361e-07,1.0211533236141997e-06,2.7255437824240783e-06,0.49999683739713235,0.49999455802509907,1.7494488700268026e-06,1.1372116707922363e-06,2.1063190331253072e-07,1.0851868346421827e-07,6.975712642711409e-08,4.746144395604214e-08,3.3614725384679955e-08,2.5941263007417866e-08,2.1238193886655894e-08,1.8063802810145683e-08,1.5784190726630524e-08,1.4005185152881802e-08,1.260188451704342e-08,1.1473937543744147e-08,1.053561499755418e-08,9.751089829953313e-09,9.069019920505023e-09,8.449484489608402e-09,7.920974014475836e-09
1.398734415939368e-11,1.4866123578988283e-10,2.9089126045576e-10,4.458683589320412e-10,6.16563022208137e-10,8.052930563009854e-10,1.0147618260448125e-09,1.2492517566787201e-09,1.512622562941831e-09,1.8129090775257104e-09,2.143676379291658e-09,2.499593622850725e-09,2.8890429970333034e-09,3.333950102279012e-09,3.8489535392634326e-09,4.4483611945814646e-09,5.157702059331928e-09,6.005125778722275e-09,7.057880109415548e-09,8.380940153883016e-09,1.011907535047749e-08,1.2422948432264972e-08,1.546864683754288e-08,1.911888883956057e-08,2.424981820293747e-08,3.179136959099396e-08,4.088766041529003e-08,4.9458084916812394e-08,5.9590071910002335e-08,7.313181722788635e-08,9.206477802127065e-08,1.208333746454686e-07,1.613133240866441e-07,2.2509093701392768e-07,3.457597384367587e-07,6.113125059075798e-07,1.445180642896283e-06,0.4999965289329555,0.4999918090077743,8.244591345722585e-06
1.3987344159403137e-11,1.486612357898106e-10,2.908912604557497e-10,4.458683589321994e-10,6.165630222080063e-10,8.052930562984682e-10,1.0147618260463532e-09,1.249251756677936e-09,1.512622562943289e-09,1.8129090775234822e-09,2.1436763792964723e-09,2.499593622839886e-09,2.8890429970295617e-09,3.3339501023016806e-09,3.848953539250502e-09,4.448361194572936e-09,5.1577020593216935e-09,6.005125778724146e-09,7.057880109380555e-09,8.38094015381523e-09,1.011907535056002e-08,1.2422948432329898e-08,1.5468646837630694e-08,1.9118888839574655e-08,2.4249818202930427e-08,3.1791369590761546e-08,4.088766041540447e-08,4.945808491641536e-08,5.959007191039584e-08,7.313181722832035e-08,9.206477802115621e-08,1.2083337464608308e-07,1.6131332408676383e-07,2.2509093701684687e-07,3.457597384390687e-07,6.113125059294966e-07,1.4451806430021766e-06,0.49999652429131436,0.499991813649404,8.244591356877621e-06
5.162738095240231e-10,1.0246584182507935e-09,1.670880024153129e-09,2.484136421734214e-09,3.495981041484843e-09,4.772913873229483e-09,6.453132475974071e-09,8.788963865507995e-09,1.2194255487646619e-08,1.7611497711870276e-08,2.5560408704058024e-08,3.560655801717078e-08,4.764850209992916e-08,6.525773852007559e-08,9.179868869020363e-08,1.307144425574007e-07,1.9096520973682576e-07,2.7561330617157366e-07,4.963659504422915e-07,1.0383216504020368e-06,3.130784437406257e-06,0.49999543101584754,0.4999981702618805,3.1619359391686863e-07,1.389271105245993e-07,8.409136130782617e-08,5.499609414256411e-08,3.7834297201434975e-08,2.8721516793901186e-08,2.3277263887219368e-08,1.966337496203452e-08,1.7097580151257946e-08,1.510929339986093e-08,1.3550558121184175e-08,1.2304210016323631e-08,1.1271375976258399e-08,1.0410937260139587e-08,9.664478721508848e-09,8.987200217357322e-09,8.41130007143989e-09
5.162738095118429e-10,1.0246584181242317e-09,1.6708800243127169e-09,2.4841364216734433e-09,3.4959810414754344e-09,4.7729138731138845e-09,6.453132476143095e-09,8.788963865638726e-09,1.2194255487461969e-08,1.7611497712002106e-08,2.5560408703940938e-08,3.5606558013989696e-08,4.76485020924604e-08,6.525773855348253e-08,9.17986886879447e-08,1.307144425662463e-07,1.909652098098266e-07,2.7561330617262303e-07,4.963659514470912e-07,1.0383216472056197e-06,3.1307844377861668e-06,0.4999984543403138,0.49999514693741615,3.16193593940944e-07,1.3892711067644997e-07,8.409136133913966e-08,5.4996094131347766e-08,3.7834297195257226e-08,2.872151679433387e-08,2.327726388356422e-08,1.9663374962182195e-08,1.7097580152377734e-08,1.5109293399714574e-08,1.3550558121315344e-08,1.2304210016078899e-08,1.1271375975301257e-08,1.0410937260823607e-08,9.664478721630335e-09,8.987200217148793e-09,8.411300070864702e-09
7.703499944025787e-12,1.3848359302521574e-10,2.7605632511526446e-10,4.253337276374184e-10,5.891648545652456e-10,7.698151315140564e-10,9.698926172452817e-10,1.1933330739576972e-09,1.4436348854938802e-09,1.7281592730302924e-09,2.041084971145592e-09,2.377255797279812e-09,2.744289004220667e-09,3.162080160612588e-09,3.6434713254440562e-09,4.200684643554967e-09,4.8555242349136355e-09,5.63163760366211e-09,6.586432605904081e-09,7.773865530147467e-09,9.314093332856906e-09,1.1327061553892652e-08,1.3958632549139218e-08,1.7096879754463647e-08,2.1395990028100062e-08,2.7394578779517826e-08,3.4408655533014084e-08,4.1003754387387384e-08,4.870051402163908e-08,5.8679877844749324e-08,7.216756376187583e-08,9.172786079141485e-08,1.1822546396089788e-07,1.576556427675818e-07,2.249086193817737e-07,3.4805642670883715e-07,6.020769546504321e-07,5.897577252820821e-07,4.989262873441431e-06,0.48665416316597937
