-1.2841898067695099e-11,1.011158086684993e-10,2.155765043786729e-10,3.3302850900088144e-10,4.553082880101057e-10,5.827495126598544e-10,7.176104477744267e-10,8.617284355842553e-10,1.0170714227912732e-09,1.1855918983754713e-09,1.3683636626735193e-09,1.5685227972973287e-09,1.788121430078001e-09,2.0269486016053163e-09,2.2904376849745585e-09,2.586344801683118e-09,2.9213149715853464e-09,3.3009814107001854e-09,3.736351147538303e-09,4.24323291786607e-09,4.8408647840520885e-09,5.471826640516721e-09,6.1743184554972944e-09,7.003776343766399e-09,8.001172186921175e-09,9.220424517102798e-09,1.075193437027983e-08,1.2732217365357968e-08,1.5318829006416934e-08,1.8822429631093656e-08,2.3876769561070824e-08,3.200211170633019e-08,4.751402438680041e-08,8.61880374300439e-08,3.942220383469131e-07,1.7927203003254546e-06,1.8371904126044734e-05,0.9999667575287181,1.0065541519513178e-05,2.2834155435184987e-06
2.7848137859753765e-09,4.7709087343619926e-09,7.354283945655121e-09,1.0783569896845892e-08,1.5445926006258645e-08,2.1158329276670116e-08,2.8764850356679905e-08,3.9623689360698454e-08,5.660398490370594e-08,8.584890851559361e-08,1.3687033107629722e-07,2.5570668304732515e-07,6.836507653284613e-07,1.9835281085849953e-06,4.730974072236205e-06,2.779601508252731e-05,0.999957445587156,3.382536074680641e-06,1.2667036786030621e-06,7.49455016225769e-07,5.149800621172047e-07,1.9156326945834022e-07,1.0580963802655232e-07,7.384790097877994e-08,5.728891767917954e-08,4.707815592506754e-08,4.025502594419914e-08,3.5371159442306736e-08,3.141127793716391e-08,2.8153944013286172e-08,2.548867037778524e-08,2.3335000078145744e-08,2.1569292828739282e-08,2.0093167018777047e-08,1.879652752813312e-08,1.578985651143485e-08,1.3419179480694136e-08,1.1662108707056271e-08,1.032771369599078e-08,9.276753495735717e-09
-9.234441238023938e-12,1.064636403661814e-10,2.2273407412233609e-10,3.421034881318805e-10,4.664431039952148e-10,5.960809478631125e-10,7.333333869184595e-10,8.800851574267168e-10,1.0383583520329982e-09,1.2101616188887367e-09,1.3965932136862147e-09,1.6008847233937737e-09,1.8251428360690826e-09,2.0691318125032233e-09,2.3384484610642718e-09,2.6411190518600142e-09,2.9840309951060144e-09,3.373012551644226e-09,3.819433930531536e-09,4.339694961534542e-09,4.9537242417825585e-09,5.601578811036772e-09,6.322686200507171e-09,7.174609001535413e-09,8.199717708920615e-09,9.453768344389692e-09,1.1030533752049786e-08,1.3071842798379565e-08,1.574046286599126e-08,1.9357458127268507e-08,2.4579058989886268e-08,3.299822803491115e-08,4.927407988194208e-08,9.070520442940025e-08,4.7265291852263207e-07,3.3293782961253646e-06,0.9999715452642777,2.0096754282912692e-05,2.9892434402544776e-06,1.2250235537352806e-06
5.01523925576485e-12,1.2754397727250656e-10,2.508907719647594e-10,3.7773260445095755e-10,5.1007481271751e-10,6.482163072248581e-10,7.946995902580897e-10,9.515944926188527e-10,1.1211311079932745e-09,1.3055274321795285e-09,1.505971705249856e-09,1.726069061728986e-09,1.968145594807175e-09,2.231832605704042e-09,2.523401884514389e-09,2.8519257002459117e-09,3.22520327457625e-09,3.6498065666592905e-09,4.138641815166439e-09,4.710489659704532e-09,5.38817422776606e-09,6.100848951298671e-09,6.89300650725866e-09,7.830572900232134e-09,8.961069667913284e-09,1.0346799652049237e-08,1.209366244839198e-08,1.4362545909265356e-08,1.733438986633945e-08,2.137217805412497e-08,2.7234717509570168e-08,3.683469548737074e-08,5.602557556744414e-08,1.065681196842531e-07,9.302848114782275e-07,0.9999914198771018,5.187666318574106e-06,1.1471392897541337e-06,5.776616557860696e-07,3.599610829422845e-07
-2.2125594630962768e-11,8.738394840516103e-11,1.972391982320152e-10,3.098308542134886e-10,4.2691083661243927e-10,5.488295501892131e-10,6.777081353761633e-10,8.152711769022062e-10,9.633597143365744e-10,1.1237992131849837e-09,1.2976049626141481e-09,1.4876853596738448e-09,1.6959536012069767e-09,1.9222888407851447e-09,2.171703309709474e-09,2.4513439130013903e-09,2.767342183838326e-09,3.12489680044046e-09,3.533984731499952e-09,4.00890476089946e-09,4.566807141900241e-09,5.157019454532888e-09,5.81389104319169e-09,6.5870835930166855e-09,7.513079135787851e-09,8.639558839732888e-09,1.0046033805175198e-08,1.1851873721089202e-08,1.4194016524794216e-08,1.7341585096765587e-08,2.1835055232720315e-08,2.8912519049746034e-08,4.18388105127153e-08,7.16458445754562e-08,2.286877871374308e-07,5.2834088898341e-07,1.0854853355921655e-06,2.6022516691372807e-06,1.3972826946467292e-05,0.48522551382901913
-1.9496211669639794e-11,9.128098909590054e-11,2.0245431964804206e-10,3.164430168084493e-10,4.3502480423946876e-10,5.585471825827115e-10,6.891727650723944e-10,8.286613705494355e-10,9.78895086412834e-10,1.1417428014532288e-09,1.3182430982284287e-09,1.511376889037416e-09,1.7231012480900166e-09,1.9532793469842694e-09,2.207042989565259e-09,2.491733949542433e-09,2.813677751602567e-09,3.1782581598384146e-09,3.5957759489759174e-09,4.081027381733816e-09,4.651773278235039e-09,5.25568270474964e-09,5.928250824016787e-09,6.721027797745807e-09,7.67205462419725e-09,8.831125879060256e-09,1.0281311172150704e-08,1.2147299046387101e-08,1.4570106229836636e-08,1.7820144468774132e-08,2.242581122492709e-08,2.9600327788596778e-08,4.286694647861725e-08,7.56184364936844e-08,2.6725559765406575e-07,7.131189710566236e-07,1.759770023251219e-06,6.106672926299834e-06,0.9999579425935062,3.285808532319722e-05
2.3850691062063234e-09,4.049060673910577e-09,6.152547304244367e-09,8.861704696784478e-09,1.2421347529246566e-08,1.669292705418454e-08,2.2190844549997174e-08,2.966471018736912e-08,4.0575890930901944e-08,5.765413538730612e-08,8.408052031835591e-08,1.324923063004245e-07,2.3336859944904036e-07,3.932272502016749e-07,6.416106408663084e-07,1.256402010846919e-06,5.089505635698698e-06,0.9998881396593908,9.142097032828704e-05,8.223902102190622e-06,3.1754495014621336e-06,3.0797625408691034e-07,1.4036317449071694e-07,9.184300447334188e-08,6.899632255186582e-08,5.559610031842291e-08,4.692718826417211e-08,4.085637896859317e-08,3.5985837689426254e-08,3.20198037900355e-08,2.880725036593797e-08,2.62382279077482e-08,2.4149869769124183e-08,2.241612320034576e-08,2.090098619977302e-08,1.7310839617670567e-08,1.4545362301587724e-08,1.2535101525085923e-08,1.1030615908290096e-08,9.858828905815757e-09
2.3602328501859493e-09,4.004649147020389e-09,6.079511369345135e-09,8.746505289749667e-09,1.2243065105215647e-08,1.643330973648042e-08,2.181501129344434e-08,2.9108497721840612e-08,3.971072008087796e-08,5.620946282181689e-08,8.156816474604316e-08,1.2744920005206736e-07,2.2101923574456666e-07,3.6643779712118346e-07,5.906086933943832e-07,1.1342222313480905e-06,4.022384548444021e-06,9.5374281522197e-05,0.9998800338312236,1.2565953703825684e-05,4.258631772855239e-06,3.181566133348605e-07,1.4292498564434523e-07,9.313176860664804e-08,6.982768627327575e-08,5.620024993796238e-08,4.7401290446990776e-08,4.124715857336585e-08,3.6312209709363145e-08,3.229583548535417e-08,2.9044307120016317e-08,2.6445752004118434e-08,2.4334475602018556e-08,2.2582427317463856e-08,2.105170102144079e-08,1.741853232910822e-08,1.4624400596710143e-08,1.2596006065073395e-08,1.1079456860706902e-08,9.899159919082165e-09
2.2417635071872514e-09,3.793100717003571e-09,5.732356982028979e-09,8.200310712314263e-09,1.140042124179485e-08,1.5208443267893587e-08,2.004623948997597e-08,2.6501959564216708e-08,3.568534840051186e-08,4.956545040053404e-08,7.018848662831067e-08,1.0532153931984298e-07,1.7016130649352058e-07,2.617814705942677e-07,3.938761703775883e-07,6.750869749922786e-07,1.5025146757202209e-06,4.032463215559776e-06,1.4157765240475169e-05,0.9998811712773962,9.617828465798864e-05,3.5915925708253346e-07,1.5345895691839155e-07,9.860190962916342e-08,7.344477567788291e-08,5.8878157202297044e-08,4.953324329957834e-08,4.302465256126594e-08,3.780987365149171e-08,3.3571160077421334e-08,3.014575873170227e-08,2.7414641829943302e-08,2.519993569991438e-08,2.3364902285492382e-08,2.1762851682115156e-08,1.7925783589466694e-08,1.49962885698252e-08,1.2882507808961837e-08,1.1309278475003882e-08,1.0089048839552674e-08
2.2191820333671263e-09,3.752861461410579e-09,5.6665151354646744e-09,8.097069627675169e-09,1.1241803593333147e-08,1.4978556025291698e-08,1.9715526304942737e-08,2.6017428090614888e-08,3.4943871629801085e-08,4.835881191542317e-08,6.815949926591883e-08,1.0151435911564658e-07,1.6198003587865803e-07,2.4600034122763447e-07,3.6541790468724576e-07,6.133374369054249e-07,1.2878082683076518e-06,3.1113302782506685e-06,9.32713889484592e-06,9.375787618483561e-05,0.9998896697558786,3.6495272967383747e-07,1.5510144726490544e-07,9.950665646233057e-08,7.406594025167575e-08,5.934993513535387e-08,4.9915834720309945e-08,4.334813280412151e-08,3.8085298234958915e-08,3.380756961701178e-08,3.035126220526458e-08,2.759639460669144e-08,2.5363030276324825e-08,2.3512935857477177e-08,2.1897783668511104e-08,1.802188662801731e-08,1.5066687926986016e-08,1.2936740038696158e-08,1.1352799353977227e-08,1.012503132662179e-08
8.12979330988844e-10,1.3813539451219129e-09,2.0157241172290904e-09,2.735248128478641e-09,3.5627256287362566e-09,4.487735362147009e-09,5.559373764481749e-09,6.82769373287233e-09,8.361316566567478e-09,1.0246842401981336e-08,1.2537123670897227e-08,1.542077338548034e-08,1.9066326240461012e-08,2.3434759767590492e-08,2.9005654684388375e-08,3.691995134945841e-08,4.898957096661378e-08,6.801432461501779e-08,1.0244463700747731e-07,1.9197183584262327e-07,9.292235309532766e-07,0.9999750971805625,1.4234357648932347e-05,3.3128511861552644e-06,1.6991149231544092e-06,1.0472255486068682e-06,7.557571028546435e-07,5.958400491201164e-07,4.301284130123819e-07,3.105284575215098e-07,2.3390841924649944e-07,1.8656201175994032e-07,1.5482003790342145e-07,1.326379170482146e-07,1.1488870433541371e-07,6.04033534613347e-08,3.92123234900224e-08,2.8965066281584347e-08,2.3020835843500947e-08,1.9125390738081352e-08
7.757701927083743e-10,1.321983382976362e-09,1.929661786245772e-09,2.6168731544102156e-09,3.4048190803983705e-09,4.2842246966414666e-09,5.300658508677779e-09,6.500513329913353e-09,7.947025099968818e-09,9.719522711897516e-09,1.1867071187810821e-08,1.4560887214753527e-08,1.7953744387093542e-08,2.2016246750052865e-08,2.7182248187177107e-08,3.4469247236086054e-08,4.548710458918824e-08,6.27448991290514e-08,9.361931109273073e-08,1.7062045030624552e-07,6.761901237450835e-07,9.07198596594514e-06,0.9998345945878224,0.00013438929730806478,1.0563238044205706e-05,3.718019459427786e-06,2.183054246765424e-06,1.5226844573094106e-06,8.663391303295629e-07,5.262877849521892e-07,3.5495472098574355e-07,2.6535308500240785e-07,2.1107259316250966e-07,1.7568239694613515e-07,1.4891193553799574e-07,6.913024468196459e-08,4.291128846017054e-08,3.104088358095591e-08,2.437808984426831e-08,2.0096526137800993e-08
7.717709668931222e-10,1.315597869597831e-09,1.9203989959642435e-09,2.6041227794264506e-09,3.387796392735185e-09,4.262255612273931e-09,5.27268297544181e-09,6.465063253114503e-09,7.902031938531652e-09,9.662102987101442e-09,1.1793863770873458e-08,1.4466567985495133e-08,1.7831104800466867e-08,2.1858789082698573e-08,2.6978032656741138e-08,3.419190396051539e-08,4.508535960815685e-08,6.21268991466689e-08,9.254680358224404e-08,1.6792984368716062e-07,6.472496558938996e-07,6.685969131232333e-06,0.00013658806045753488,0.9998280486939379,1.554353677097538e-05,4.645952807606088e-06,2.6137913457138947e-06,1.7729246533354612e-06,9.57524241521043e-07,5.636414118690579e-07,3.7363594978592193e-07,2.767770051750985e-07,2.1892401354352413e-07,1.8154586950241543e-07,1.5346566858946084e-07,7.015070745450164e-08,4.332485145431962e-08,3.1268664914874786e-08,2.4525650342334694e-08,2.0201573076939722e-08
7.482868009080648e-10,1.2780651063816192e-09,1.865902290319268e-09,2.5290319020113617e-09,3.2874381800878653e-09,4.132550272295985e-09,5.1072427733615354e-09,6.255023841652069e-09,7.63488166278936e-09,9.320360748052843e-09,1.1356898042041338e-08,1.390171740098218e-08,1.7093748380913992e-08,2.0907054510058284e-08,2.5735651567933822e-08,3.2492462136075974e-08,4.2602326174389874e-08,5.825834834673338e-08,8.571616006032817e-08,1.5067141918132564e-07,4.845972624314381e-07,1.961577181517266e-06,4.722267034491434e-06,1.5395589925578816e-05,0.9998936933910357,5.5262549788756215e-05,1.5647562774810268e-05,7.722019446593565e-06,1.9835643560681064e-06,8.778339471404173e-07,5.123857119053708e-07,3.5717087899073576e-07,2.72623193732109e-07,2.2100195976209155e-07,1.8375767769689005e-07,7.625813564800197e-08,4.573066216301786e-08,3.258047530310402e-08,2.5372068265334344e-08,2.0803215766887838e-08
7.406385793220636e-10,1.2658219641719656e-09,1.8480971727172084e-09,2.5044575795446816e-09,3.2545378307892997e-09,4.089936756538924e-09,5.05275541371521e-09,6.1856565849105445e-09,7.546381738239537e-09,9.206766446055656e-09,1.1211074301675405e-08,1.3712389637406554e-08,1.6845386158103514e-08,2.058446447508386e-08,2.5311461832706026e-08,3.190761071797826e-08,4.173988645100266e-08,5.689758217296781e-08,8.328077309962532e-08,1.4454213017356242e-07,4.3650625152477147e-07,1.459858077597447e-06,2.9757574136978124e-06,7.228225672514559e-06,4.677279782506796e-05,0.9998145004638194,9.640306413601465e-05,2.4190860595475885e-05,2.6453491475651124e-06,1.0188109410446305e-06,5.667285550723661e-07,3.870896992570752e-07,2.9217080731155255e-07,2.3520886342475892e-07,1.946304677629498e-07,7.820323664825071e-08,4.6474796803238735e-08,3.298273810692421e-08,2.5631061864776043e-08,2.098737419696951e-08
7.368466647995388e-10,1.2597478670751865e-09,1.839257952836227e-09,2.4922498150497562e-09,3.2381829413407836e-09,4.068736039365392e-09,5.02562319667039e-09,6.151081412869294e-09,7.502223963538863e-09,9.15002417201713e-09,1.1138135247074184e-08,1.3617544594696418e-08,1.6720738872755744e-08,2.0422174028607712e-08,2.5097460465826273e-08,3.161174590557571e-08,4.1302471969718684e-08,5.6205436660267e-08,8.203784462465613e-08,1.4143224103397038e-07,4.1381537457490025e-07,1.2735670570726437e-06,2.4356126375579076e-06,5.3410125533321965e-06,1.914514144727193e-05,9.481450585164054e-05,0.999745671700796,0.00012433879971199876,3.046368344368021e-06,1.0917582107993703e-06,5.93919873379111e-07,4.0200599182519517e-07,3.01923156310241e-07,2.423119490814276e-07,2.0006215983608465e-07,7.913798177160027e-08,4.683019759630421e-08,3.317480228148267e-08,2.5754870059580754e-08,2.107555098264038e-08
7.3305907038713e-10,1.253666111430796e-09,1.830386447186082e-09,2.47996742646127e-09,3.2216860920281977e-09,4.047292048572899e-09,4.9980975347085795e-09,6.1158905183169765e-09,7.457119128282142e-09,9.091836172094988e-09,1.1063006961967936e-08,1.3519375965081248e-08,1.6591026920405096e-08,2.0252239303420782e-08,2.4871820122549728e-08,3.129736412504032e-08,4.083347811597715e-08,5.545501548891589e-08,8.06736181674594e-08,1.379926211480279e-07,3.896914416518616e-07,1.0996004152336404e-06,1.9596681822859444e-06,3.816238431388165e-06,9.776983206393728e-06,2.2478537522380333e-05,0.00013153616494242346,0.9998220232430386,3.3033841950540906e-06,1.1432496237908857e-06,6.145182475445373e-07,4.139013888011159e-07,3.0999223832483227e-07,2.4834813945510254e-07,2.0479146537566643e-07,7.994054034224303e-08,4.713697345058338e-08,3.334190328391361e-08,2.5863421659614295e-08,2.115340690139744e-08
6.530348020460182e-10,1.1256769354093794e-09,1.644456513845772e-09,2.2236594542617185e-09,2.8790253049546252e-09,3.603747364564475e-09,4.431266105624703e-09,5.394693168213475e-09,6.53783252771314e-09,7.913565776624742e-09,9.552494155601986e-09,1.1562558921527269e-08,1.4031495185221258e-08,1.6932800963544645e-08,2.051615855789891e-08,2.5331630366804414e-08,3.2156654760547254e-08,4.204716683543807e-08,5.762635130642215e-08,8.691852895250748e-08,1.6106927837403106e-07,2.5491811452689764e-07,3.374000315392775e-07,4.5813175190088353e-07,6.585451772358312e-07,1.0007530147975146e-06,1.7830653710925879e-06,1.1870882834351738e-05,0.9999716113030855,6.8033780617189665e-06,1.8356227458986116e-06,1.0137261941682786e-06,6.86249267237292e-07,5.170395230145018e-07,4.0872668793802947e-07,1.019033859834405e-07,5.48338523733157e-08,3.740537907834562e-08,2.8464126868065877e-08,2.3003098720439922e-08
5.899959030163999e-10,1.0254300344052477e-09,1.4997068808826993e-09,2.0253738379362937e-09,2.61573138578339e-09,3.2649911670982346e-09,4.001064492443743e-09,4.851081996630013e-09,5.850346708965505e-09,7.040510572990761e-09,8.444537825906157e-09,1.0145030199654002e-08,1.2205103320039205e-08,1.4599439380079478e-08,1.7508862037720535e-08,2.131797394143901e-08,2.6535569520409765e-08,3.379745118224081e-08,4.457634197699173e-08,6.27725636982773e-08,9.968631528297392e-08,1.3874663442458092e-07,1.7454224893844125e-07,2.2417344955364608e-07,2.998004327451068e-07,4.2218655875200036e-07,6.724143674932905e-07,1.5088826234189449e-06,5.848201392942189e-06,0.9999454545843014,3.2333545017983886e-05,6.122128629029129e-06,2.8980576298692855e-06,1.8361140845295677e-06,1.395682835228476e-06,1.2708673405852587e-07,6.232787425343807e-08,4.116640132938776e-08,3.082227254786041e-08,2.4664387377194537e-08
5.734731511702211e-10,9.992382545812038e-10,1.4620156905492747e-09,1.9739235059700855e-09,2.5476703433250316e-09,3.177718515123729e-09,3.890627268885979e-09,4.712077595974886e-09,5.675339348935946e-09,6.81942625274095e-09,8.16555311589464e-09,9.790518032149327e-09,1.1751980225939407e-08,1.4025144996515412e-08,1.6775626185721408e-08,2.035259703770223e-08,2.5209965607355854e-08,3.190244028898773e-08,4.1694730231747556e-08,5.7826031291760364e-08,8.911185117731911e-08,1.213459174701453e-07,1.5118692095219274e-07,1.920482457790756e-07,2.530717840488232e-07,3.4968905863095577e-07,5.404730861679514e-07,1.0944099080714898e-06,3.068499577529116e-06,2.7147799709492315e-05,0.9999212668427695,2.949524228871541e-05,8.38536460621671e-06,4.2996409256859455e-06,2.977243535364597e-06,1.349275379929982e-07,6.444961514649552e-08,4.220810960717337e-08,3.14716468729367e-08,2.5121495535869024e-08
5.57501405618893e-10,9.739224573638776e-10,1.4255929889505375e-09,1.9242172423085063e-09,2.481937569427451e-09,3.0934409238107317e-09,3.783993864172749e-09,4.577886699139015e-09,5.506443901553002e-09,6.60616363061686e-09,7.896568354352826e-09,9.448973023404154e-09,1.1315911233336572e-08,1.3472984905367477e-08,1.6071632074183382e-08,1.9428299822543325e-08,2.394662175805369e-08,3.010803692963378e-08,3.899491516049574e-08,5.3288976213061067e-08,7.986317698702108e-08,1.0657721339207508e-07,1.3144544883291683e-07,1.6497484209484738e-07,2.1386305724645518e-07,2.889090412386164e-07,4.2902724671384383e-07,7.81954229267247e-07,1.6986673398165228e-06,4.9303132048389295e-06,1.648201732681098e-05,0.9995797994870671,0.000358640754003027,2.4170578409143465e-05,1.1517677013870985e-05,1.4156298055411687e-07,6.623576339784571e-08,4.309834912243202e-08,3.2035039454335805e-08,2.5523260920217997e-08
5.548940715027928e-10,9.697920126616406e-10,1.4196540213286318e-09,1.916117508646211e-09,2.471233777204304e-09,3.0797256886543853e-09,3.766651753819363e-09,4.556078771481285e-09,5.4790192748978495e-09,6.571569827120405e-09,7.852983458748704e-09,9.393703406565927e-09,1.124545793186155e-08,1.3383919029483589e-08,1.59582925639082e-08,1.9279915485291686e-08,2.37446371133224e-08,2.982272898771125e-08,3.8569086154092744e-08,5.258348926892667e-08,7.846548808680454e-08,1.0438928267333408e-07,1.2854099910621273e-07,1.6102292123695948e-07,2.0820257102937408e-07,2.8026522660516407e-07,4.135900859532062e-07,7.425456781285189e-07,1.56459634029239e-06,4.238144146447926e-06,1.2705109018667853e-05,0.00035168016758164696,0.9995613457935479,4.5818296140707504e-05,1.9967655787441834e-05,1.425987634300314e-07,6.651449604701042e-08,4.323836670742148e-08,3.21242661788549e-08,2.5587259386730927e-08
5.497031521050653e-10,9.615558269008539e-10,1.407793891591567e-09,1.8999181890147954e-09,2.449794133994192e-09,3.052209955785138e-09,3.7318016756060306e-09,4.512178117838859e-09,5.423711366008626e-09,6.5016696905336556e-09,7.764732107572026e-09,9.281547039226484e-09,1.1102156302741845e-08,1.3202286475711573e-08,1.5726535467119632e-08,1.8975706956526007e-08,2.332951301533853e-08,2.923487178916662e-08,3.7689883179364535e-08,5.1126632282753746e-08,7.55933317127494e-08,9.988997019824773e-08,1.2252625424441897e-07,1.5276833585839532e-07,1.9626189234040305e-07,2.618097712660843e-07,3.802103670840702e-07,6.57548920779953e-07,1.285410717042379e-06,2.929594690389303e-06,6.627710819477956e-06,1.8197653142484174e-05,3.543107195810491e-05,0.9995486630282427,0.0003843582363163213,1.4391662777989518e-07,6.690657045083276e-08,4.344819595038368e-08,3.226385350156446e-08,2.569052330779362e-08
5.471238422938093e-10,9.574599389847384e-10,1.4018912405982606e-09,1.891849853153097e-09,2.4391077517552412e-09,3.038483796848437e-09,3.714402243336011e-09,4.490241342573719e-09,5.396050519467016e-09,6.4666801227644454e-09,7.720514965123077e-09,9.225299135197502e-09,1.1030219998978547e-08,1.3111009908166884e-08,1.5609946317855044e-08,1.882254766425246e-08,2.3120423053341298e-08,2.8938761417098335e-08,3.7247350103253794e-08,5.039561513553481e-08,7.416455925519936e-08,9.766144446193859e-08,1.195437118027782e-07,1.4867005245143709e-07,1.903315946326095e-07,2.526526404628861e-07,3.637622866884361e-07,6.170097314484301e-07,1.1624515578911195e-06,2.4548033443283545e-06,4.9929966550810455e-06,1.0876122435454662e-05,3.0256887451715247e-05,0.00037246021790454203,0.9995753736744369,1.4431776594783305e-07,6.704686009034087e-08,4.352959366455879e-08,3.232067050448562e-08,2.5733920995824454e-08
0.9999962314163897,2.2804386423985866e-06,5.506545779159761e-07,2.2912648444373324e-07,1.3040342271747868e-07,7.636218607159144e-08,5.431232114321114e-08,4.292543630769378e-08,3.607562067465118e-08,3.140166227412215e-08,2.7619077831560864e-08,2.4723841694333463e-08,2.233339283129761e-08,2.005657604466337e-08,1.8174776704009823e-08,1.67290257356593e-08,1.5570194717362373e-08,1.4563284492429091e-08,1.3702273289127125e-08,1.2970710103288833e-08,1.2343913422120365e-08,1.1433051991571531e-08,1.0558188476836506e-08,9.837468665791151e-09,9.236432698819778e-09,8.724464201867585e-09,8.28758499089961e-09,7.910280005562928e-09,7.563310699693378e-09,7.2433013869688316e-09,6.9514415131893425e-09,6.689755493259278e-09,6.455042488808978e-09,6.242937745698971e-09,6.045249295932836e-09,5.62783379882455e-09,5.234584258264203e-09,4.8923612428051245e-09,4.5960449089558635e-09,4.336311319529823e-09
3.222785349838579e-06,0.999993938743384,1.6737284260321764e-06,3.643309814954496e-07,1.7324306088147984e-07,9.097542138734966e-08,6.193491046429111e-08,4.7854176667018265e-08,3.966954931864347e-08,3.4202079391577825e-08,2.983752900869066e-08,2.6538918110932918e-08,2.3842699568274838e-08,2.1293488776814377e-08,1.920545312897538e-08,1.761423517077611e-08,1.6346659308568846e-08,1.5250461511236528e-08,1.4317303494591758e-08,1.3527401038853879e-08,1.2853131492613853e-08,1.1873902140183433e-08,1.0937493431525182e-08,1.0169615266722598e-08,9.531696949624424e-09,8.990049103538085e-09,8.529120654406708e-09,8.13198864131903e-09,7.767492714536392e-09,7.43192480523093e-09,7.126395803868569e-09,6.852888069783959e-09,6.607916441386766e-09,6.386842298821624e-09,6.181009753977895e-09,5.746528214276789e-09,5.3382118980188694e-09,4.983714399485649e-09,4.677403740251216e-09,4.409391994425708e-09
3.248442743080453e-07,3.239328975394852e-06,0.9999946060363212,8.439711386751281e-07,2.7356898721606557e-07,1.1814657327748231e-07,7.52145156493384e-08,5.623660376451202e-08,4.571947661699955e-08,3.8890035688574584e-08,3.35287138351069e-08,2.95459262212008e-08,2.6332541560194657e-08,2.3321999253301863e-08,2.0887480013695895e-08,1.905456215188907e-08,1.7607706988175622e-08,1.6364626619695453e-08,1.531317225836425e-08,1.442807910170454e-08,1.3676355843175351e-08,1.2584159312493443e-08,1.1546429002554017e-08,1.0701441050822054e-08,1.0003550098561742e-08,9.413852559820142e-09,8.914139703595982e-09,8.485135374621536e-09,8.092501093447083e-09,7.731988851814699e-09,7.4045733032947055e-09,7.112175173208717e-09,6.850843530824098e-09,6.6154733747033945e-09,6.396680195482678e-09,5.93467543379468e-09,5.502146308134938e-09,5.127995235205906e-09,4.80573242445525e-09,4.5245415427216645e-09
7.991764238985839e-08,2.509015581816651e-07,2.50804916244218e-06,0.9999950566098287,1.1405058557141783e-06,2.1480527919783977e-07,1.1516708279969453e-07,7.990131023672768e-08,6.226724968130342e-08,5.145156412241145e-08,4.320996820110469e-08,3.730298796336919e-08,3.266039409588391e-08,2.8382957106505767e-08,2.5020311334939507e-08,2.2555986133308705e-08,2.064908265609968e-08,1.9032973804827106e-08,1.76840654716104e-08,1.656211928490444e-08,1.5619595720183987e-08,1.4244383029296542e-08,1.29559670875415e-08,1.1923127877219257e-08,1.1080957663259507e-08,1.0376816813653473e-08,9.785513640572851e-09,9.281774177178553e-09,8.823461317350809e-09,8.404963381394451e-09,8.026904925190423e-09,7.691012125840828e-09,7.39219668454345e-09,7.124163096730664e-09,6.875856754281948e-09,6.350434222478123e-09,5.862548518807921e-09,5.443817911971914e-09,5.0856147388820875e-09,4.774901076635991e-09
3.8222697656127534e-08,9.437346322945807e-08,3.0544963713344875e-07,2.7916358464815093e-06,0.9999953545655373,4.295756782373573e-07,1.854892473910021e-07,1.1848628927275542e-07,8.82427733263267e-08,7.064575400174042e-08,5.753019073244081e-08,4.848317922111562e-08,4.156040999215305e-08,3.5289171785425386e-08,3.052055049031143e-08,2.7135838135911516e-08,2.457641583652664e-08,2.2439303335920023e-08,2.0681424530462762e-08,1.923883527284389e-08,1.8040578675022705e-08,1.6280968516689438e-08,1.4658737240855858e-08,1.3381437687853984e-08,1.2354949660352736e-08,1.1506748863211684e-08,1.0801593915125945e-08,1.0205932583284045e-08,9.667406158623784e-09,9.178559583933723e-09,8.739469219238344e-09,8.35152671922818e-09,8.0081521838302e-09,7.701467001592618e-09,7.418334057016432e-09,6.817274940181546e-09,6.2641582008875895e-09,5.79349422842099e-09,5.3938292960550015e-09,5.0493343623069455e-09
1.4879429741830122e-08,3.139319651893799e-08,6.689443654256752e-08,1.78523564514689e-07,1.561012294758241e-06,0.9999928747205764,2.874917386365442e-06,7.616541032271457e-07,4.0450173836224736e-07,2.603652429329884e-07,1.722584011820197e-07,1.2591917421294255e-07,9.625405006917168e-08,7.25287255355184e-08,5.7414170150251305e-08,4.8120201582934485e-08,4.1736869578805e-08,3.6728843210019044e-08,3.284405298249866e-08,2.9809731508108506e-08,2.7401978753044778e-08,2.3808505906380383e-08,2.068888634559502e-08,1.8380152019177102e-08,1.661206873730156e-08,1.5205614579370073e-08,1.4072768905587369e-08,1.3140462052121692e-08,1.2313779394130556e-08,1.1576681819587856e-08,1.0925776163541925e-08,1.0359953389820596e-08,9.866272316354123e-09,9.430980050004906e-09,9.033264820367692e-09,8.181712719463338e-09,7.418062874404626e-09,6.783867825653505e-09,6.256358964087079e-09,5.809527097230566e-09
1.228627910233005e-08,2.5217805672202527e-08,5.094347678308864e-08,1.1974741183402464e-07,4.934379549504016e-07,4.160948765879321e-06,0.9999878880547165,4.2141412906617145e-06,1.1643785991863326e-06,5.632731697007973e-07,2.9945509513239777e-07,1.9508450768023674e-07,1.3755031990035675e-07,9.61776847073704e-08,7.256688189219258e-08,5.909420722677765e-08,5.0257186742833314e-08,4.352065210797825e-08,3.842630430014942e-08,3.452925041090578e-08,3.149063347016622e-08,2.6941157810970936e-08,2.3088821346568085e-08,2.0304784001802092e-08,1.8210276663626965e-08,1.656668925864967e-08,1.525737479700685e-08,1.418943163125589e-08,1.3248671138935123e-08,1.2414847468794105e-08,1.168266647351113e-08,1.1049564599091155e-08,1.0499746362296821e-08,1.0016929411156035e-08,9.577272416586814e-09,8.633264175290858e-09,7.793818351746874e-09,7.102077825155907e-09,6.5304370435961405e-09,6.048839177902916e-09
1.0702989773717306e-08,2.1482857795288418e-08,4.176455295430234e-08,8.964022461597849e-08,2.68733414860402e-07,8.981550434853244e-07,6.140540609631092e-06,0.9999814600639096,7.87094975636521e-06,1.4410730287083642e-06,5.137714660930971e-07,2.895059753138307e-07,1.8663517383219142e-07,1.20927329503086e-07,8.728039494772674e-08,6.933227342484474e-08,5.8010375580764387e-08,4.957718236668073e-08,4.332859068042165e-08,3.8626560179040164e-08,3.501119499636451e-08,2.9576534205511876e-08,2.5066145324776087e-08,2.186776922671712e-08,1.9494801244983895e-08,1.7652161570907873e-08,1.6196617877885874e-08,1.5017409729412926e-08,1.3983656691274878e-08,1.3071458943493419e-08,1.2273774554425305e-08,1.1586744421418703e-08,1.099213194050226e-08,1.0471561253249537e-08,9.998696216923496e-09,8.980634355019166e-09,8.081066862128013e-09,7.344110869615029e-09,6.738065930879544e-09,6.2295384935358394e-09
9.719953366692812e-09,1.9190702592996206e-08,3.6319071288555824e-08,7.345915436326134e-08,1.869677216292411e-07,4.6699845641638864e-07,1.4672714161863991e-06,1.0929580408706104e-05,0.9999801356413872,4.411977651956068e-06,7.978793369085192e-07,3.9133145482054753e-07,2.3360758799015994e-07,1.4223674218411574e-07,9.927653175238892e-08,7.747420658495193e-08,6.409175414592638e-08,5.427454712100021e-08,4.709994306930332e-08,4.176038795255534e-08,3.7693755727441945e-08,3.1552509289282885e-08,2.652774060584318e-08,2.301236475518042e-08,2.0429545718559125e-08,1.8438515819291663e-08,1.687488927804292e-08,1.5613974857793857e-08,1.4512158711482057e-08,1.3542769167848299e-08,1.2697429944909221e-08,1.1971299444803023e-08,1.134430537410917e-08,1.07965036426817e-08,1.0299687896615337e-08,9.227586220558316e-09,8.284441161799204e-09,7.514923568085053e-09,6.884234592615907e-09,6.3564990564982145e-09
8.389099998804177e-09,1.6159294484436903e-08,2.9432818868378238e-08,5.5098656387500426e-08,1.1756776952824451e-07,2.3323599710746942e-07,4.955288516415114e-07,1.291285747297806e-06,8.330325873222465e-06,0.9999856790562803,1.7743728604246141e-06,6.563847152096328e-07,3.392551971824559e-07,1.8429845685468807e-07,1.2159735448424258e-07,9.226268086935765e-08,7.49948596869076e-08,6.260407800461347e-08,5.373435482651137e-08,4.72409518011666e-08,4.2369231014003094e-08,3.493398802231006e-08,2.8989300212044017e-08,2.4920381801306446e-08,2.1977076236008376e-08,1.9734060267439902e-08,1.7988530810354947e-08,1.659102248783488e-08,1.537583068170264e-08,1.4311420767478407e-08,1.3387192904925625e-08,1.2596576047590492e-08,1.1916356078994658e-08,1.13238816760946e-08,1.0787698218424689e-08,9.62594945646309e-09,8.611047316091964e-09,7.788278448121223e-09,7.117512224560989e-09,6.558680919118405e-09
6.3866791361658094e-09,1.1820992538661518e-08,2.0331717345769886e-08,3.4469994647173685e-08,6.105671781171528e-08,1.0093995749371972e-07,1.699158257073511e-07,3.101662763591294e-07,7.207119282727044e-07,4.91665746286846e-06,0.999983148414968,7.98456161841646e-06,1.0963060889850166e-06,3.5658074000696284e-07,1.972660428254205e-07,1.3881695750283507e-07,1.0797133966587292e-07,8.696193856110952e-08,7.26505383477703e-08,6.258307597583273e-08,5.5287129695908143e-08,4.384555195526016e-08,3.5224753545495693e-08,2.9630943084877096e-08,2.5730781270110214e-08,2.2836275290539052e-08,2.0629888301272855e-08,1.889168944927814e-08,1.7396344661541853e-08,1.609927706008892e-08,1.498346467183102e-08,1.4037551177227866e-08,1.3230084382537127e-08,1.2531462037457454e-08,1.1902325858132024e-08,1.0525357180850072e-08,9.340952410885752e-09,8.394258851421531e-09,7.631345509812245e-09,7.001707030352078e-09
5.738562906417558e-09,1.0474160805337795e-08,1.766940150185833e-08,2.9095301656756604e-08,4.9069738455662953e-08,7.754599067930525e-08,1.239960826707149e-07,2.1045409325495597e-07,4.151428988545641e-07,1.4121311777102379e-06,1.1120751442707768e-05,0.9999823763502339,2.439574010280405e-06,4.907662569336053e-07,2.460833837770007e-07,1.6720723441791168e-07,1.2755200177860577e-07,1.0105254488310777e-07,8.338190019357681e-08,7.116284551864373e-08,6.24449127564793e-08,4.8549158836115504e-08,3.838734928722451e-08,3.19618622400496e-08,2.755820714739702e-08,2.4329279548443876e-08,2.1890747136869473e-08,1.9983325803989613e-08,1.8349904809322178e-08,1.6938986645135252e-08,1.573006684850899e-08,1.4709230228591645e-08,1.3840756371304939e-08,1.309151361392592e-08,1.2418156498693089e-08,1.093700405746418e-08,9.671804968698345e-09,8.666872137437766e-09,7.861146874498793e-09,7.198909164761206e-09
4.585603944116175e-09,8.15992651408723e-09,1.3291354346665605e-08,2.085967782963042e-08,3.2659898503170926e-08,4.824283673314367e-08,7.15431124210347e-08,1.101450132870348e-07,1.8434247225319468e-07,3.665966625793622e-07,8.893088936444721e-07,5.8820924581609646e-06,0.9999894745776089,1.1256838777666747e-06,4.288814462491531e-07,2.6861098611226225e-07,1.958253497605476e-07,1.4867571690086001e-07,1.1876805616318947e-07,9.890216595382424e-08,8.533099303975766e-08,6.258972222219852e-08,4.7344549411663455e-08,3.836256727559546e-08,3.247771045669452e-08,2.82933285040174e-08,2.520573461946691e-08,2.2832670326637594e-08,2.082279629243467e-08,1.9103904835056976e-08,1.7645277856966714e-08,1.6425160175410956e-08,1.539553482785846e-08,1.4513311347424507e-08,1.3723824584462075e-08,1.1966066625418596e-08,1.0490077376679576e-08,9.335513299236241e-09,8.421133367180065e-09,7.676964872398108e-09
3.0281968542481103e-09,5.215490298278713e-09,8.105346926309628e-09,1.2004478124799874e-08,1.740724151639599e-08,2.4098425266967095e-08,3.3174281977652135e-08,4.6479264932637426e-08,6.806829132240924e-08,1.0729469980902382e-07,1.8098158533263802e-07,3.7994443060899485e-07,1.7517550219327373e-06,0.9999558426721935,3.0102217792574222e-05,5.8733011058040395e-06,2.5148604354999447e-06,1.0367450133029416e-06,5.931950268631933e-07,4.0739998612720175e-07,3.087577558119126e-07,1.4879737447679674e-07,8.983301786696398e-08,6.49895293946288e-08,5.1396323029750344e-08,4.275359427138117e-08,3.6859666889368627e-08,3.2581039249975544e-08,2.9083573176981602e-08,2.6185714412785217e-08,2.3798234841376714e-08,2.1856345683334703e-08,2.0255647713260398e-08,1.8911401092283507e-08,1.7726398269206024e-08,1.5003639068967296e-08,1.282958371658163e-08,1.1201110239078005e-08,9.954359406430788e-09,8.96631003849764e-09
2.9557596657854926e-09,5.083363984607144e-09,7.882400507359566e-09,1.1642611489969177e-08,1.6826664814480136e-08,2.3231501310184983e-08,3.1880099336595845e-08,4.4477635743273267e-08,6.474243125442539e-08,1.0111549579758173e-07,1.683674085057096e-07,3.450263953046753e-07,1.3818296990932788e-06,3.193379125610551e-05,0.9999288449692033,2.756201190818688e-05,5.656647561333473e-06,1.4809492049170106e-06,7.511960546412966e-07,4.911909838313783e-07,3.6136606949778315e-07,1.6144139905217118e-07,9.474366609229227e-08,6.77362554948718e-08,5.322485592851449e-08,4.40932767760696e-08,3.7908726015662424e-08,3.344054831713475e-08,2.9798837647096487e-08,2.678925808829489e-08,2.43155676717973e-08,2.2307999905474654e-08,2.0656179462660626e-08,1.9271113207352604e-08,1.8051618809434924e-08,1.5243199760874275e-08,1.3009568598515385e-08,1.1341976158136736e-08,1.0068488536894972e-08,9.061210898987313e-09
2.8855932566460616e-09,4.9551164111864385e-09,7.665571356810923e-09,1.1289808586908198e-08,1.625921254928727e-08,2.2379944538462925e-08,3.060115799580395e-08,4.2484997774727775e-08,6.13988977486163e-08,9.482430473470196e-08,1.552978779737972e-07,3.0729180124120435e-07,1.030265927441711e-06,5.994689459917753e-06,3.259009968857918e-05,0.999933673743276,2.1163940789850558e-05,2.1056849267981454e-06,9.381934864841703e-07,5.861401510841025e-07,4.190178410947699e-07,1.737319159835383e-07,9.9352004415239e-08,7.029136578476208e-08,5.49234651077529e-08,4.533903890055739e-08,3.888618308328022e-08,3.4243290896307366e-08,3.046822879611018e-08,2.7355067557903122e-08,2.4801364668461585e-08,2.2732811624087015e-08,2.1033484639367216e-08,1.961046110146349e-08,1.835885367553843e-08,1.5469016755728483e-08,1.3178962027101292e-08,1.1474445645554762e-08,1.0175782644004648e-08,9.150429341990486e-09
